id,school_id,term_id,class_subject_id,name,type,max_mark,weight_percent,sort_order,assessed_on,is_locked
295b62d0-144b-543c-b4cb-a157d69afcb5,9341cf1e-f77b-5e4a-abbe-6a72f8c4a2fa,9054edb8-0369-52aa-b114-359dc868bcbb,4cdff911-df4f-5372-8103-5374eb970a39,Test 1,test,30,20,1,2026-02-13,true
3a51d5c5-1b0c-5faf-915c-6dcdfcfa7e97,9341cf1e-f77b-5e4a-abbe-6a72f8c4a2fa,9054edb8-0369-52aa-b114-359dc868bcbb,4cdff911-df4f-5372-8103-5374eb970a39,Test 2,test,50,20,2,2026-03-06,true
d8298013-3c62-575e-9439-d1205cfc8486,9341cf1e-f77b-5e4a-abbe-6a72f8c4a2fa,9054edb8-0369-52aa-b114-359dc868bcbb,4cdff911-df4f-5372-8103-5374eb970a39,End of Term Exam,exam,100,60,3,2026-03-23,true
fbbe343b-f09a-56b0-a841-19be50ab2fd8,9341cf1e-f77b-5e4a-abbe-6a72f8c4a2fa,9054edb8-0369-52aa-b114-359dc868bcbb,a69d1693-6fb5-52f5-be41-ab34fe0da573,Test 1,test,30,20,1,2026-02-13,true
7e566ea9-6a47-5f6d-b089-13a17ac37947,9341cf1e-f77b-5e4a-abbe-6a72f8c4a2fa,9054edb8-0369-52aa-b114-359dc868bcbb,a69d1693-6fb5-52f5-be41-ab34fe0da573,Test 2,test,50,20,2,2026-03-06,true
48047bf6-ece5-583f-a3d1-f1584b93a302,9341cf1e-f77b-5e4a-abbe-6a72f8c4a2fa,9054edb8-0369-52aa-b114-359dc868bcbb,a69d1693-6fb5-52f5-be41-ab34fe0da573,End of Term Exam,exam,100,60,3,2026-03-23,true
c026763c-6aba-599a-998c-9bc24aed6243,9341cf1e-f77b-5e4a-abbe-6a72f8c4a2fa,9054edb8-0369-52aa-b114-359dc868bcbb,052a7e42-8224-5b88-914c-b4a8661da001,Test 1,test,30,20,1,2026-02-13,true
0351afe7-904d-5b91-b7da-7dc782590538,9341cf1e-f77b-5e4a-abbe-6a72f8c4a2fa,9054edb8-0369-52aa-b114-359dc868bcbb,052a7e42-8224-5b88-914c-b4a8661da001,Test 2,test,50,20,2,2026-03-06,true
f182b4f0-def1-5fd1-86ad-afd2edf95c93,9341cf1e-f77b-5e4a-abbe-6a72f8c4a2fa,9054edb8-0369-52aa-b114-359dc868bcbb,052a7e42-8224-5b88-914c-b4a8661da001,End of Term Exam,exam,100,60,3,2026-03-23,true
39feee82-a2ba-5534-a5e8-49ccb3ef9712,9341cf1e-f77b-5e4a-abbe-6a72f8c4a2fa,9054edb8-0369-52aa-b114-359dc868bcbb,7dd70c8d-a6f9-5716-9e10-8bfaae755a23,Test 1,test,30,20,1,2026-02-13,true
dee8a9a9-b2eb-5fd4-81bb-289aca910a20,9341cf1e-f77b-5e4a-abbe-6a72f8c4a2fa,9054edb8-0369-52aa-b114-359dc868bcbb,7dd70c8d-a6f9-5716-9e10-8bfaae755a23,Test 2,test,50,20,2,2026-03-06,true
016321eb-1224-59af-b438-c0b7371bf14c,9341cf1e-f77b-5e4a-abbe-6a72f8c4a2fa,9054edb8-0369-52aa-b114-359dc868bcbb,7dd70c8d-a6f9-5716-9e10-8bfaae755a23,End of Term Exam,exam,100,60,3,2026-03-23,true
59c54e22-2387-5864-b143-c088eb20697c,9341cf1e-f77b-5e4a-abbe-6a72f8c4a2fa,9054edb8-0369-52aa-b114-359dc868bcbb,2e41edba-16e9-5e44-932f-ccededaa4b84,Test 1,test,30,20,1,2026-02-13,true
f5c87d4f-bd57-5c7b-a828-416bd41c64a1,9341cf1e-f77b-5e4a-abbe-6a72f8c4a2fa,9054edb8-0369-52aa-b114-359dc868bcbb,2e41edba-16e9-5e44-932f-ccededaa4b84,Test 2,test,50,20,2,2026-03-06,true
e524ccc0-2590-5992-bc30-3eb4b303145a,9341cf1e-f77b-5e4a-abbe-6a72f8c4a2fa,9054edb8-0369-52aa-b114-359dc868bcbb,2e41edba-16e9-5e44-932f-ccededaa4b84,End of Term Exam,exam,100,60,3,2026-03-23,true
04226b51-bde9-5501-a496-ab708381638c,9341cf1e-f77b-5e4a-abbe-6a72f8c4a2fa,9054edb8-0369-52aa-b114-359dc868bcbb,7ece39d2-5c1e-5514-96b1-31443e80370d,Test 1,test,30,20,1,2026-02-13,true
0108a07f-d6e5-5c52-b504-432bff8b7c17,9341cf1e-f77b-5e4a-abbe-6a72f8c4a2fa,9054edb8-0369-52aa-b114-359dc868bcbb,7ece39d2-5c1e-5514-96b1-31443e80370d,Test 2,test,50,20,2,2026-03-06,true
902ec36b-35b0-5b0d-a7b6-eca574437864,9341cf1e-f77b-5e4a-abbe-6a72f8c4a2fa,9054edb8-0369-52aa-b114-359dc868bcbb,7ece39d2-5c1e-5514-96b1-31443e80370d,End of Term Exam,exam,100,60,3,2026-03-23,true
6ede8b35-9205-5cb4-b818-95c48b220496,9341cf1e-f77b-5e4a-abbe-6a72f8c4a2fa,9054edb8-0369-52aa-b114-359dc868bcbb,83f377e2-8ec8-51dc-b0c7-04f44e29ba61,Test 1,test,30,20,1,2026-02-13,true
8df92841-b064-52f2-bba1-200736d3759f,9341cf1e-f77b-5e4a-abbe-6a72f8c4a2fa,9054edb8-0369-52aa-b114-359dc868bcbb,83f377e2-8ec8-51dc-b0c7-04f44e29ba61,Test 2,test,50,20,2,2026-03-06,true
daffef80-3525-558d-a911-ccc12aceee4c,9341cf1e-f77b-5e4a-abbe-6a72f8c4a2fa,9054edb8-0369-52aa-b114-359dc868bcbb,83f377e2-8ec8-51dc-b0c7-04f44e29ba61,End of Term Exam,exam,100,60,3,2026-03-23,true
0b630204-bf1a-5f3e-8708-72adf28087e9,9341cf1e-f77b-5e4a-abbe-6a72f8c4a2fa,9054edb8-0369-52aa-b114-359dc868bcbb,bc93b159-b124-574a-88bf-ba923848640a,Test 1,test,30,20,1,2026-02-13,true
7cc2ec8a-26cc-54c9-9bba-842f754346fb,9341cf1e-f77b-5e4a-abbe-6a72f8c4a2fa,9054edb8-0369-52aa-b114-359dc868bcbb,bc93b159-b124-574a-88bf-ba923848640a,Test 2,test,50,20,2,2026-03-06,true
93dabbe1-8252-53b3-a931-cd9f606335b2,9341cf1e-f77b-5e4a-abbe-6a72f8c4a2fa,9054edb8-0369-52aa-b114-359dc868bcbb,bc93b159-b124-574a-88bf-ba923848640a,End of Term Exam,exam,100,60,3,2026-03-23,true
79e9f29d-729f-5768-b59a-86726e8ec033,9341cf1e-f77b-5e4a-abbe-6a72f8c4a2fa,9054edb8-0369-52aa-b114-359dc868bcbb,ddf07508-5995-5e14-848f-efd9315c23a8,Test 1,test,30,20,1,2026-02-13,true
048c24e0-3ccc-5828-8001-e5d7773004ef,9341cf1e-f77b-5e4a-abbe-6a72f8c4a2fa,9054edb8-0369-52aa-b114-359dc868bcbb,ddf07508-5995-5e14-848f-efd9315c23a8,Test 2,test,50,20,2,2026-03-06,true
f69163e1-9c6d-5a21-b624-963f0cbb6d6b,9341cf1e-f77b-5e4a-abbe-6a72f8c4a2fa,9054edb8-0369-52aa-b114-359dc868bcbb,ddf07508-5995-5e14-848f-efd9315c23a8,End of Term Exam,exam,100,60,3,2026-03-23,true
337cbf4b-489f-5171-9d69-daddf75e91b6,9341cf1e-f77b-5e4a-abbe-6a72f8c4a2fa,9054edb8-0369-52aa-b114-359dc868bcbb,adf474ab-77bf-5588-84d2-0b3e42316aca,Test 1,test,30,20,1,2026-02-13,true
82bf509a-6d46-5423-933b-a5e1da598e3e,9341cf1e-f77b-5e4a-abbe-6a72f8c4a2fa,9054edb8-0369-52aa-b114-359dc868bcbb,adf474ab-77bf-5588-84d2-0b3e42316aca,Test 2,test,50,20,2,2026-03-06,true
d050d710-def1-55b1-8852-62105d37170e,9341cf1e-f77b-5e4a-abbe-6a72f8c4a2fa,9054edb8-0369-52aa-b114-359dc868bcbb,adf474ab-77bf-5588-84d2-0b3e42316aca,End of Term Exam,exam,100,60,3,2026-03-23,true
2c6fe984-ffca-5d05-a19b-215541616c08,9341cf1e-f77b-5e4a-abbe-6a72f8c4a2fa,9054edb8-0369-52aa-b114-359dc868bcbb,1baa8e7b-5b41-5b69-9a43-a65ffe5c4469,Test 1,test,30,20,1,2026-02-13,true
44552a08-3204-5581-bd31-5f310e877428,9341cf1e-f77b-5e4a-abbe-6a72f8c4a2fa,9054edb8-0369-52aa-b114-359dc868bcbb,1baa8e7b-5b41-5b69-9a43-a65ffe5c4469,Test 2,test,50,20,2,2026-03-06,true
eeb7f905-7011-53c7-a0a3-af2936cb9b5e,9341cf1e-f77b-5e4a-abbe-6a72f8c4a2fa,9054edb8-0369-52aa-b114-359dc868bcbb,1baa8e7b-5b41-5b69-9a43-a65ffe5c4469,End of Term Exam,exam,100,60,3,2026-03-23,true
803bb02d-730d-5b95-bbae-1e331186b1f4,9341cf1e-f77b-5e4a-abbe-6a72f8c4a2fa,9054edb8-0369-52aa-b114-359dc868bcbb,5546b08d-d0d0-57f2-9786-7d7c985e0245,Test 1,test,30,20,1,2026-02-13,true
1fb291dc-18a5-5d99-a38b-5c9c643030f4,9341cf1e-f77b-5e4a-abbe-6a72f8c4a2fa,9054edb8-0369-52aa-b114-359dc868bcbb,5546b08d-d0d0-57f2-9786-7d7c985e0245,Test 2,test,50,20,2,2026-03-06,true
8383e8bd-f9c8-55de-8afa-2c8a75fe98bd,9341cf1e-f77b-5e4a-abbe-6a72f8c4a2fa,9054edb8-0369-52aa-b114-359dc868bcbb,5546b08d-d0d0-57f2-9786-7d7c985e0245,End of Term Exam,exam,100,60,3,2026-03-23,true
23e627c6-d713-54f9-aa03-1bbbcf8583d6,9341cf1e-f77b-5e4a-abbe-6a72f8c4a2fa,9054edb8-0369-52aa-b114-359dc868bcbb,ee5fe543-38fb-51ba-8b68-690f7c0a4954,Test 1,test,30,20,1,2026-02-13,true
50dbcf81-f0e6-5253-bf2f-4100bfb090a7,9341cf1e-f77b-5e4a-abbe-6a72f8c4a2fa,9054edb8-0369-52aa-b114-359dc868bcbb,ee5fe543-38fb-51ba-8b68-690f7c0a4954,Test 2,test,50,20,2,2026-03-06,true
aa78261d-7f5b-58ee-a18d-262f46c36875,9341cf1e-f77b-5e4a-abbe-6a72f8c4a2fa,9054edb8-0369-52aa-b114-359dc868bcbb,ee5fe543-38fb-51ba-8b68-690f7c0a4954,End of Term Exam,exam,100,60,3,2026-03-23,true
5cfcad5e-cc96-59e0-aed0-4a45559f36b4,9341cf1e-f77b-5e4a-abbe-6a72f8c4a2fa,9054edb8-0369-52aa-b114-359dc868bcbb,393ea450-8583-5eb0-a331-eb2703165298,Test 1,test,30,20,1,2026-02-13,true
7b6d57f6-7708-5e99-be6c-1f99ec7fbf3f,9341cf1e-f77b-5e4a-abbe-6a72f8c4a2fa,9054edb8-0369-52aa-b114-359dc868bcbb,393ea450-8583-5eb0-a331-eb2703165298,Test 2,test,50,20,2,2026-03-06,true
9d0fcc17-dea6-5bf7-86a3-733b127284bd,9341cf1e-f77b-5e4a-abbe-6a72f8c4a2fa,9054edb8-0369-52aa-b114-359dc868bcbb,393ea450-8583-5eb0-a331-eb2703165298,End of Term Exam,exam,100,60,3,2026-03-23,true
000a1808-194a-5df0-9275-9ccbbeff68e9,9341cf1e-f77b-5e4a-abbe-6a72f8c4a2fa,9054edb8-0369-52aa-b114-359dc868bcbb,eb8cd119-1ee7-5755-9707-4a269052b613,Test 1,test,30,20,1,2026-02-13,true
16b7a0c1-48ef-571f-ab45-015ad774cf6a,9341cf1e-f77b-5e4a-abbe-6a72f8c4a2fa,9054edb8-0369-52aa-b114-359dc868bcbb,eb8cd119-1ee7-5755-9707-4a269052b613,Test 2,test,50,20,2,2026-03-06,true
7f34826b-8111-5444-8e67-fd4c36656f63,9341cf1e-f77b-5e4a-abbe-6a72f8c4a2fa,9054edb8-0369-52aa-b114-359dc868bcbb,eb8cd119-1ee7-5755-9707-4a269052b613,End of Term Exam,exam,100,60,3,2026-03-23,true
9e7f6d8f-2005-5d7e-8eb1-448d62754c85,9341cf1e-f77b-5e4a-abbe-6a72f8c4a2fa,9054edb8-0369-52aa-b114-359dc868bcbb,ba8c2380-62e8-596a-b791-d4e904870630,Test 1,test,30,20,1,2026-02-13,true
2e500c9e-2624-5cdb-8af5-530ec05a255b,9341cf1e-f77b-5e4a-abbe-6a72f8c4a2fa,9054edb8-0369-52aa-b114-359dc868bcbb,ba8c2380-62e8-596a-b791-d4e904870630,Test 2,test,50,20,2,2026-03-06,true
76cc43a0-e5c5-54bc-b9d1-ff080dcae558,9341cf1e-f77b-5e4a-abbe-6a72f8c4a2fa,9054edb8-0369-52aa-b114-359dc868bcbb,ba8c2380-62e8-596a-b791-d4e904870630,End of Term Exam,exam,100,60,3,2026-03-23,true
77951684-ea33-58cd-94d8-c2cdc17b7cde,9341cf1e-f77b-5e4a-abbe-6a72f8c4a2fa,9054edb8-0369-52aa-b114-359dc868bcbb,bd131888-4476-5f15-abb8-695db9306179,Test 1,test,30,20,1,2026-02-13,true
0038fa91-74d4-55ae-b800-825e9a43f4ff,9341cf1e-f77b-5e4a-abbe-6a72f8c4a2fa,9054edb8-0369-52aa-b114-359dc868bcbb,bd131888-4476-5f15-abb8-695db9306179,Test 2,test,50,20,2,2026-03-06,true
b62a2e16-c2b6-5157-b9bc-0b18fb7a57af,9341cf1e-f77b-5e4a-abbe-6a72f8c4a2fa,9054edb8-0369-52aa-b114-359dc868bcbb,bd131888-4476-5f15-abb8-695db9306179,End of Term Exam,exam,100,60,3,2026-03-23,true
dd06d666-0a1e-56e7-824c-0ff4f2e7431d,9341cf1e-f77b-5e4a-abbe-6a72f8c4a2fa,9054edb8-0369-52aa-b114-359dc868bcbb,c10ec805-1ed0-52a3-bb3e-5fa546228355,Test 1,test,30,20,1,2026-02-13,true
58e0bbaf-aa45-5a0a-9f5d-ce69cf46f448,9341cf1e-f77b-5e4a-abbe-6a72f8c4a2fa,9054edb8-0369-52aa-b114-359dc868bcbb,c10ec805-1ed0-52a3-bb3e-5fa546228355,Test 2,test,50,20,2,2026-03-06,true
9f583bd8-b81c-5160-ab30-26a34e6495ea,9341cf1e-f77b-5e4a-abbe-6a72f8c4a2fa,9054edb8-0369-52aa-b114-359dc868bcbb,c10ec805-1ed0-52a3-bb3e-5fa546228355,End of Term Exam,exam,100,60,3,2026-03-23,true
872e28c5-5344-5f6d-bf4c-c39c8e2e7abc,9341cf1e-f77b-5e4a-abbe-6a72f8c4a2fa,9054edb8-0369-52aa-b114-359dc868bcbb,e91c4eda-0443-5ed4-bff3-2ce94734a9d6,Test 1,test,30,20,1,2026-02-13,true
4c584d44-ea92-5ad6-85f8-0e191484a899,9341cf1e-f77b-5e4a-abbe-6a72f8c4a2fa,9054edb8-0369-52aa-b114-359dc868bcbb,e91c4eda-0443-5ed4-bff3-2ce94734a9d6,Test 2,test,50,20,2,2026-03-06,true
b7a0bf36-c2d6-5ad9-8d75-2a543ecbb42b,9341cf1e-f77b-5e4a-abbe-6a72f8c4a2fa,9054edb8-0369-52aa-b114-359dc868bcbb,e91c4eda-0443-5ed4-bff3-2ce94734a9d6,End of Term Exam,exam,100,60,3,2026-03-23,true
746cf373-7f5f-52b3-9ce9-115b51a35885,9341cf1e-f77b-5e4a-abbe-6a72f8c4a2fa,9054edb8-0369-52aa-b114-359dc868bcbb,7ed4390c-44a7-528d-a267-298172283911,Test 1,test,30,20,1,2026-02-13,true
c939d84d-1ff6-5b3e-9911-6c0c8aacd55d,9341cf1e-f77b-5e4a-abbe-6a72f8c4a2fa,9054edb8-0369-52aa-b114-359dc868bcbb,7ed4390c-44a7-528d-a267-298172283911,Test 2,test,50,20,2,2026-03-06,true
80bdb409-228a-5778-8642-d5961a0d8f7e,9341cf1e-f77b-5e4a-abbe-6a72f8c4a2fa,9054edb8-0369-52aa-b114-359dc868bcbb,7ed4390c-44a7-528d-a267-298172283911,End of Term Exam,exam,100,60,3,2026-03-23,true
2a437e55-864d-56a8-860f-bf0e95030a74,9341cf1e-f77b-5e4a-abbe-6a72f8c4a2fa,9054edb8-0369-52aa-b114-359dc868bcbb,07e9d181-9d35-545a-8df2-2047ca1f90eb,Test 1,test,30,20,1,2026-02-13,true
b4a91952-e189-5293-b9dd-01c8a79eb57a,9341cf1e-f77b-5e4a-abbe-6a72f8c4a2fa,9054edb8-0369-52aa-b114-359dc868bcbb,07e9d181-9d35-545a-8df2-2047ca1f90eb,Test 2,test,50,20,2,2026-03-06,true
5d2be99c-c883-56c3-9547-a482781fd9c4,9341cf1e-f77b-5e4a-abbe-6a72f8c4a2fa,9054edb8-0369-52aa-b114-359dc868bcbb,07e9d181-9d35-545a-8df2-2047ca1f90eb,End of Term Exam,exam,100,60,3,2026-03-23,true
6e7237e0-d03e-5217-aff1-454cc92adc64,9341cf1e-f77b-5e4a-abbe-6a72f8c4a2fa,9054edb8-0369-52aa-b114-359dc868bcbb,76355eb7-c163-5d63-8142-64d301d235ca,Test 1,test,30,20,1,2026-02-13,true
38820c67-bee2-5cd3-8a84-cc845b780100,9341cf1e-f77b-5e4a-abbe-6a72f8c4a2fa,9054edb8-0369-52aa-b114-359dc868bcbb,76355eb7-c163-5d63-8142-64d301d235ca,Test 2,test,50,20,2,2026-03-06,true
cae6e586-f25f-54e4-b8ec-6a8c7bdf038c,9341cf1e-f77b-5e4a-abbe-6a72f8c4a2fa,9054edb8-0369-52aa-b114-359dc868bcbb,76355eb7-c163-5d63-8142-64d301d235ca,End of Term Exam,exam,100,60,3,2026-03-23,true
40a9595e-b9d6-527e-a67c-5d4cb141a764,9341cf1e-f77b-5e4a-abbe-6a72f8c4a2fa,9054edb8-0369-52aa-b114-359dc868bcbb,5a6a062f-885e-59f0-a395-17203ad424a3,Test 1,test,30,20,1,2026-02-13,true
cbbb0eac-a4c0-5503-9b7e-024eeb04e6bd,9341cf1e-f77b-5e4a-abbe-6a72f8c4a2fa,9054edb8-0369-52aa-b114-359dc868bcbb,5a6a062f-885e-59f0-a395-17203ad424a3,Test 2,test,50,20,2,2026-03-06,true
630962f0-c559-5092-a1e2-c215a4ec70c3,9341cf1e-f77b-5e4a-abbe-6a72f8c4a2fa,9054edb8-0369-52aa-b114-359dc868bcbb,5a6a062f-885e-59f0-a395-17203ad424a3,End of Term Exam,exam,100,60,3,2026-03-23,true
66eb0ba9-623a-58ad-b317-2042305ec056,9341cf1e-f77b-5e4a-abbe-6a72f8c4a2fa,9054edb8-0369-52aa-b114-359dc868bcbb,15fddcb2-1336-5b50-8608-c3a03af24328,Test 1,test,30,20,1,2026-02-13,true
b0c7a951-563b-54c8-a0b1-663ce37feaa6,9341cf1e-f77b-5e4a-abbe-6a72f8c4a2fa,9054edb8-0369-52aa-b114-359dc868bcbb,15fddcb2-1336-5b50-8608-c3a03af24328,Test 2,test,50,20,2,2026-03-06,true
6ca13320-9442-5417-991b-d6880ac2fdbe,9341cf1e-f77b-5e4a-abbe-6a72f8c4a2fa,9054edb8-0369-52aa-b114-359dc868bcbb,15fddcb2-1336-5b50-8608-c3a03af24328,End of Term Exam,exam,100,60,3,2026-03-23,true
76148f54-645e-5a34-ab86-323c82c06572,9341cf1e-f77b-5e4a-abbe-6a72f8c4a2fa,9054edb8-0369-52aa-b114-359dc868bcbb,7eb183fc-f414-5f18-8326-f26e589aeb14,Test 1,test,30,20,1,2026-02-13,true
01c914f5-ddce-5e5f-a4a4-224e8e8b24a1,9341cf1e-f77b-5e4a-abbe-6a72f8c4a2fa,9054edb8-0369-52aa-b114-359dc868bcbb,7eb183fc-f414-5f18-8326-f26e589aeb14,Test 2,test,50,20,2,2026-03-06,true
1b72dcb5-aca7-550d-9fda-90be73b7fc4c,9341cf1e-f77b-5e4a-abbe-6a72f8c4a2fa,9054edb8-0369-52aa-b114-359dc868bcbb,7eb183fc-f414-5f18-8326-f26e589aeb14,End of Term Exam,exam,100,60,3,2026-03-23,true
d69c38c7-786f-52f7-861e-95acd3451585,9341cf1e-f77b-5e4a-abbe-6a72f8c4a2fa,9054edb8-0369-52aa-b114-359dc868bcbb,25610d87-3b94-58bd-9721-8bd3dc495675,Test 1,test,30,20,1,2026-02-13,true
5e89b55e-f054-50e2-9569-72b9d317f26d,9341cf1e-f77b-5e4a-abbe-6a72f8c4a2fa,9054edb8-0369-52aa-b114-359dc868bcbb,25610d87-3b94-58bd-9721-8bd3dc495675,Test 2,test,50,20,2,2026-03-06,true
c95187dd-5a25-5cdc-9909-78cae86a322a,9341cf1e-f77b-5e4a-abbe-6a72f8c4a2fa,9054edb8-0369-52aa-b114-359dc868bcbb,25610d87-3b94-58bd-9721-8bd3dc495675,End of Term Exam,exam,100,60,3,2026-03-23,true
78e22177-7dc2-5b70-8db5-37a1b214c76c,9341cf1e-f77b-5e4a-abbe-6a72f8c4a2fa,9054edb8-0369-52aa-b114-359dc868bcbb,756489f8-da49-5f2f-9c93-b81cb04a897f,Test 1,test,30,20,1,2026-02-13,true
e34a34af-0bd6-5072-97f3-329e75b6dd7c,9341cf1e-f77b-5e4a-abbe-6a72f8c4a2fa,9054edb8-0369-52aa-b114-359dc868bcbb,756489f8-da49-5f2f-9c93-b81cb04a897f,Test 2,test,50,20,2,2026-03-06,true
06bc5aac-24f8-5739-8085-6177573d4744,9341cf1e-f77b-5e4a-abbe-6a72f8c4a2fa,9054edb8-0369-52aa-b114-359dc868bcbb,756489f8-da49-5f2f-9c93-b81cb04a897f,End of Term Exam,exam,100,60,3,2026-03-23,true
49b67716-c470-57dd-8472-1f01c39af1fb,9341cf1e-f77b-5e4a-abbe-6a72f8c4a2fa,9054edb8-0369-52aa-b114-359dc868bcbb,59dcbdee-5272-5d6e-8be4-4d8a295049b1,Test 1,test,30,20,1,2026-02-13,true
4b9c4826-efd4-553d-8248-6c1a6dc6607b,9341cf1e-f77b-5e4a-abbe-6a72f8c4a2fa,9054edb8-0369-52aa-b114-359dc868bcbb,59dcbdee-5272-5d6e-8be4-4d8a295049b1,Test 2,test,50,20,2,2026-03-06,true
2836b879-0af3-57bd-9f7c-ac31dfe9c5f8,9341cf1e-f77b-5e4a-abbe-6a72f8c4a2fa,9054edb8-0369-52aa-b114-359dc868bcbb,59dcbdee-5272-5d6e-8be4-4d8a295049b1,End of Term Exam,exam,100,60,3,2026-03-23,true
aac210e8-980c-52de-8d7b-2238a83843db,9341cf1e-f77b-5e4a-abbe-6a72f8c4a2fa,9054edb8-0369-52aa-b114-359dc868bcbb,18efdf1e-3eaf-557e-acff-ae769ddbdaf9,Test 1,test,30,20,1,2026-02-13,true
89ebba89-db73-5bbe-8a84-ce499fc45a91,9341cf1e-f77b-5e4a-abbe-6a72f8c4a2fa,9054edb8-0369-52aa-b114-359dc868bcbb,18efdf1e-3eaf-557e-acff-ae769ddbdaf9,Test 2,test,50,20,2,2026-03-06,true
d929915c-a857-5e99-908a-286ad120a0fe,9341cf1e-f77b-5e4a-abbe-6a72f8c4a2fa,9054edb8-0369-52aa-b114-359dc868bcbb,18efdf1e-3eaf-557e-acff-ae769ddbdaf9,End of Term Exam,exam,100,60,3,2026-03-23,true
a0a3a903-49b7-5625-9571-d1a5b8f527af,9341cf1e-f77b-5e4a-abbe-6a72f8c4a2fa,9054edb8-0369-52aa-b114-359dc868bcbb,c2378224-19b1-580e-8f55-88d8eefe3377,Test 1,test,30,20,1,2026-02-13,true
7f101d3d-77e8-557a-acbb-0ba253797d49,9341cf1e-f77b-5e4a-abbe-6a72f8c4a2fa,9054edb8-0369-52aa-b114-359dc868bcbb,c2378224-19b1-580e-8f55-88d8eefe3377,Test 2,test,50,20,2,2026-03-06,true
afc126e0-5b23-5fc9-b186-ed56a69a62d6,9341cf1e-f77b-5e4a-abbe-6a72f8c4a2fa,9054edb8-0369-52aa-b114-359dc868bcbb,c2378224-19b1-580e-8f55-88d8eefe3377,End of Term Exam,exam,100,60,3,2026-03-23,true
d19a1c5a-1691-5592-be6d-e3e666f1e224,9341cf1e-f77b-5e4a-abbe-6a72f8c4a2fa,d0ba1a71-d1a1-50d5-8e73-ec08991f1546,07e9d181-9d35-545a-8df2-2047ca1f90eb,Vacation School Mark,vacation,100,100,1,2026-04-24,true
d16acab0-e668-53ed-836b-af285148141c,9341cf1e-f77b-5e4a-abbe-6a72f8c4a2fa,d0ba1a71-d1a1-50d5-8e73-ec08991f1546,76355eb7-c163-5d63-8142-64d301d235ca,Vacation School Mark,vacation,100,100,1,2026-04-24,true
46fc7af8-fc27-50fa-8bca-1f36e7c4feed,9341cf1e-f77b-5e4a-abbe-6a72f8c4a2fa,d0ba1a71-d1a1-50d5-8e73-ec08991f1546,5a6a062f-885e-59f0-a395-17203ad424a3,Vacation School Mark,vacation,100,100,1,2026-04-24,true
9af6f813-b25f-5d54-b786-a239de766732,9341cf1e-f77b-5e4a-abbe-6a72f8c4a2fa,d0ba1a71-d1a1-50d5-8e73-ec08991f1546,15fddcb2-1336-5b50-8608-c3a03af24328,Vacation School Mark,vacation,100,100,1,2026-04-24,true
014be054-e1ad-5a3b-a302-ddbc3e7641db,f2856ae5-c561-5f69-8db8-0495481bb2b0,15c9e979-0994-5a30-a16c-9632f1665825,7a136281-e1ee-5169-82fe-e6acde848da6,Test 1,test,30,20,1,2026-02-13,true
6a9f09b7-c1a5-5ab6-8212-0eecd4d89a88,f2856ae5-c561-5f69-8db8-0495481bb2b0,15c9e979-0994-5a30-a16c-9632f1665825,7a136281-e1ee-5169-82fe-e6acde848da6,Test 2,test,50,20,2,2026-03-06,true
35edb502-b186-5aea-b35c-e43dcd809f90,f2856ae5-c561-5f69-8db8-0495481bb2b0,15c9e979-0994-5a30-a16c-9632f1665825,7a136281-e1ee-5169-82fe-e6acde848da6,End of Term Exam,exam,100,60,3,2026-03-23,true
7278c3a1-2fa2-5fd0-82e9-f1189d494b2e,f2856ae5-c561-5f69-8db8-0495481bb2b0,15c9e979-0994-5a30-a16c-9632f1665825,75036bc5-a828-580e-b2f7-7691bc06b540,Test 1,test,30,20,1,2026-02-13,true
3d01b223-dec9-59ed-87d5-38df8a040f6e,f2856ae5-c561-5f69-8db8-0495481bb2b0,15c9e979-0994-5a30-a16c-9632f1665825,75036bc5-a828-580e-b2f7-7691bc06b540,Test 2,test,50,20,2,2026-03-06,true
e3616fe2-682b-50bf-af30-5d111f577f6b,f2856ae5-c561-5f69-8db8-0495481bb2b0,15c9e979-0994-5a30-a16c-9632f1665825,75036bc5-a828-580e-b2f7-7691bc06b540,End of Term Exam,exam,100,60,3,2026-03-23,true
c492d88b-3904-50d9-b930-3a0a0e8604e5,f2856ae5-c561-5f69-8db8-0495481bb2b0,15c9e979-0994-5a30-a16c-9632f1665825,c24f0173-5a2c-56ea-a5f9-b8b3177a21e6,Test 1,test,30,20,1,2026-02-13,true
b1b3981d-501d-56c6-8109-f7644b2c1d39,f2856ae5-c561-5f69-8db8-0495481bb2b0,15c9e979-0994-5a30-a16c-9632f1665825,c24f0173-5a2c-56ea-a5f9-b8b3177a21e6,Test 2,test,50,20,2,2026-03-06,true
8f9dc4e5-7e1b-569c-b17e-24e324bf6a4c,f2856ae5-c561-5f69-8db8-0495481bb2b0,15c9e979-0994-5a30-a16c-9632f1665825,c24f0173-5a2c-56ea-a5f9-b8b3177a21e6,End of Term Exam,exam,100,60,3,2026-03-23,true
b9a1cc9c-6c89-5e9b-b25f-d5792ba90289,f2856ae5-c561-5f69-8db8-0495481bb2b0,15c9e979-0994-5a30-a16c-9632f1665825,ab6464fa-239b-5c73-af30-936494dc0f74,Test 1,test,30,20,1,2026-02-13,true
315486f9-856b-56d0-8768-dd9b6fb9c094,f2856ae5-c561-5f69-8db8-0495481bb2b0,15c9e979-0994-5a30-a16c-9632f1665825,ab6464fa-239b-5c73-af30-936494dc0f74,Test 2,test,50,20,2,2026-03-06,true
91c66f7d-c61a-5bbd-9f91-c5355ae8c269,f2856ae5-c561-5f69-8db8-0495481bb2b0,15c9e979-0994-5a30-a16c-9632f1665825,ab6464fa-239b-5c73-af30-936494dc0f74,End of Term Exam,exam,100,60,3,2026-03-23,true
8bcc2801-5ba9-50f5-8e2f-d667322d141c,f2856ae5-c561-5f69-8db8-0495481bb2b0,15c9e979-0994-5a30-a16c-9632f1665825,6eb66697-1bc1-568b-b98c-116eac072caf,Test 1,test,30,20,1,2026-02-13,true
31c1b769-e855-5b85-be56-77906b2c84f9,f2856ae5-c561-5f69-8db8-0495481bb2b0,15c9e979-0994-5a30-a16c-9632f1665825,6eb66697-1bc1-568b-b98c-116eac072caf,Test 2,test,50,20,2,2026-03-06,true
5877e226-d4dd-5544-acde-fc87ab737021,f2856ae5-c561-5f69-8db8-0495481bb2b0,15c9e979-0994-5a30-a16c-9632f1665825,6eb66697-1bc1-568b-b98c-116eac072caf,End of Term Exam,exam,100,60,3,2026-03-23,true
5cd47ad8-2aa5-55f2-88c0-f03d78e75b1f,f2856ae5-c561-5f69-8db8-0495481bb2b0,15c9e979-0994-5a30-a16c-9632f1665825,5678205e-191c-5829-80a7-8f43d185fbe2,Test 1,test,30,20,1,2026-02-13,true
df95865e-cb15-5533-8142-18974189268d,f2856ae5-c561-5f69-8db8-0495481bb2b0,15c9e979-0994-5a30-a16c-9632f1665825,5678205e-191c-5829-80a7-8f43d185fbe2,Test 2,test,50,20,2,2026-03-06,true
4e87f718-cced-5ef4-9110-a5def96302d4,f2856ae5-c561-5f69-8db8-0495481bb2b0,15c9e979-0994-5a30-a16c-9632f1665825,5678205e-191c-5829-80a7-8f43d185fbe2,End of Term Exam,exam,100,60,3,2026-03-23,true
d4c573c9-9516-5007-8a81-0096da58e8d7,f2856ae5-c561-5f69-8db8-0495481bb2b0,15c9e979-0994-5a30-a16c-9632f1665825,a6ddaec7-e728-582d-8971-d9b76e83e286,Test 1,test,30,20,1,2026-02-13,true
3c0fbac4-1d38-5ca3-b07f-0eb5e7e7b624,f2856ae5-c561-5f69-8db8-0495481bb2b0,15c9e979-0994-5a30-a16c-9632f1665825,a6ddaec7-e728-582d-8971-d9b76e83e286,Test 2,test,50,20,2,2026-03-06,true
26f8358c-095f-5100-8743-d9100e6c56cd,f2856ae5-c561-5f69-8db8-0495481bb2b0,15c9e979-0994-5a30-a16c-9632f1665825,a6ddaec7-e728-582d-8971-d9b76e83e286,End of Term Exam,exam,100,60,3,2026-03-23,true
57117c31-0f8d-5b15-9b53-21904541548f,f2856ae5-c561-5f69-8db8-0495481bb2b0,15c9e979-0994-5a30-a16c-9632f1665825,fec656f4-befe-5fae-8a08-46237f6bf647,Test 1,test,30,20,1,2026-02-13,true
6c47887d-2b49-59e3-9476-b298e732f480,f2856ae5-c561-5f69-8db8-0495481bb2b0,15c9e979-0994-5a30-a16c-9632f1665825,fec656f4-befe-5fae-8a08-46237f6bf647,Test 2,test,50,20,2,2026-03-06,true
40c7a83c-13f0-5cf4-bc1d-42837ca753e4,f2856ae5-c561-5f69-8db8-0495481bb2b0,15c9e979-0994-5a30-a16c-9632f1665825,fec656f4-befe-5fae-8a08-46237f6bf647,End of Term Exam,exam,100,60,3,2026-03-23,true
f3a4fd64-e945-5bdc-9c80-cfbc113fb307,f2856ae5-c561-5f69-8db8-0495481bb2b0,15c9e979-0994-5a30-a16c-9632f1665825,fa39a5ce-8d74-50ab-b051-c55c54293f53,Test 1,test,30,20,1,2026-02-13,true
a00a99f3-c137-5a92-bc77-c21c8db1b68a,f2856ae5-c561-5f69-8db8-0495481bb2b0,15c9e979-0994-5a30-a16c-9632f1665825,fa39a5ce-8d74-50ab-b051-c55c54293f53,Test 2,test,50,20,2,2026-03-06,true
6f62be6a-c4c7-5e4d-9551-bd522fd4cd0b,f2856ae5-c561-5f69-8db8-0495481bb2b0,15c9e979-0994-5a30-a16c-9632f1665825,fa39a5ce-8d74-50ab-b051-c55c54293f53,End of Term Exam,exam,100,60,3,2026-03-23,true
d53f2d1b-3586-5c10-bf18-501fa07fd78a,f2856ae5-c561-5f69-8db8-0495481bb2b0,15c9e979-0994-5a30-a16c-9632f1665825,8787fb2c-3aab-595f-bae2-94c171200a2a,Test 1,test,30,20,1,2026-02-13,true
07c94231-74f3-547c-b434-fbb7ef9a9dfc,f2856ae5-c561-5f69-8db8-0495481bb2b0,15c9e979-0994-5a30-a16c-9632f1665825,8787fb2c-3aab-595f-bae2-94c171200a2a,Test 2,test,50,20,2,2026-03-06,true
84df9417-5e8f-5a20-a2f7-447b492b7eb8,f2856ae5-c561-5f69-8db8-0495481bb2b0,15c9e979-0994-5a30-a16c-9632f1665825,8787fb2c-3aab-595f-bae2-94c171200a2a,End of Term Exam,exam,100,60,3,2026-03-23,true
d1f7faf9-58cb-5c10-8cf5-50ea9f5e13ec,f2856ae5-c561-5f69-8db8-0495481bb2b0,15c9e979-0994-5a30-a16c-9632f1665825,90a139c0-d617-5f8d-85fb-3200edf40e5b,Test 1,test,30,20,1,2026-02-13,true
e1ee48ce-f660-5b8d-bc29-c6cc1e12ce4a,f2856ae5-c561-5f69-8db8-0495481bb2b0,15c9e979-0994-5a30-a16c-9632f1665825,90a139c0-d617-5f8d-85fb-3200edf40e5b,Test 2,test,50,20,2,2026-03-06,true
090e84ad-74f5-5ce5-9a18-b539a686f048,f2856ae5-c561-5f69-8db8-0495481bb2b0,15c9e979-0994-5a30-a16c-9632f1665825,90a139c0-d617-5f8d-85fb-3200edf40e5b,End of Term Exam,exam,100,60,3,2026-03-23,true
ef0bd7b2-fc16-5b83-9e1f-4f4cccab4b4b,f2856ae5-c561-5f69-8db8-0495481bb2b0,15c9e979-0994-5a30-a16c-9632f1665825,a262b708-3da5-51e0-bbdb-8c22497ad608,Test 1,test,30,20,1,2026-02-13,true
ec838c04-6471-5751-8d4e-78fcff79701b,f2856ae5-c561-5f69-8db8-0495481bb2b0,15c9e979-0994-5a30-a16c-9632f1665825,a262b708-3da5-51e0-bbdb-8c22497ad608,Test 2,test,50,20,2,2026-03-06,true
8bc1a04c-5e40-514a-9658-91e849689028,f2856ae5-c561-5f69-8db8-0495481bb2b0,15c9e979-0994-5a30-a16c-9632f1665825,a262b708-3da5-51e0-bbdb-8c22497ad608,End of Term Exam,exam,100,60,3,2026-03-23,true
ff25a5dc-f304-54a0-9d74-7b8a7d3d8d4d,f2856ae5-c561-5f69-8db8-0495481bb2b0,15c9e979-0994-5a30-a16c-9632f1665825,566601fc-351e-5eae-aa2b-f7d3f8d1873e,Test 1,test,30,20,1,2026-02-13,true
142901a9-9023-50ae-8d51-45a8492ce73d,f2856ae5-c561-5f69-8db8-0495481bb2b0,15c9e979-0994-5a30-a16c-9632f1665825,566601fc-351e-5eae-aa2b-f7d3f8d1873e,Test 2,test,50,20,2,2026-03-06,true
38052435-c3c4-5754-b732-411d165b43b2,f2856ae5-c561-5f69-8db8-0495481bb2b0,15c9e979-0994-5a30-a16c-9632f1665825,566601fc-351e-5eae-aa2b-f7d3f8d1873e,End of Term Exam,exam,100,60,3,2026-03-23,true
793febd0-58d1-5720-974c-7fac9831b490,f2856ae5-c561-5f69-8db8-0495481bb2b0,15c9e979-0994-5a30-a16c-9632f1665825,f39a477a-be4c-50f4-b259-cdf650a2af6d,Test 1,test,30,20,1,2026-02-13,true
c4311ea9-1b64-58b6-a429-68753e6f1674,f2856ae5-c561-5f69-8db8-0495481bb2b0,15c9e979-0994-5a30-a16c-9632f1665825,f39a477a-be4c-50f4-b259-cdf650a2af6d,Test 2,test,50,20,2,2026-03-06,true
fb828b3c-f92e-5af6-9e12-01c0216522db,f2856ae5-c561-5f69-8db8-0495481bb2b0,15c9e979-0994-5a30-a16c-9632f1665825,f39a477a-be4c-50f4-b259-cdf650a2af6d,End of Term Exam,exam,100,60,3,2026-03-23,true
5d54a41a-20ce-5ae1-b323-ba0b02304487,f2856ae5-c561-5f69-8db8-0495481bb2b0,15c9e979-0994-5a30-a16c-9632f1665825,558e743d-5448-5d14-80fd-478ff53a3176,Test 1,test,30,20,1,2026-02-13,true
1062f271-2f67-584d-b911-e09dc2e8e83d,f2856ae5-c561-5f69-8db8-0495481bb2b0,15c9e979-0994-5a30-a16c-9632f1665825,558e743d-5448-5d14-80fd-478ff53a3176,Test 2,test,50,20,2,2026-03-06,true
301d296a-e6a0-56a0-9cf2-5ba2a85bfc78,f2856ae5-c561-5f69-8db8-0495481bb2b0,15c9e979-0994-5a30-a16c-9632f1665825,558e743d-5448-5d14-80fd-478ff53a3176,End of Term Exam,exam,100,60,3,2026-03-23,true
635d0176-d1ac-5cf3-bc42-8fdbd9561903,f2856ae5-c561-5f69-8db8-0495481bb2b0,15c9e979-0994-5a30-a16c-9632f1665825,5795804f-1e50-5da4-bb51-1dcddfa1b3a3,Test 1,test,30,20,1,2026-02-13,true
ca866ba4-0791-5dde-9473-415ea647e370,f2856ae5-c561-5f69-8db8-0495481bb2b0,15c9e979-0994-5a30-a16c-9632f1665825,5795804f-1e50-5da4-bb51-1dcddfa1b3a3,Test 2,test,50,20,2,2026-03-06,true
677c9e10-2574-5731-b07b-2edaba36a83e,f2856ae5-c561-5f69-8db8-0495481bb2b0,15c9e979-0994-5a30-a16c-9632f1665825,5795804f-1e50-5da4-bb51-1dcddfa1b3a3,End of Term Exam,exam,100,60,3,2026-03-23,true
89a1c969-4141-555d-8ac4-33a2b29e6ded,f2856ae5-c561-5f69-8db8-0495481bb2b0,15c9e979-0994-5a30-a16c-9632f1665825,99038a6a-9e85-5c68-829f-98814dad8b77,Test 1,test,30,20,1,2026-02-13,true
9a8f1f0e-a2f4-5476-b159-3839d4dab4ca,f2856ae5-c561-5f69-8db8-0495481bb2b0,15c9e979-0994-5a30-a16c-9632f1665825,99038a6a-9e85-5c68-829f-98814dad8b77,Test 2,test,50,20,2,2026-03-06,true
db88ff88-2899-5869-9996-b260c2eafbf3,f2856ae5-c561-5f69-8db8-0495481bb2b0,15c9e979-0994-5a30-a16c-9632f1665825,99038a6a-9e85-5c68-829f-98814dad8b77,End of Term Exam,exam,100,60,3,2026-03-23,true
5ed88aa0-2740-5dd2-abe5-63fa0624db08,f2856ae5-c561-5f69-8db8-0495481bb2b0,15c9e979-0994-5a30-a16c-9632f1665825,101b0203-b079-5ee3-95e7-25da006a3491,Test 1,test,30,20,1,2026-02-13,true
7b373708-6301-56ba-b90d-75d0a4ec8dff,f2856ae5-c561-5f69-8db8-0495481bb2b0,15c9e979-0994-5a30-a16c-9632f1665825,101b0203-b079-5ee3-95e7-25da006a3491,Test 2,test,50,20,2,2026-03-06,true
84f428c2-aac4-5e92-9904-f40aea529ae2,f2856ae5-c561-5f69-8db8-0495481bb2b0,15c9e979-0994-5a30-a16c-9632f1665825,101b0203-b079-5ee3-95e7-25da006a3491,End of Term Exam,exam,100,60,3,2026-03-23,true
c87de391-3613-51d5-9ccc-882a08e7fca5,f2856ae5-c561-5f69-8db8-0495481bb2b0,15c9e979-0994-5a30-a16c-9632f1665825,1d420eab-2eec-5e74-91cb-ad930f72a00f,Test 1,test,30,20,1,2026-02-13,true
9cff46db-c9cb-5d32-8536-f5b4bcdeb0f4,f2856ae5-c561-5f69-8db8-0495481bb2b0,15c9e979-0994-5a30-a16c-9632f1665825,1d420eab-2eec-5e74-91cb-ad930f72a00f,Test 2,test,50,20,2,2026-03-06,true
4e7f39c6-25e1-5ccb-a238-610190e373d4,f2856ae5-c561-5f69-8db8-0495481bb2b0,15c9e979-0994-5a30-a16c-9632f1665825,1d420eab-2eec-5e74-91cb-ad930f72a00f,End of Term Exam,exam,100,60,3,2026-03-23,true
9c13f1a1-7d5a-59a5-9584-fde45b06b1d3,f2856ae5-c561-5f69-8db8-0495481bb2b0,15c9e979-0994-5a30-a16c-9632f1665825,c386056b-325c-5d42-8020-fefeb12d171f,Test 1,test,30,20,1,2026-02-13,true
a5984216-76d6-57dc-bd1d-cc3ed1299490,f2856ae5-c561-5f69-8db8-0495481bb2b0,15c9e979-0994-5a30-a16c-9632f1665825,c386056b-325c-5d42-8020-fefeb12d171f,Test 2,test,50,20,2,2026-03-06,true
cf80dbb6-49dd-501d-a37c-1fd07820a225,f2856ae5-c561-5f69-8db8-0495481bb2b0,15c9e979-0994-5a30-a16c-9632f1665825,c386056b-325c-5d42-8020-fefeb12d171f,End of Term Exam,exam,100,60,3,2026-03-23,true
7f33de9b-2d3b-51dc-be54-092fd1da81a8,f2856ae5-c561-5f69-8db8-0495481bb2b0,15c9e979-0994-5a30-a16c-9632f1665825,2921ed77-fb18-5175-acb6-fa1ed8c43fd3,Test 1,test,30,20,1,2026-02-13,true
3dcc4ee5-7fed-5938-bc9b-cd0a35f43e52,f2856ae5-c561-5f69-8db8-0495481bb2b0,15c9e979-0994-5a30-a16c-9632f1665825,2921ed77-fb18-5175-acb6-fa1ed8c43fd3,Test 2,test,50,20,2,2026-03-06,true
8bd57b91-f6f6-5765-acac-b8047826ec4b,f2856ae5-c561-5f69-8db8-0495481bb2b0,15c9e979-0994-5a30-a16c-9632f1665825,2921ed77-fb18-5175-acb6-fa1ed8c43fd3,End of Term Exam,exam,100,60,3,2026-03-23,true
5ae31b32-4b45-596c-9167-56cab366346c,f2856ae5-c561-5f69-8db8-0495481bb2b0,15c9e979-0994-5a30-a16c-9632f1665825,b2c36b14-f823-5052-8a49-d8c5f0af5b35,Test 1,test,30,20,1,2026-02-13,true
ec344613-1fca-5cc4-8cac-4818a0ecf8d3,f2856ae5-c561-5f69-8db8-0495481bb2b0,15c9e979-0994-5a30-a16c-9632f1665825,b2c36b14-f823-5052-8a49-d8c5f0af5b35,Test 2,test,50,20,2,2026-03-06,true
48f3f6dd-fdd8-528a-b9ba-b12bd78071a1,f2856ae5-c561-5f69-8db8-0495481bb2b0,15c9e979-0994-5a30-a16c-9632f1665825,b2c36b14-f823-5052-8a49-d8c5f0af5b35,End of Term Exam,exam,100,60,3,2026-03-23,true
2e7fed22-819b-5faf-b500-e1130785f0f9,f2856ae5-c561-5f69-8db8-0495481bb2b0,15c9e979-0994-5a30-a16c-9632f1665825,9699d79f-db80-5ee0-ad13-858a163057f1,Test 1,test,30,20,1,2026-02-13,true
ef448b82-b761-5e44-b437-2be46fe60c3c,f2856ae5-c561-5f69-8db8-0495481bb2b0,15c9e979-0994-5a30-a16c-9632f1665825,9699d79f-db80-5ee0-ad13-858a163057f1,Test 2,test,50,20,2,2026-03-06,true
c70e591a-9806-59ff-bbd2-77c6d961dafc,f2856ae5-c561-5f69-8db8-0495481bb2b0,15c9e979-0994-5a30-a16c-9632f1665825,9699d79f-db80-5ee0-ad13-858a163057f1,End of Term Exam,exam,100,60,3,2026-03-23,true
c7ace640-ab29-5d6e-ae0b-ef405aa8990f,f2856ae5-c561-5f69-8db8-0495481bb2b0,15c9e979-0994-5a30-a16c-9632f1665825,86ec4194-a816-5cb4-9869-a10b54d1c75d,Test 1,test,30,20,1,2026-02-13,true
3bc33292-b85c-5c25-9104-758e1a7ece4b,f2856ae5-c561-5f69-8db8-0495481bb2b0,15c9e979-0994-5a30-a16c-9632f1665825,86ec4194-a816-5cb4-9869-a10b54d1c75d,Test 2,test,50,20,2,2026-03-06,true
6afa375a-e53d-589c-93d2-1abeb3dbbcbf,f2856ae5-c561-5f69-8db8-0495481bb2b0,15c9e979-0994-5a30-a16c-9632f1665825,86ec4194-a816-5cb4-9869-a10b54d1c75d,End of Term Exam,exam,100,60,3,2026-03-23,true
