id,school_id,term_id,enrolment_id,author_id,comment,status
e8b5992a-1d39-5d42-a3e0-3153856df5b3,9341cf1e-f77b-5e4a-abbe-6a72f8c4a2fa,9054edb8-0369-52aa-b114-359dc868bcbb,c1ab2734-46af-55dc-8766-b22b50c5d3cd,d0f5a97f-ad85-5433-8e7a-67a79da066d3,A disappointing term. Please seek extra help.,submitted
f4544e61-1c6b-5d70-877c-ff72253af5c2,9341cf1e-f77b-5e4a-abbe-6a72f8c4a2fa,9054edb8-0369-52aa-b114-359dc868bcbb,582ca7f0-d4be-5e7a-b090-a0208bf45af6,d0f5a97f-ad85-5433-8e7a-67a79da066d3,Satisfactory. Revise consistently.,submitted
ea712cce-8a78-517b-8109-f73573171d93,9341cf1e-f77b-5e4a-abbe-6a72f8c4a2fa,9054edb8-0369-52aa-b114-359dc868bcbb,da76072c-a7aa-575b-b294-71d0628975d0,d0f5a97f-ad85-5433-8e7a-67a79da066d3,Excellent results and a positive attitude.,submitted
1e593c04-2b75-5950-99f1-0ea636ab7f68,9341cf1e-f77b-5e4a-abbe-6a72f8c4a2fa,9054edb8-0369-52aa-b114-359dc868bcbb,34ae0f30-6ce2-5e7e-a46c-1604f44e3985,d0f5a97f-ad85-5433-8e7a-67a79da066d3,A pleasing term. Keep working steadily.,submitted
e96c8b2a-8f97-50e5-9274-5677fe7343fe,9341cf1e-f77b-5e4a-abbe-6a72f8c4a2fa,9054edb8-0369-52aa-b114-359dc868bcbb,73c2adbe-ffec-5ef3-a177-21dc252c73ab,d0f5a97f-ad85-5433-8e7a-67a79da066d3,Good results; capable of even more.,submitted
145ca496-d3da-5e8d-a619-adca9f67a1b0,9341cf1e-f77b-5e4a-abbe-6a72f8c4a2fa,9054edb8-0369-52aa-b114-359dc868bcbb,db83d865-001d-588d-9fb1-9cf1a84ff5b6,d0f5a97f-ad85-5433-8e7a-67a79da066d3,An outstanding term. Keep aiming high.,submitted
b6a91b84-1795-597a-b50b-bba6fbbeb9e5,9341cf1e-f77b-5e4a-abbe-6a72f8c4a2fa,9054edb8-0369-52aa-b114-359dc868bcbb,c318dc97-6919-5a3b-af41-b9b5a7697d33,d0f5a97f-ad85-5433-8e7a-67a79da066d3,A pleasing term. Keep working steadily.,submitted
968c05ac-70f1-541c-82f8-3e2645567fc2,9341cf1e-f77b-5e4a-abbe-6a72f8c4a2fa,9054edb8-0369-52aa-b114-359dc868bcbb,10af219f-8e29-5f97-b379-14228f812176,d0f5a97f-ad85-5433-8e7a-67a79da066d3,Needs to work much harder next term.,submitted
d81e361d-68f0-5bda-bb1d-13b9c129176e,9341cf1e-f77b-5e4a-abbe-6a72f8c4a2fa,9054edb8-0369-52aa-b114-359dc868bcbb,a6632282-2b94-53ae-a2f4-84ac2fc47f4c,d0f5a97f-ad85-5433-8e7a-67a79da066d3,A fair term. More effort will bring better results.,submitted
6dbbed7e-488e-505b-945d-6c8cb799ee5f,9341cf1e-f77b-5e4a-abbe-6a72f8c4a2fa,9054edb8-0369-52aa-b114-359dc868bcbb,036839e3-9029-5aee-af81-fcf8748c4a8a,d0f5a97f-ad85-5433-8e7a-67a79da066d3,A pleasing term. Keep working steadily.,submitted
21e60e28-54d9-58f6-ab2a-6d7e30940109,9341cf1e-f77b-5e4a-abbe-6a72f8c4a2fa,9054edb8-0369-52aa-b114-359dc868bcbb,f4b48d5a-4ff1-58c8-831b-0e51c5fe4614,0a9cf731-8101-5c94-8f1a-993db8f3bb9e,An outstanding term. Keep aiming high.,submitted
d43034e6-56c0-5f2c-b928-f46e4b866d06,9341cf1e-f77b-5e4a-abbe-6a72f8c4a2fa,9054edb8-0369-52aa-b114-359dc868bcbb,15204562-8739-57ce-a891-599634f8e229,0a9cf731-8101-5c94-8f1a-993db8f3bb9e,A fair term. More effort will bring better results.,submitted
b96790d1-d2e8-59fc-9827-58d68f072846,9341cf1e-f77b-5e4a-abbe-6a72f8c4a2fa,9054edb8-0369-52aa-b114-359dc868bcbb,f714ebb8-4de4-538c-860b-f04ffadb6dc7,0a9cf731-8101-5c94-8f1a-993db8f3bb9e,An outstanding term. Keep aiming high.,submitted
0f37a80e-b831-5704-bff3-b4e91e9425b6,9341cf1e-f77b-5e4a-abbe-6a72f8c4a2fa,9054edb8-0369-52aa-b114-359dc868bcbb,267ce91b-e86b-5f8d-8e64-5bca801a721c,0a9cf731-8101-5c94-8f1a-993db8f3bb9e,A fair term. More effort will bring better results.,submitted
2f18bfc2-f7c6-5e60-89d4-67017ead8d3b,9341cf1e-f77b-5e4a-abbe-6a72f8c4a2fa,9054edb8-0369-52aa-b114-359dc868bcbb,c2de7554-0a0c-58ab-bcc2-24024dbd0435,0a9cf731-8101-5c94-8f1a-993db8f3bb9e,Excellent results and a positive attitude.,submitted
872f2890-fb85-5fa5-82fc-a5ef55aecf3b,9341cf1e-f77b-5e4a-abbe-6a72f8c4a2fa,9054edb8-0369-52aa-b114-359dc868bcbb,8704dc9d-2cf1-50f9-b530-a7b80b0e897e,0a9cf731-8101-5c94-8f1a-993db8f3bb9e,A disappointing term. Please seek extra help.,submitted
8281b85e-e257-54ce-a9f1-a175fd6513e3,9341cf1e-f77b-5e4a-abbe-6a72f8c4a2fa,9054edb8-0369-52aa-b114-359dc868bcbb,88df413d-7da9-506c-9b59-3acb3280d64c,0a9cf731-8101-5c94-8f1a-993db8f3bb9e,An outstanding term. Keep aiming high.,submitted
7329b593-3387-5fde-baf1-4cb5e8b5c573,9341cf1e-f77b-5e4a-abbe-6a72f8c4a2fa,9054edb8-0369-52aa-b114-359dc868bcbb,6856593e-c3bb-548a-a9be-6476d125ff2c,0a9cf731-8101-5c94-8f1a-993db8f3bb9e,Needs to work much harder next term.,submitted
3ad371ef-38f7-508c-b3c5-8678754ff017,9341cf1e-f77b-5e4a-abbe-6a72f8c4a2fa,9054edb8-0369-52aa-b114-359dc868bcbb,3b73e446-9377-51a3-b011-19d140691db7,0a9cf731-8101-5c94-8f1a-993db8f3bb9e,An outstanding term. Keep aiming high.,submitted
84da2040-d5c5-587c-b00c-7c5f13a548e2,9341cf1e-f77b-5e4a-abbe-6a72f8c4a2fa,9054edb8-0369-52aa-b114-359dc868bcbb,ff630e72-98b9-5a01-a187-c31fca487783,0a9cf731-8101-5c94-8f1a-993db8f3bb9e,Satisfactory. Revise consistently.,submitted
856cefe4-3931-552f-a68d-ceb9843f4db9,9341cf1e-f77b-5e4a-abbe-6a72f8c4a2fa,9054edb8-0369-52aa-b114-359dc868bcbb,460df2d7-9967-55f1-96e0-a2d06f86813a,ea1ece68-bc07-53fd-ab08-d1c2b4a4002c,A pleasing term. Keep working steadily.,submitted
a757591f-3246-5064-af8d-aa764a495de6,9341cf1e-f77b-5e4a-abbe-6a72f8c4a2fa,9054edb8-0369-52aa-b114-359dc868bcbb,5969c6ee-d493-58e9-b9ca-25bf42363259,ea1ece68-bc07-53fd-ab08-d1c2b4a4002c,Excellent results and a positive attitude.,submitted
67c8d376-789b-564e-a19a-82cdc47645f6,9341cf1e-f77b-5e4a-abbe-6a72f8c4a2fa,9054edb8-0369-52aa-b114-359dc868bcbb,c5c86d43-44be-5cbe-91cc-60df439be2ab,ea1ece68-bc07-53fd-ab08-d1c2b4a4002c,A fair term. More effort will bring better results.,submitted
224d4d77-2b78-5fbb-94d5-f07a1311a4e4,9341cf1e-f77b-5e4a-abbe-6a72f8c4a2fa,9054edb8-0369-52aa-b114-359dc868bcbb,b16a808e-74a4-50a3-8106-03904a53a1d7,ea1ece68-bc07-53fd-ab08-d1c2b4a4002c,Good results; capable of even more.,submitted
3f3d043c-33f2-5b5f-afa4-69d010b64525,9341cf1e-f77b-5e4a-abbe-6a72f8c4a2fa,9054edb8-0369-52aa-b114-359dc868bcbb,2ee6c4eb-efbc-5d00-b4fe-41a1dc870392,ea1ece68-bc07-53fd-ab08-d1c2b4a4002c,Needs to work much harder next term.,submitted
f788d498-b3eb-577f-bc8a-45c91591f2f3,9341cf1e-f77b-5e4a-abbe-6a72f8c4a2fa,9054edb8-0369-52aa-b114-359dc868bcbb,42fda757-1176-5d68-bc01-7baef2c3de84,ea1ece68-bc07-53fd-ab08-d1c2b4a4002c,Excellent results and a positive attitude.,submitted
dd868ee2-71d1-5409-8bca-cf93fe4cd732,9341cf1e-f77b-5e4a-abbe-6a72f8c4a2fa,9054edb8-0369-52aa-b114-359dc868bcbb,6fde58ec-7470-53da-a342-eb730b236399,ea1ece68-bc07-53fd-ab08-d1c2b4a4002c,Satisfactory. Revise consistently.,submitted
7b408c2a-fbff-5c9f-8d91-9c913124f4e1,9341cf1e-f77b-5e4a-abbe-6a72f8c4a2fa,9054edb8-0369-52aa-b114-359dc868bcbb,4e3d30ab-b510-5b7d-bd38-b0df7dddfa57,ea1ece68-bc07-53fd-ab08-d1c2b4a4002c,A fair term. More effort will bring better results.,submitted
b1ca1d27-8d61-5077-bea3-36aa057038e3,9341cf1e-f77b-5e4a-abbe-6a72f8c4a2fa,9054edb8-0369-52aa-b114-359dc868bcbb,0c6d3f5e-c77e-5a97-8610-eebdd3a78c3d,ea1ece68-bc07-53fd-ab08-d1c2b4a4002c,Good results; capable of even more.,submitted
6dc88d0a-007e-5f84-9ae5-166acac07960,9341cf1e-f77b-5e4a-abbe-6a72f8c4a2fa,9054edb8-0369-52aa-b114-359dc868bcbb,cabc669f-b3f1-599e-84f7-7d11009c0ead,ea1ece68-bc07-53fd-ab08-d1c2b4a4002c,Urgent improvement needed.,submitted
88e96b15-d7ed-5f26-836e-8efa539ca87d,f2856ae5-c561-5f69-8db8-0495481bb2b0,15c9e979-0994-5a30-a16c-9632f1665825,233bc279-6b5f-5823-bddf-02223bce6298,dfb065b7-3d6a-5b09-a264-a62ac71acb6b,Needs to work much harder next term.,submitted
3e9e2706-9496-5094-a7cf-0a66fa4cf3ca,f2856ae5-c561-5f69-8db8-0495481bb2b0,15c9e979-0994-5a30-a16c-9632f1665825,9352427c-e83c-5011-9b5f-52af4da0416c,dfb065b7-3d6a-5b09-a264-a62ac71acb6b,Needs to work much harder next term.,submitted
4b49ee7c-43d7-571c-92f9-f9b6847a6c35,f2856ae5-c561-5f69-8db8-0495481bb2b0,15c9e979-0994-5a30-a16c-9632f1665825,0264d51d-ab9e-52b5-a9f8-3fd454c7d914,dfb065b7-3d6a-5b09-a264-a62ac71acb6b,A disappointing term. Please seek extra help.,submitted
a8dfa470-824e-56dd-acb8-90831b64158d,f2856ae5-c561-5f69-8db8-0495481bb2b0,15c9e979-0994-5a30-a16c-9632f1665825,71e540b8-4344-5659-8984-1e9044bdb230,dfb065b7-3d6a-5b09-a264-a62ac71acb6b,Results are below potential; more focus needed.,submitted
e3f11eda-25ff-52ea-ba3b-b714628ff658,f2856ae5-c561-5f69-8db8-0495481bb2b0,15c9e979-0994-5a30-a16c-9632f1665825,4c37db26-a0df-549d-94f3-78bc7eb20055,dfb065b7-3d6a-5b09-a264-a62ac71acb6b,Satisfactory. Revise consistently.,submitted
f3b4517c-9d2a-58c6-b97b-5f3806098a78,f2856ae5-c561-5f69-8db8-0495481bb2b0,15c9e979-0994-5a30-a16c-9632f1665825,661583d3-ba45-54fd-9621-11547d7da0ca,dfb065b7-3d6a-5b09-a264-a62ac71acb6b,Results are below potential; more focus needed.,submitted
d1b84355-5179-5b26-aef4-972a55be4cdc,f2856ae5-c561-5f69-8db8-0495481bb2b0,15c9e979-0994-5a30-a16c-9632f1665825,a391c26b-04b3-50c9-9f1a-803fa67fce98,dfb065b7-3d6a-5b09-a264-a62ac71acb6b,A disappointing term. Please seek extra help.,submitted
3fd264f2-e9be-50a6-bbcd-2ffe09ba7405,f2856ae5-c561-5f69-8db8-0495481bb2b0,15c9e979-0994-5a30-a16c-9632f1665825,f256f11a-5c3c-5831-aeb6-65296da6c74c,dfb065b7-3d6a-5b09-a264-a62ac71acb6b,Excellent results and a positive attitude.,submitted
0f7af39a-67de-57a8-8f19-3a715a3b5149,f2856ae5-c561-5f69-8db8-0495481bb2b0,15c9e979-0994-5a30-a16c-9632f1665825,7e85c9cb-6d82-5446-975b-03413d4d6799,dfb065b7-3d6a-5b09-a264-a62ac71acb6b,Needs to work much harder next term.,submitted
1083231e-3427-5cf6-b567-3d17b1440652,f2856ae5-c561-5f69-8db8-0495481bb2b0,15c9e979-0994-5a30-a16c-9632f1665825,c6f197b8-e3e4-5f8d-a71e-af7b137b88a2,dfb065b7-3d6a-5b09-a264-a62ac71acb6b,Satisfactory. Revise consistently.,submitted
641cd593-9039-5234-b75b-3f4c691c9b3a,f2856ae5-c561-5f69-8db8-0495481bb2b0,15c9e979-0994-5a30-a16c-9632f1665825,36b4d88e-d13c-56ce-8167-2bcfd9b7fdeb,2fcc7551-8195-5661-abb4-00763cf1253e,Satisfactory. Revise consistently.,submitted
13c914c0-31cd-5302-a3c2-27099810adbb,f2856ae5-c561-5f69-8db8-0495481bb2b0,15c9e979-0994-5a30-a16c-9632f1665825,9d9c681e-943e-5556-a1f8-4285cf626553,2fcc7551-8195-5661-abb4-00763cf1253e,A disappointing term. Please seek extra help.,submitted
b39c1e40-e1ff-5ec6-927b-f00c5227a41d,f2856ae5-c561-5f69-8db8-0495481bb2b0,15c9e979-0994-5a30-a16c-9632f1665825,c763c069-467d-50db-afbd-6af8e6ee81f2,2fcc7551-8195-5661-abb4-00763cf1253e,Results are below potential; more focus needed.,submitted
8cb306f6-9dcf-5406-baac-470a526b1136,f2856ae5-c561-5f69-8db8-0495481bb2b0,15c9e979-0994-5a30-a16c-9632f1665825,3278e9eb-6c70-56a6-a5e0-439c4a8d04f5,2fcc7551-8195-5661-abb4-00763cf1253e,Good results; capable of even more.,submitted
93f29a41-84b3-5d48-9be8-272114c359dc,f2856ae5-c561-5f69-8db8-0495481bb2b0,15c9e979-0994-5a30-a16c-9632f1665825,2e2dbb36-0c9c-5295-8376-28b4dff31e8e,2fcc7551-8195-5661-abb4-00763cf1253e,Satisfactory. Revise consistently.,submitted
f81124e8-1dde-5ff9-b6e2-159a9da6e56d,f2856ae5-c561-5f69-8db8-0495481bb2b0,15c9e979-0994-5a30-a16c-9632f1665825,c5ff99af-dddb-5e24-8141-91483e0394f5,2fcc7551-8195-5661-abb4-00763cf1253e,Needs to work much harder next term.,submitted
25d4c2ca-a5ca-565f-a947-b957863b9cfb,f2856ae5-c561-5f69-8db8-0495481bb2b0,15c9e979-0994-5a30-a16c-9632f1665825,7df76894-e273-5d9d-9ace-65e144085d4a,2fcc7551-8195-5661-abb4-00763cf1253e,Satisfactory. Revise consistently.,submitted
627bc3aa-8cbb-5955-877f-2d8e84278688,f2856ae5-c561-5f69-8db8-0495481bb2b0,15c9e979-0994-5a30-a16c-9632f1665825,11e2a464-6f07-5a4e-a03f-bb717288111a,2fcc7551-8195-5661-abb4-00763cf1253e,Urgent improvement needed.,submitted
c3f5aca4-96b8-5720-a81f-3dc875c1d278,f2856ae5-c561-5f69-8db8-0495481bb2b0,15c9e979-0994-5a30-a16c-9632f1665825,70e65636-5347-5d9d-bfcb-bfd229d62a05,2fcc7551-8195-5661-abb4-00763cf1253e,Needs to work much harder next term.,submitted
c05a02f8-b172-5249-b255-bc62f584e4f9,f2856ae5-c561-5f69-8db8-0495481bb2b0,15c9e979-0994-5a30-a16c-9632f1665825,4548863c-08be-52e9-9722-e77e9efd1a95,2fcc7551-8195-5661-abb4-00763cf1253e,Results are below potential; more focus needed.,submitted
303b20d9-b301-5e9a-bf5c-ab5ae13ad86a,f2856ae5-c561-5f69-8db8-0495481bb2b0,15c9e979-0994-5a30-a16c-9632f1665825,4039fe24-0627-5ba4-a42f-6a9953a9795f,cdc27f92-2037-5191-bdf4-6c262b1949de,Needs to work much harder next term.,submitted
8b0a1a00-c54d-5f80-ae61-109ff619f9fb,f2856ae5-c561-5f69-8db8-0495481bb2b0,15c9e979-0994-5a30-a16c-9632f1665825,456c9418-8ef7-5122-b7d5-3a0578e77948,cdc27f92-2037-5191-bdf4-6c262b1949de,Satisfactory. Revise consistently.,submitted
d6762c5c-ddeb-5bcc-bc0f-e2822bfafb5d,f2856ae5-c561-5f69-8db8-0495481bb2b0,15c9e979-0994-5a30-a16c-9632f1665825,51555871-ebcd-50a0-bc8d-78efff56c195,cdc27f92-2037-5191-bdf4-6c262b1949de,A fair term. More effort will bring better results.,submitted
72399947-9a18-59f8-b109-32b615131038,f2856ae5-c561-5f69-8db8-0495481bb2b0,15c9e979-0994-5a30-a16c-9632f1665825,aac782a0-2cca-5aa4-8336-9783140f5163,cdc27f92-2037-5191-bdf4-6c262b1949de,Needs to work much harder next term.,submitted
276e0fb5-00c2-51bf-8c1e-983b641ea8ff,f2856ae5-c561-5f69-8db8-0495481bb2b0,15c9e979-0994-5a30-a16c-9632f1665825,33d875fd-1aaa-565b-8be3-7f887fe292da,cdc27f92-2037-5191-bdf4-6c262b1949de,Urgent improvement needed.,submitted
fce6452b-197f-5fc6-aa75-7705102b3814,f2856ae5-c561-5f69-8db8-0495481bb2b0,15c9e979-0994-5a30-a16c-9632f1665825,28df7936-e738-5065-ae0d-8b2607b2a935,cdc27f92-2037-5191-bdf4-6c262b1949de,Good results; capable of even more.,submitted
f0e6c3f4-5ae7-5c31-a0da-df532867f46a,f2856ae5-c561-5f69-8db8-0495481bb2b0,15c9e979-0994-5a30-a16c-9632f1665825,37400182-0950-59ab-9b16-a86cef2a6731,cdc27f92-2037-5191-bdf4-6c262b1949de,Good results; capable of even more.,submitted
210c65e2-caca-5b03-95ea-3bb518f75ac3,f2856ae5-c561-5f69-8db8-0495481bb2b0,15c9e979-0994-5a30-a16c-9632f1665825,6f72004b-8250-5e3a-9466-d8552a1dab2e,cdc27f92-2037-5191-bdf4-6c262b1949de,Needs to work much harder next term.,submitted
e5cc865a-c476-574d-ba84-5ce54a000e14,f2856ae5-c561-5f69-8db8-0495481bb2b0,15c9e979-0994-5a30-a16c-9632f1665825,0dfe39a1-a303-5151-a1cc-3dcb4d78052b,cdc27f92-2037-5191-bdf4-6c262b1949de,A disappointing term. Please seek extra help.,submitted
06bcb3b9-f05d-5d58-bd47-5aa5ba9731d4,f2856ae5-c561-5f69-8db8-0495481bb2b0,15c9e979-0994-5a30-a16c-9632f1665825,9f4d81af-740a-5a3e-895c-cfa5007043cd,cdc27f92-2037-5191-bdf4-6c262b1949de,A fair term. More effort will bring better results.,submitted
