id,school_id,class_id,subject_id,teacher_id
4cdff911-df4f-5372-8103-5374eb970a39,9341cf1e-f77b-5e4a-abbe-6a72f8c4a2fa,0758e88b-235c-52a0-b041-f5b632fb6cb7,e3e9b681-898c-5854-935a-38baf69e5642,d0f5a97f-ad85-5433-8e7a-67a79da066d3
a69d1693-6fb5-52f5-be41-ab34fe0da573,9341cf1e-f77b-5e4a-abbe-6a72f8c4a2fa,0758e88b-235c-52a0-b041-f5b632fb6cb7,0a32f6ea-2165-5cef-86a8-2e3ad1498d75,0a9cf731-8101-5c94-8f1a-993db8f3bb9e
052a7e42-8224-5b88-914c-b4a8661da001,9341cf1e-f77b-5e4a-abbe-6a72f8c4a2fa,0758e88b-235c-52a0-b041-f5b632fb6cb7,227fcef7-84fd-50b7-8530-036a70b7b7f4,ea1ece68-bc07-53fd-ab08-d1c2b4a4002c
7dd70c8d-a6f9-5716-9e10-8bfaae755a23,9341cf1e-f77b-5e4a-abbe-6a72f8c4a2fa,0758e88b-235c-52a0-b041-f5b632fb6cb7,e7f88ba3-392d-5826-b554-1909e7dd1aeb,6ad65213-e90f-5f74-ae79-ce3505408a84
2e41edba-16e9-5e44-932f-ccededaa4b84,9341cf1e-f77b-5e4a-abbe-6a72f8c4a2fa,0758e88b-235c-52a0-b041-f5b632fb6cb7,2e3dad5a-2478-50a4-9003-3410405a65b8,6ad65213-e90f-5f74-ae79-ce3505408a84
7ece39d2-5c1e-5514-96b1-31443e80370d,9341cf1e-f77b-5e4a-abbe-6a72f8c4a2fa,0758e88b-235c-52a0-b041-f5b632fb6cb7,73351fc9-5676-5c38-afa8-2eadd5106d52,cccdf135-6895-5e96-b2f4-e0c94b2971a0
83f377e2-8ec8-51dc-b0c7-04f44e29ba61,9341cf1e-f77b-5e4a-abbe-6a72f8c4a2fa,0758e88b-235c-52a0-b041-f5b632fb6cb7,581f9dd6-582f-51f4-8651-d771f854e7ef,cccdf135-6895-5e96-b2f4-e0c94b2971a0
bc93b159-b124-574a-88bf-ba923848640a,9341cf1e-f77b-5e4a-abbe-6a72f8c4a2fa,0758e88b-235c-52a0-b041-f5b632fb6cb7,4226582c-4dbf-50dc-883c-97162b5531ee,9a7606a0-33db-5faa-9d93-a634e51b2733
ddf07508-5995-5e14-848f-efd9315c23a8,9341cf1e-f77b-5e4a-abbe-6a72f8c4a2fa,0758e88b-235c-52a0-b041-f5b632fb6cb7,7d76cb55-be59-5997-b6b9-9d7e37d829a2,adbc96ac-0567-5b6b-9ca1-b7b285463f9c
adf474ab-77bf-5588-84d2-0b3e42316aca,9341cf1e-f77b-5e4a-abbe-6a72f8c4a2fa,0758e88b-235c-52a0-b041-f5b632fb6cb7,c0d93d4c-ff77-5891-93fc-8eada19f1e53,41b489ac-92f6-5fc0-8bce-c587a1d85417
1baa8e7b-5b41-5b69-9a43-a65ffe5c4469,9341cf1e-f77b-5e4a-abbe-6a72f8c4a2fa,3ecefe87-c702-5f11-8c0c-c08738027f63,e3e9b681-898c-5854-935a-38baf69e5642,d0f5a97f-ad85-5433-8e7a-67a79da066d3
5546b08d-d0d0-57f2-9786-7d7c985e0245,9341cf1e-f77b-5e4a-abbe-6a72f8c4a2fa,3ecefe87-c702-5f11-8c0c-c08738027f63,0a32f6ea-2165-5cef-86a8-2e3ad1498d75,0a9cf731-8101-5c94-8f1a-993db8f3bb9e
ee5fe543-38fb-51ba-8b68-690f7c0a4954,9341cf1e-f77b-5e4a-abbe-6a72f8c4a2fa,3ecefe87-c702-5f11-8c0c-c08738027f63,227fcef7-84fd-50b7-8530-036a70b7b7f4,ea1ece68-bc07-53fd-ab08-d1c2b4a4002c
393ea450-8583-5eb0-a331-eb2703165298,9341cf1e-f77b-5e4a-abbe-6a72f8c4a2fa,3ecefe87-c702-5f11-8c0c-c08738027f63,e7f88ba3-392d-5826-b554-1909e7dd1aeb,6ad65213-e90f-5f74-ae79-ce3505408a84
eb8cd119-1ee7-5755-9707-4a269052b613,9341cf1e-f77b-5e4a-abbe-6a72f8c4a2fa,3ecefe87-c702-5f11-8c0c-c08738027f63,2e3dad5a-2478-50a4-9003-3410405a65b8,6ad65213-e90f-5f74-ae79-ce3505408a84
ba8c2380-62e8-596a-b791-d4e904870630,9341cf1e-f77b-5e4a-abbe-6a72f8c4a2fa,3ecefe87-c702-5f11-8c0c-c08738027f63,73351fc9-5676-5c38-afa8-2eadd5106d52,cccdf135-6895-5e96-b2f4-e0c94b2971a0
bd131888-4476-5f15-abb8-695db9306179,9341cf1e-f77b-5e4a-abbe-6a72f8c4a2fa,3ecefe87-c702-5f11-8c0c-c08738027f63,581f9dd6-582f-51f4-8651-d771f854e7ef,cccdf135-6895-5e96-b2f4-e0c94b2971a0
c10ec805-1ed0-52a3-bb3e-5fa546228355,9341cf1e-f77b-5e4a-abbe-6a72f8c4a2fa,3ecefe87-c702-5f11-8c0c-c08738027f63,4226582c-4dbf-50dc-883c-97162b5531ee,9a7606a0-33db-5faa-9d93-a634e51b2733
e91c4eda-0443-5ed4-bff3-2ce94734a9d6,9341cf1e-f77b-5e4a-abbe-6a72f8c4a2fa,3ecefe87-c702-5f11-8c0c-c08738027f63,7d76cb55-be59-5997-b6b9-9d7e37d829a2,adbc96ac-0567-5b6b-9ca1-b7b285463f9c
7ed4390c-44a7-528d-a267-298172283911,9341cf1e-f77b-5e4a-abbe-6a72f8c4a2fa,3ecefe87-c702-5f11-8c0c-c08738027f63,c0d93d4c-ff77-5891-93fc-8eada19f1e53,41b489ac-92f6-5fc0-8bce-c587a1d85417
07e9d181-9d35-545a-8df2-2047ca1f90eb,9341cf1e-f77b-5e4a-abbe-6a72f8c4a2fa,c7eb866b-a0b6-523d-a1dc-b5e1fef26daf,e3e9b681-898c-5854-935a-38baf69e5642,d0f5a97f-ad85-5433-8e7a-67a79da066d3
76355eb7-c163-5d63-8142-64d301d235ca,9341cf1e-f77b-5e4a-abbe-6a72f8c4a2fa,c7eb866b-a0b6-523d-a1dc-b5e1fef26daf,0a32f6ea-2165-5cef-86a8-2e3ad1498d75,0a9cf731-8101-5c94-8f1a-993db8f3bb9e
5a6a062f-885e-59f0-a395-17203ad424a3,9341cf1e-f77b-5e4a-abbe-6a72f8c4a2fa,c7eb866b-a0b6-523d-a1dc-b5e1fef26daf,227fcef7-84fd-50b7-8530-036a70b7b7f4,ea1ece68-bc07-53fd-ab08-d1c2b4a4002c
15fddcb2-1336-5b50-8608-c3a03af24328,9341cf1e-f77b-5e4a-abbe-6a72f8c4a2fa,c7eb866b-a0b6-523d-a1dc-b5e1fef26daf,e7f88ba3-392d-5826-b554-1909e7dd1aeb,6ad65213-e90f-5f74-ae79-ce3505408a84
7eb183fc-f414-5f18-8326-f26e589aeb14,9341cf1e-f77b-5e4a-abbe-6a72f8c4a2fa,c7eb866b-a0b6-523d-a1dc-b5e1fef26daf,2e3dad5a-2478-50a4-9003-3410405a65b8,6ad65213-e90f-5f74-ae79-ce3505408a84
25610d87-3b94-58bd-9721-8bd3dc495675,9341cf1e-f77b-5e4a-abbe-6a72f8c4a2fa,c7eb866b-a0b6-523d-a1dc-b5e1fef26daf,73351fc9-5676-5c38-afa8-2eadd5106d52,cccdf135-6895-5e96-b2f4-e0c94b2971a0
756489f8-da49-5f2f-9c93-b81cb04a897f,9341cf1e-f77b-5e4a-abbe-6a72f8c4a2fa,c7eb866b-a0b6-523d-a1dc-b5e1fef26daf,581f9dd6-582f-51f4-8651-d771f854e7ef,cccdf135-6895-5e96-b2f4-e0c94b2971a0
59dcbdee-5272-5d6e-8be4-4d8a295049b1,9341cf1e-f77b-5e4a-abbe-6a72f8c4a2fa,c7eb866b-a0b6-523d-a1dc-b5e1fef26daf,4226582c-4dbf-50dc-883c-97162b5531ee,9a7606a0-33db-5faa-9d93-a634e51b2733
18efdf1e-3eaf-557e-acff-ae769ddbdaf9,9341cf1e-f77b-5e4a-abbe-6a72f8c4a2fa,c7eb866b-a0b6-523d-a1dc-b5e1fef26daf,7d76cb55-be59-5997-b6b9-9d7e37d829a2,adbc96ac-0567-5b6b-9ca1-b7b285463f9c
c2378224-19b1-580e-8f55-88d8eefe3377,9341cf1e-f77b-5e4a-abbe-6a72f8c4a2fa,c7eb866b-a0b6-523d-a1dc-b5e1fef26daf,c0d93d4c-ff77-5891-93fc-8eada19f1e53,41b489ac-92f6-5fc0-8bce-c587a1d85417
7a136281-e1ee-5169-82fe-e6acde848da6,f2856ae5-c561-5f69-8db8-0495481bb2b0,e3a4c962-2e8c-5c8d-a4b8-43fffd8afe2c,bc5502a7-ddb0-5ae0-826f-73382681f587,dfb065b7-3d6a-5b09-a264-a62ac71acb6b
75036bc5-a828-580e-b2f7-7691bc06b540,f2856ae5-c561-5f69-8db8-0495481bb2b0,e3a4c962-2e8c-5c8d-a4b8-43fffd8afe2c,b2d6a186-b1ac-532e-a4b4-32d3c65e10ee,dfb065b7-3d6a-5b09-a264-a62ac71acb6b
c24f0173-5a2c-56ea-a5f9-b8b3177a21e6,f2856ae5-c561-5f69-8db8-0495481bb2b0,e3a4c962-2e8c-5c8d-a4b8-43fffd8afe2c,798327c7-a58f-5e7a-8734-66b937a689f2,dfb065b7-3d6a-5b09-a264-a62ac71acb6b
ab6464fa-239b-5c73-af30-936494dc0f74,f2856ae5-c561-5f69-8db8-0495481bb2b0,e3a4c962-2e8c-5c8d-a4b8-43fffd8afe2c,c1beae31-909d-5ce8-92e3-d23296781bcc,dfb065b7-3d6a-5b09-a264-a62ac71acb6b
6eb66697-1bc1-568b-b98c-116eac072caf,f2856ae5-c561-5f69-8db8-0495481bb2b0,e3a4c962-2e8c-5c8d-a4b8-43fffd8afe2c,e44d33fe-3aa0-5ed2-96ba-da80699708e8,dfb065b7-3d6a-5b09-a264-a62ac71acb6b
5678205e-191c-5829-80a7-8f43d185fbe2,f2856ae5-c561-5f69-8db8-0495481bb2b0,e3a4c962-2e8c-5c8d-a4b8-43fffd8afe2c,f55865e6-08e0-5f63-a361-25674612df1c,dfb065b7-3d6a-5b09-a264-a62ac71acb6b
a6ddaec7-e728-582d-8971-d9b76e83e286,f2856ae5-c561-5f69-8db8-0495481bb2b0,e3a4c962-2e8c-5c8d-a4b8-43fffd8afe2c,8dc1da1f-e172-584f-b65e-946105ad0f0e,72fa82de-09c5-522c-bbba-f0a09021a696
fec656f4-befe-5fae-8a08-46237f6bf647,f2856ae5-c561-5f69-8db8-0495481bb2b0,e3a4c962-2e8c-5c8d-a4b8-43fffd8afe2c,2b0cdef0-891f-513d-96c6-dea1cf70a8e1,dfb065b7-3d6a-5b09-a264-a62ac71acb6b
fa39a5ce-8d74-50ab-b051-c55c54293f53,f2856ae5-c561-5f69-8db8-0495481bb2b0,7e073fb9-e2fd-5754-8278-c612e66af27a,bc5502a7-ddb0-5ae0-826f-73382681f587,2fcc7551-8195-5661-abb4-00763cf1253e
8787fb2c-3aab-595f-bae2-94c171200a2a,f2856ae5-c561-5f69-8db8-0495481bb2b0,7e073fb9-e2fd-5754-8278-c612e66af27a,b2d6a186-b1ac-532e-a4b4-32d3c65e10ee,2fcc7551-8195-5661-abb4-00763cf1253e
90a139c0-d617-5f8d-85fb-3200edf40e5b,f2856ae5-c561-5f69-8db8-0495481bb2b0,7e073fb9-e2fd-5754-8278-c612e66af27a,798327c7-a58f-5e7a-8734-66b937a689f2,2fcc7551-8195-5661-abb4-00763cf1253e
a262b708-3da5-51e0-bbdb-8c22497ad608,f2856ae5-c561-5f69-8db8-0495481bb2b0,7e073fb9-e2fd-5754-8278-c612e66af27a,c1beae31-909d-5ce8-92e3-d23296781bcc,2fcc7551-8195-5661-abb4-00763cf1253e
566601fc-351e-5eae-aa2b-f7d3f8d1873e,f2856ae5-c561-5f69-8db8-0495481bb2b0,7e073fb9-e2fd-5754-8278-c612e66af27a,e44d33fe-3aa0-5ed2-96ba-da80699708e8,2fcc7551-8195-5661-abb4-00763cf1253e
f39a477a-be4c-50f4-b259-cdf650a2af6d,f2856ae5-c561-5f69-8db8-0495481bb2b0,7e073fb9-e2fd-5754-8278-c612e66af27a,f55865e6-08e0-5f63-a361-25674612df1c,2fcc7551-8195-5661-abb4-00763cf1253e
558e743d-5448-5d14-80fd-478ff53a3176,f2856ae5-c561-5f69-8db8-0495481bb2b0,7e073fb9-e2fd-5754-8278-c612e66af27a,8dc1da1f-e172-584f-b65e-946105ad0f0e,72fa82de-09c5-522c-bbba-f0a09021a696
5795804f-1e50-5da4-bb51-1dcddfa1b3a3,f2856ae5-c561-5f69-8db8-0495481bb2b0,7e073fb9-e2fd-5754-8278-c612e66af27a,2b0cdef0-891f-513d-96c6-dea1cf70a8e1,2fcc7551-8195-5661-abb4-00763cf1253e
99038a6a-9e85-5c68-829f-98814dad8b77,f2856ae5-c561-5f69-8db8-0495481bb2b0,ad40c6fa-e485-5fcb-9286-7d364baa3a6b,bc5502a7-ddb0-5ae0-826f-73382681f587,cdc27f92-2037-5191-bdf4-6c262b1949de
101b0203-b079-5ee3-95e7-25da006a3491,f2856ae5-c561-5f69-8db8-0495481bb2b0,ad40c6fa-e485-5fcb-9286-7d364baa3a6b,b2d6a186-b1ac-532e-a4b4-32d3c65e10ee,cdc27f92-2037-5191-bdf4-6c262b1949de
1d420eab-2eec-5e74-91cb-ad930f72a00f,f2856ae5-c561-5f69-8db8-0495481bb2b0,ad40c6fa-e485-5fcb-9286-7d364baa3a6b,798327c7-a58f-5e7a-8734-66b937a689f2,cdc27f92-2037-5191-bdf4-6c262b1949de
c386056b-325c-5d42-8020-fefeb12d171f,f2856ae5-c561-5f69-8db8-0495481bb2b0,ad40c6fa-e485-5fcb-9286-7d364baa3a6b,c1beae31-909d-5ce8-92e3-d23296781bcc,cdc27f92-2037-5191-bdf4-6c262b1949de
2921ed77-fb18-5175-acb6-fa1ed8c43fd3,f2856ae5-c561-5f69-8db8-0495481bb2b0,ad40c6fa-e485-5fcb-9286-7d364baa3a6b,e44d33fe-3aa0-5ed2-96ba-da80699708e8,cdc27f92-2037-5191-bdf4-6c262b1949de
b2c36b14-f823-5052-8a49-d8c5f0af5b35,f2856ae5-c561-5f69-8db8-0495481bb2b0,ad40c6fa-e485-5fcb-9286-7d364baa3a6b,f55865e6-08e0-5f63-a361-25674612df1c,cdc27f92-2037-5191-bdf4-6c262b1949de
9699d79f-db80-5ee0-ad13-858a163057f1,f2856ae5-c561-5f69-8db8-0495481bb2b0,ad40c6fa-e485-5fcb-9286-7d364baa3a6b,8dc1da1f-e172-584f-b65e-946105ad0f0e,72fa82de-09c5-522c-bbba-f0a09021a696
86ec4194-a816-5cb4-9869-a10b54d1c75d,f2856ae5-c561-5f69-8db8-0495481bb2b0,ad40c6fa-e485-5fcb-9286-7d364baa3a6b,2b0cdef0-891f-513d-96c6-dea1cf70a8e1,cdc27f92-2037-5191-bdf4-6c262b1949de
