id,school_id,enrolment_id,class_subject_id
6148e82d-17c3-59db-9032-bbc608a83244,9341cf1e-f77b-5e4a-abbe-6a72f8c4a2fa,c1ab2734-46af-55dc-8766-b22b50c5d3cd,4cdff911-df4f-5372-8103-5374eb970a39
b4ad45f0-5f3d-5619-927d-d88993cb186e,9341cf1e-f77b-5e4a-abbe-6a72f8c4a2fa,c1ab2734-46af-55dc-8766-b22b50c5d3cd,a69d1693-6fb5-52f5-be41-ab34fe0da573
e40b0b72-b45a-5747-bab9-a41cbe5030ef,9341cf1e-f77b-5e4a-abbe-6a72f8c4a2fa,c1ab2734-46af-55dc-8766-b22b50c5d3cd,052a7e42-8224-5b88-914c-b4a8661da001
4a96de54-3753-5bca-b010-a028d47ccea0,9341cf1e-f77b-5e4a-abbe-6a72f8c4a2fa,c1ab2734-46af-55dc-8766-b22b50c5d3cd,2e41edba-16e9-5e44-932f-ccededaa4b84
7333b562-0aa0-5f82-ba05-e2e4962e2f23,9341cf1e-f77b-5e4a-abbe-6a72f8c4a2fa,c1ab2734-46af-55dc-8766-b22b50c5d3cd,7dd70c8d-a6f9-5716-9e10-8bfaae755a23
51169a3c-5406-593d-8e61-10ea2ed58854,9341cf1e-f77b-5e4a-abbe-6a72f8c4a2fa,c1ab2734-46af-55dc-8766-b22b50c5d3cd,7ece39d2-5c1e-5514-96b1-31443e80370d
8021e3fe-3f1f-54f0-b0f2-1558f63ba719,9341cf1e-f77b-5e4a-abbe-6a72f8c4a2fa,c1ab2734-46af-55dc-8766-b22b50c5d3cd,ddf07508-5995-5e14-848f-efd9315c23a8
63ade454-52a5-5b98-87a3-daf8a4f4c309,9341cf1e-f77b-5e4a-abbe-6a72f8c4a2fa,582ca7f0-d4be-5e7a-b090-a0208bf45af6,4cdff911-df4f-5372-8103-5374eb970a39
58ed37c6-1cb7-5a35-9474-7379e11860d6,9341cf1e-f77b-5e4a-abbe-6a72f8c4a2fa,582ca7f0-d4be-5e7a-b090-a0208bf45af6,a69d1693-6fb5-52f5-be41-ab34fe0da573
8c54bdca-ff02-5ab0-af08-7ba1acfadfbe,9341cf1e-f77b-5e4a-abbe-6a72f8c4a2fa,582ca7f0-d4be-5e7a-b090-a0208bf45af6,052a7e42-8224-5b88-914c-b4a8661da001
2592baaa-c643-50a8-8e0c-fdf19d05b9f2,9341cf1e-f77b-5e4a-abbe-6a72f8c4a2fa,582ca7f0-d4be-5e7a-b090-a0208bf45af6,83f377e2-8ec8-51dc-b0c7-04f44e29ba61
9cc80f4e-b428-5fe2-9ca7-9bcbe05c5f9b,9341cf1e-f77b-5e4a-abbe-6a72f8c4a2fa,582ca7f0-d4be-5e7a-b090-a0208bf45af6,2e41edba-16e9-5e44-932f-ccededaa4b84
31ef97ca-9f60-5849-b38a-fc734599750d,9341cf1e-f77b-5e4a-abbe-6a72f8c4a2fa,582ca7f0-d4be-5e7a-b090-a0208bf45af6,7dd70c8d-a6f9-5716-9e10-8bfaae755a23
10031129-bd3a-5f30-8182-b89dd5654850,9341cf1e-f77b-5e4a-abbe-6a72f8c4a2fa,582ca7f0-d4be-5e7a-b090-a0208bf45af6,bc93b159-b124-574a-88bf-ba923848640a
6b79e975-cb8c-54e6-9056-aad5fba1d9d8,9341cf1e-f77b-5e4a-abbe-6a72f8c4a2fa,da76072c-a7aa-575b-b294-71d0628975d0,4cdff911-df4f-5372-8103-5374eb970a39
01c1ec44-add9-57ed-afe2-1770cfbc6c26,9341cf1e-f77b-5e4a-abbe-6a72f8c4a2fa,da76072c-a7aa-575b-b294-71d0628975d0,a69d1693-6fb5-52f5-be41-ab34fe0da573
0b206a05-6ed5-510d-be47-1b2d010badb2,9341cf1e-f77b-5e4a-abbe-6a72f8c4a2fa,da76072c-a7aa-575b-b294-71d0628975d0,052a7e42-8224-5b88-914c-b4a8661da001
432034c9-0708-5d24-89af-800234546542,9341cf1e-f77b-5e4a-abbe-6a72f8c4a2fa,da76072c-a7aa-575b-b294-71d0628975d0,adf474ab-77bf-5588-84d2-0b3e42316aca
758061b3-e982-577b-81bd-92d9e513ed2d,9341cf1e-f77b-5e4a-abbe-6a72f8c4a2fa,da76072c-a7aa-575b-b294-71d0628975d0,7ece39d2-5c1e-5514-96b1-31443e80370d
57d44ab5-263b-5c15-8e20-6f597a86f7ba,9341cf1e-f77b-5e4a-abbe-6a72f8c4a2fa,da76072c-a7aa-575b-b294-71d0628975d0,2e41edba-16e9-5e44-932f-ccededaa4b84
b2fc4003-8b79-587f-8af0-02d8626ef1b5,9341cf1e-f77b-5e4a-abbe-6a72f8c4a2fa,da76072c-a7aa-575b-b294-71d0628975d0,7dd70c8d-a6f9-5716-9e10-8bfaae755a23
c58a16ce-dfee-585c-88e7-f553cd5f9958,9341cf1e-f77b-5e4a-abbe-6a72f8c4a2fa,34ae0f30-6ce2-5e7e-a46c-1604f44e3985,4cdff911-df4f-5372-8103-5374eb970a39
38f19983-944e-5b0f-9256-3c71e7f970c2,9341cf1e-f77b-5e4a-abbe-6a72f8c4a2fa,34ae0f30-6ce2-5e7e-a46c-1604f44e3985,a69d1693-6fb5-52f5-be41-ab34fe0da573
c53993c5-2aaa-50d9-95a7-f781fdd10e59,9341cf1e-f77b-5e4a-abbe-6a72f8c4a2fa,34ae0f30-6ce2-5e7e-a46c-1604f44e3985,052a7e42-8224-5b88-914c-b4a8661da001
82aa87d6-d0c9-581e-9631-41e5eae7a87e,9341cf1e-f77b-5e4a-abbe-6a72f8c4a2fa,34ae0f30-6ce2-5e7e-a46c-1604f44e3985,bc93b159-b124-574a-88bf-ba923848640a
7b9ce913-8a6e-5c6a-81f0-7c909ebbbd5f,9341cf1e-f77b-5e4a-abbe-6a72f8c4a2fa,34ae0f30-6ce2-5e7e-a46c-1604f44e3985,7ece39d2-5c1e-5514-96b1-31443e80370d
0501417b-7b14-5f47-977d-62a64fca06f8,9341cf1e-f77b-5e4a-abbe-6a72f8c4a2fa,34ae0f30-6ce2-5e7e-a46c-1604f44e3985,ddf07508-5995-5e14-848f-efd9315c23a8
eca9a814-d992-59d5-98f5-6459e1497024,9341cf1e-f77b-5e4a-abbe-6a72f8c4a2fa,34ae0f30-6ce2-5e7e-a46c-1604f44e3985,7dd70c8d-a6f9-5716-9e10-8bfaae755a23
e5a2fc78-1d3b-5212-9d78-6382452576c3,9341cf1e-f77b-5e4a-abbe-6a72f8c4a2fa,73c2adbe-ffec-5ef3-a177-21dc252c73ab,4cdff911-df4f-5372-8103-5374eb970a39
0567487e-72fa-5639-b6f1-9d025e458541,9341cf1e-f77b-5e4a-abbe-6a72f8c4a2fa,73c2adbe-ffec-5ef3-a177-21dc252c73ab,a69d1693-6fb5-52f5-be41-ab34fe0da573
933701c8-a83e-52ce-97a1-cd6e4d920e16,9341cf1e-f77b-5e4a-abbe-6a72f8c4a2fa,73c2adbe-ffec-5ef3-a177-21dc252c73ab,052a7e42-8224-5b88-914c-b4a8661da001
1a7949d3-73dd-5f51-b5a8-d21a1074aad4,9341cf1e-f77b-5e4a-abbe-6a72f8c4a2fa,73c2adbe-ffec-5ef3-a177-21dc252c73ab,7ece39d2-5c1e-5514-96b1-31443e80370d
c8482c67-67aa-5680-b78c-01f4f8891213,9341cf1e-f77b-5e4a-abbe-6a72f8c4a2fa,73c2adbe-ffec-5ef3-a177-21dc252c73ab,adf474ab-77bf-5588-84d2-0b3e42316aca
a30d78c3-a3ef-5af0-ae27-c6b003923cf2,9341cf1e-f77b-5e4a-abbe-6a72f8c4a2fa,73c2adbe-ffec-5ef3-a177-21dc252c73ab,2e41edba-16e9-5e44-932f-ccededaa4b84
ab3adcd3-2b05-5b42-8279-b805f45d1ab0,9341cf1e-f77b-5e4a-abbe-6a72f8c4a2fa,73c2adbe-ffec-5ef3-a177-21dc252c73ab,ddf07508-5995-5e14-848f-efd9315c23a8
a04c446b-4b79-52bf-b53d-804e3429a27e,9341cf1e-f77b-5e4a-abbe-6a72f8c4a2fa,db83d865-001d-588d-9fb1-9cf1a84ff5b6,4cdff911-df4f-5372-8103-5374eb970a39
21acbd58-6d01-57cc-ad65-00e6db64d7e2,9341cf1e-f77b-5e4a-abbe-6a72f8c4a2fa,db83d865-001d-588d-9fb1-9cf1a84ff5b6,a69d1693-6fb5-52f5-be41-ab34fe0da573
b088367c-8a9c-5bae-a260-ea0cabd942fb,9341cf1e-f77b-5e4a-abbe-6a72f8c4a2fa,db83d865-001d-588d-9fb1-9cf1a84ff5b6,052a7e42-8224-5b88-914c-b4a8661da001
28bfa8b2-2bc7-5eb9-be97-a3ab93033fd4,9341cf1e-f77b-5e4a-abbe-6a72f8c4a2fa,db83d865-001d-588d-9fb1-9cf1a84ff5b6,7ece39d2-5c1e-5514-96b1-31443e80370d
afcd4e72-9353-5e06-83d7-fe21dad2f76b,9341cf1e-f77b-5e4a-abbe-6a72f8c4a2fa,db83d865-001d-588d-9fb1-9cf1a84ff5b6,7dd70c8d-a6f9-5716-9e10-8bfaae755a23
8b10fe05-0fe9-5745-9484-bf02d2b7be01,9341cf1e-f77b-5e4a-abbe-6a72f8c4a2fa,db83d865-001d-588d-9fb1-9cf1a84ff5b6,ddf07508-5995-5e14-848f-efd9315c23a8
6022b631-2895-5e6d-a7fe-b41b7961d250,9341cf1e-f77b-5e4a-abbe-6a72f8c4a2fa,db83d865-001d-588d-9fb1-9cf1a84ff5b6,83f377e2-8ec8-51dc-b0c7-04f44e29ba61
2a064357-3fc7-5108-8cf5-0be9df29768f,9341cf1e-f77b-5e4a-abbe-6a72f8c4a2fa,c318dc97-6919-5a3b-af41-b9b5a7697d33,4cdff911-df4f-5372-8103-5374eb970a39
b051c789-44da-5d64-ac90-31918d19d3a0,9341cf1e-f77b-5e4a-abbe-6a72f8c4a2fa,c318dc97-6919-5a3b-af41-b9b5a7697d33,a69d1693-6fb5-52f5-be41-ab34fe0da573
373b601d-8f52-5ed9-82dd-a274d4604238,9341cf1e-f77b-5e4a-abbe-6a72f8c4a2fa,c318dc97-6919-5a3b-af41-b9b5a7697d33,052a7e42-8224-5b88-914c-b4a8661da001
9b317ded-efc1-510b-a517-421835866f99,9341cf1e-f77b-5e4a-abbe-6a72f8c4a2fa,c318dc97-6919-5a3b-af41-b9b5a7697d33,adf474ab-77bf-5588-84d2-0b3e42316aca
ac812e2e-7953-532b-8f2e-f1ab59a68f6e,9341cf1e-f77b-5e4a-abbe-6a72f8c4a2fa,c318dc97-6919-5a3b-af41-b9b5a7697d33,7ece39d2-5c1e-5514-96b1-31443e80370d
46662d8d-93e5-5f9a-989a-ae50dd867f5f,9341cf1e-f77b-5e4a-abbe-6a72f8c4a2fa,c318dc97-6919-5a3b-af41-b9b5a7697d33,83f377e2-8ec8-51dc-b0c7-04f44e29ba61
82b4a6e3-965f-55a2-86c7-5568d1db4008,9341cf1e-f77b-5e4a-abbe-6a72f8c4a2fa,c318dc97-6919-5a3b-af41-b9b5a7697d33,7dd70c8d-a6f9-5716-9e10-8bfaae755a23
fa4b4278-0e5d-5cfc-897f-fc1bfc5e0edd,9341cf1e-f77b-5e4a-abbe-6a72f8c4a2fa,10af219f-8e29-5f97-b379-14228f812176,4cdff911-df4f-5372-8103-5374eb970a39
a46416b8-3240-5cf1-916a-b26f3f81a9d2,9341cf1e-f77b-5e4a-abbe-6a72f8c4a2fa,10af219f-8e29-5f97-b379-14228f812176,a69d1693-6fb5-52f5-be41-ab34fe0da573
3c980aaa-c699-5ae1-8665-4323c5e6820d,9341cf1e-f77b-5e4a-abbe-6a72f8c4a2fa,10af219f-8e29-5f97-b379-14228f812176,052a7e42-8224-5b88-914c-b4a8661da001
4af0a885-45f2-5814-a883-464aae3b1d3e,9341cf1e-f77b-5e4a-abbe-6a72f8c4a2fa,10af219f-8e29-5f97-b379-14228f812176,7dd70c8d-a6f9-5716-9e10-8bfaae755a23
67fdbef4-e9d1-59f9-93d1-a8636d6e5f2b,9341cf1e-f77b-5e4a-abbe-6a72f8c4a2fa,10af219f-8e29-5f97-b379-14228f812176,adf474ab-77bf-5588-84d2-0b3e42316aca
ff176882-c820-5949-8c13-1bff93f8025c,9341cf1e-f77b-5e4a-abbe-6a72f8c4a2fa,10af219f-8e29-5f97-b379-14228f812176,2e41edba-16e9-5e44-932f-ccededaa4b84
21b52fb9-e419-5a3e-9680-ec7c4d074ed2,9341cf1e-f77b-5e4a-abbe-6a72f8c4a2fa,10af219f-8e29-5f97-b379-14228f812176,ddf07508-5995-5e14-848f-efd9315c23a8
78a23599-4b4a-54d5-acd0-162831c11bda,9341cf1e-f77b-5e4a-abbe-6a72f8c4a2fa,a6632282-2b94-53ae-a2f4-84ac2fc47f4c,4cdff911-df4f-5372-8103-5374eb970a39
7cc530ec-3b97-5ec8-a8dd-691a47e28990,9341cf1e-f77b-5e4a-abbe-6a72f8c4a2fa,a6632282-2b94-53ae-a2f4-84ac2fc47f4c,a69d1693-6fb5-52f5-be41-ab34fe0da573
08c61f2d-f860-5bf6-8f8f-95952cd1d4f4,9341cf1e-f77b-5e4a-abbe-6a72f8c4a2fa,a6632282-2b94-53ae-a2f4-84ac2fc47f4c,052a7e42-8224-5b88-914c-b4a8661da001
a44de083-3693-54d8-8471-4b7e0b37d451,9341cf1e-f77b-5e4a-abbe-6a72f8c4a2fa,a6632282-2b94-53ae-a2f4-84ac2fc47f4c,7ece39d2-5c1e-5514-96b1-31443e80370d
c008ec9c-c6be-55ef-a2d9-82b1d74595f1,9341cf1e-f77b-5e4a-abbe-6a72f8c4a2fa,a6632282-2b94-53ae-a2f4-84ac2fc47f4c,7dd70c8d-a6f9-5716-9e10-8bfaae755a23
11e057e8-27bb-52d8-8be0-99995a54dd44,9341cf1e-f77b-5e4a-abbe-6a72f8c4a2fa,a6632282-2b94-53ae-a2f4-84ac2fc47f4c,ddf07508-5995-5e14-848f-efd9315c23a8
405aee39-7704-5067-a525-8ce29884e6f4,9341cf1e-f77b-5e4a-abbe-6a72f8c4a2fa,a6632282-2b94-53ae-a2f4-84ac2fc47f4c,adf474ab-77bf-5588-84d2-0b3e42316aca
a8b75f20-4bcd-5b08-9ddf-a93845d51525,9341cf1e-f77b-5e4a-abbe-6a72f8c4a2fa,036839e3-9029-5aee-af81-fcf8748c4a8a,4cdff911-df4f-5372-8103-5374eb970a39
df89857e-04c1-5373-a45b-e1aac43965bd,9341cf1e-f77b-5e4a-abbe-6a72f8c4a2fa,036839e3-9029-5aee-af81-fcf8748c4a8a,a69d1693-6fb5-52f5-be41-ab34fe0da573
9bc09c89-fb25-5cdb-b238-6381b3439d5d,9341cf1e-f77b-5e4a-abbe-6a72f8c4a2fa,036839e3-9029-5aee-af81-fcf8748c4a8a,052a7e42-8224-5b88-914c-b4a8661da001
de020b56-e47a-51ab-bc6f-e701c5b660ec,9341cf1e-f77b-5e4a-abbe-6a72f8c4a2fa,036839e3-9029-5aee-af81-fcf8748c4a8a,7ece39d2-5c1e-5514-96b1-31443e80370d
452652e2-890e-5422-8c1b-9da82b9b74fe,9341cf1e-f77b-5e4a-abbe-6a72f8c4a2fa,036839e3-9029-5aee-af81-fcf8748c4a8a,83f377e2-8ec8-51dc-b0c7-04f44e29ba61
abf93a0d-17f4-526a-b581-16ccb298f308,9341cf1e-f77b-5e4a-abbe-6a72f8c4a2fa,036839e3-9029-5aee-af81-fcf8748c4a8a,bc93b159-b124-574a-88bf-ba923848640a
eeb04872-cd08-5a44-82eb-fda888aedf3a,9341cf1e-f77b-5e4a-abbe-6a72f8c4a2fa,036839e3-9029-5aee-af81-fcf8748c4a8a,7dd70c8d-a6f9-5716-9e10-8bfaae755a23
8ecd59a5-de5b-535d-a533-a124aeb9dac5,9341cf1e-f77b-5e4a-abbe-6a72f8c4a2fa,f4b48d5a-4ff1-58c8-831b-0e51c5fe4614,1baa8e7b-5b41-5b69-9a43-a65ffe5c4469
c447cea4-61c9-57c8-bc28-2c19d34ca93f,9341cf1e-f77b-5e4a-abbe-6a72f8c4a2fa,f4b48d5a-4ff1-58c8-831b-0e51c5fe4614,5546b08d-d0d0-57f2-9786-7d7c985e0245
32c9e6b9-4511-54e9-b910-7bc9159eb73f,9341cf1e-f77b-5e4a-abbe-6a72f8c4a2fa,f4b48d5a-4ff1-58c8-831b-0e51c5fe4614,ee5fe543-38fb-51ba-8b68-690f7c0a4954
02fe6400-0f14-5f88-a0bc-aa5f9d772485,9341cf1e-f77b-5e4a-abbe-6a72f8c4a2fa,f4b48d5a-4ff1-58c8-831b-0e51c5fe4614,bd131888-4476-5f15-abb8-695db9306179
569eaf38-c7fc-5850-9063-b8474a9cc3c4,9341cf1e-f77b-5e4a-abbe-6a72f8c4a2fa,f4b48d5a-4ff1-58c8-831b-0e51c5fe4614,ba8c2380-62e8-596a-b791-d4e904870630
098d9f50-f8fa-5964-ad0e-0bb6ad7460ce,9341cf1e-f77b-5e4a-abbe-6a72f8c4a2fa,f4b48d5a-4ff1-58c8-831b-0e51c5fe4614,c10ec805-1ed0-52a3-bb3e-5fa546228355
69b96704-e615-5d86-a730-d5f908479638,9341cf1e-f77b-5e4a-abbe-6a72f8c4a2fa,f4b48d5a-4ff1-58c8-831b-0e51c5fe4614,eb8cd119-1ee7-5755-9707-4a269052b613
400c38cc-7b91-592c-844a-245257d5fd5b,9341cf1e-f77b-5e4a-abbe-6a72f8c4a2fa,15204562-8739-57ce-a891-599634f8e229,1baa8e7b-5b41-5b69-9a43-a65ffe5c4469
df607f92-7b12-58c1-88be-2729d8264a85,9341cf1e-f77b-5e4a-abbe-6a72f8c4a2fa,15204562-8739-57ce-a891-599634f8e229,5546b08d-d0d0-57f2-9786-7d7c985e0245
ad867d3b-6d20-579d-a618-31e85c54b237,9341cf1e-f77b-5e4a-abbe-6a72f8c4a2fa,15204562-8739-57ce-a891-599634f8e229,ee5fe543-38fb-51ba-8b68-690f7c0a4954
bf7d2e05-72df-569b-9035-dfd9400684fc,9341cf1e-f77b-5e4a-abbe-6a72f8c4a2fa,15204562-8739-57ce-a891-599634f8e229,c10ec805-1ed0-52a3-bb3e-5fa546228355
9e950cc0-7201-5fef-b1fb-7eb84fcc7e52,9341cf1e-f77b-5e4a-abbe-6a72f8c4a2fa,15204562-8739-57ce-a891-599634f8e229,bd131888-4476-5f15-abb8-695db9306179
64361b97-9ff8-5167-94eb-f4fa9ae3824c,9341cf1e-f77b-5e4a-abbe-6a72f8c4a2fa,15204562-8739-57ce-a891-599634f8e229,e91c4eda-0443-5ed4-bff3-2ce94734a9d6
530fd3d2-67d7-5c8c-8448-a8515f0d4bef,9341cf1e-f77b-5e4a-abbe-6a72f8c4a2fa,15204562-8739-57ce-a891-599634f8e229,393ea450-8583-5eb0-a331-eb2703165298
2382f2cc-a2a9-5433-b41f-d7b70ab07c8e,9341cf1e-f77b-5e4a-abbe-6a72f8c4a2fa,f714ebb8-4de4-538c-860b-f04ffadb6dc7,1baa8e7b-5b41-5b69-9a43-a65ffe5c4469
5ee4d011-72d6-5d7f-8674-2ab78818902d,9341cf1e-f77b-5e4a-abbe-6a72f8c4a2fa,f714ebb8-4de4-538c-860b-f04ffadb6dc7,5546b08d-d0d0-57f2-9786-7d7c985e0245
2a1b64ff-2443-5682-858e-af29c9b3cdea,9341cf1e-f77b-5e4a-abbe-6a72f8c4a2fa,f714ebb8-4de4-538c-860b-f04ffadb6dc7,ee5fe543-38fb-51ba-8b68-690f7c0a4954
f8b0eece-525a-5afe-b415-cdcabf9ffa46,9341cf1e-f77b-5e4a-abbe-6a72f8c4a2fa,f714ebb8-4de4-538c-860b-f04ffadb6dc7,e91c4eda-0443-5ed4-bff3-2ce94734a9d6
98d6fb17-db3a-5a16-a820-d0dc61250aed,9341cf1e-f77b-5e4a-abbe-6a72f8c4a2fa,f714ebb8-4de4-538c-860b-f04ffadb6dc7,ba8c2380-62e8-596a-b791-d4e904870630
b492b1c3-6a33-505b-abc9-6ee67c9700ea,9341cf1e-f77b-5e4a-abbe-6a72f8c4a2fa,f714ebb8-4de4-538c-860b-f04ffadb6dc7,c10ec805-1ed0-52a3-bb3e-5fa546228355
cdc1c86d-522a-51e1-9970-e174e312f766,9341cf1e-f77b-5e4a-abbe-6a72f8c4a2fa,f714ebb8-4de4-538c-860b-f04ffadb6dc7,7ed4390c-44a7-528d-a267-298172283911
e936f98a-226e-5a6a-ad68-9c0f983f16f7,9341cf1e-f77b-5e4a-abbe-6a72f8c4a2fa,267ce91b-e86b-5f8d-8e64-5bca801a721c,1baa8e7b-5b41-5b69-9a43-a65ffe5c4469
24643d26-9a43-5d4c-b6c1-785ada8537f9,9341cf1e-f77b-5e4a-abbe-6a72f8c4a2fa,267ce91b-e86b-5f8d-8e64-5bca801a721c,5546b08d-d0d0-57f2-9786-7d7c985e0245
8702571c-a137-59e3-903b-2da5d86e105b,9341cf1e-f77b-5e4a-abbe-6a72f8c4a2fa,267ce91b-e86b-5f8d-8e64-5bca801a721c,ee5fe543-38fb-51ba-8b68-690f7c0a4954
37c4e5b4-4d76-572b-91ee-225d36e20964,9341cf1e-f77b-5e4a-abbe-6a72f8c4a2fa,267ce91b-e86b-5f8d-8e64-5bca801a721c,bd131888-4476-5f15-abb8-695db9306179
8159152e-2314-5f4f-bfc8-21d7bce0636f,9341cf1e-f77b-5e4a-abbe-6a72f8c4a2fa,267ce91b-e86b-5f8d-8e64-5bca801a721c,ba8c2380-62e8-596a-b791-d4e904870630
9de7b969-6589-5701-bc8a-fb756de31273,9341cf1e-f77b-5e4a-abbe-6a72f8c4a2fa,267ce91b-e86b-5f8d-8e64-5bca801a721c,e91c4eda-0443-5ed4-bff3-2ce94734a9d6
366aa8ab-e40e-55f1-9b42-f2b6d1248331,9341cf1e-f77b-5e4a-abbe-6a72f8c4a2fa,267ce91b-e86b-5f8d-8e64-5bca801a721c,393ea450-8583-5eb0-a331-eb2703165298
58ab0e04-b19c-5e70-a559-e32f60e30c50,9341cf1e-f77b-5e4a-abbe-6a72f8c4a2fa,c2de7554-0a0c-58ab-bcc2-24024dbd0435,1baa8e7b-5b41-5b69-9a43-a65ffe5c4469
4b68fed5-bc68-575f-a217-e9a2a9eecbe3,9341cf1e-f77b-5e4a-abbe-6a72f8c4a2fa,c2de7554-0a0c-58ab-bcc2-24024dbd0435,5546b08d-d0d0-57f2-9786-7d7c985e0245
07473141-5264-515a-a3a8-638834bdd442,9341cf1e-f77b-5e4a-abbe-6a72f8c4a2fa,c2de7554-0a0c-58ab-bcc2-24024dbd0435,ee5fe543-38fb-51ba-8b68-690f7c0a4954
7bb29d09-e212-5795-b140-c2f5c0987b70,9341cf1e-f77b-5e4a-abbe-6a72f8c4a2fa,c2de7554-0a0c-58ab-bcc2-24024dbd0435,e91c4eda-0443-5ed4-bff3-2ce94734a9d6
6501f65a-0ec4-53ef-bb22-94c8862bc29b,9341cf1e-f77b-5e4a-abbe-6a72f8c4a2fa,c2de7554-0a0c-58ab-bcc2-24024dbd0435,7ed4390c-44a7-528d-a267-298172283911
6a75077b-a1c3-508f-b4e1-cbbca9955a6c,9341cf1e-f77b-5e4a-abbe-6a72f8c4a2fa,c2de7554-0a0c-58ab-bcc2-24024dbd0435,bd131888-4476-5f15-abb8-695db9306179
26c4c73f-1421-53c6-b0ee-76120afac397,9341cf1e-f77b-5e4a-abbe-6a72f8c4a2fa,c2de7554-0a0c-58ab-bcc2-24024dbd0435,393ea450-8583-5eb0-a331-eb2703165298
1c33263f-17da-59ef-aac7-4194f35cb884,9341cf1e-f77b-5e4a-abbe-6a72f8c4a2fa,8704dc9d-2cf1-50f9-b530-a7b80b0e897e,1baa8e7b-5b41-5b69-9a43-a65ffe5c4469
0730e963-cdc2-5d54-9931-7d0fb4ec8e7d,9341cf1e-f77b-5e4a-abbe-6a72f8c4a2fa,8704dc9d-2cf1-50f9-b530-a7b80b0e897e,5546b08d-d0d0-57f2-9786-7d7c985e0245
993b4fa0-fefd-57a2-b81a-83e2391d09e0,9341cf1e-f77b-5e4a-abbe-6a72f8c4a2fa,8704dc9d-2cf1-50f9-b530-a7b80b0e897e,ee5fe543-38fb-51ba-8b68-690f7c0a4954
b78cb246-e860-5ba3-9fb8-66f85da72f4c,9341cf1e-f77b-5e4a-abbe-6a72f8c4a2fa,8704dc9d-2cf1-50f9-b530-a7b80b0e897e,ba8c2380-62e8-596a-b791-d4e904870630
58f76759-6663-5ee8-8945-ebbe66b23f9b,9341cf1e-f77b-5e4a-abbe-6a72f8c4a2fa,8704dc9d-2cf1-50f9-b530-a7b80b0e897e,e91c4eda-0443-5ed4-bff3-2ce94734a9d6
b850eefa-ebea-5f20-9925-4e0c6d53728f,9341cf1e-f77b-5e4a-abbe-6a72f8c4a2fa,8704dc9d-2cf1-50f9-b530-a7b80b0e897e,7ed4390c-44a7-528d-a267-298172283911
29083653-8204-5ed6-9f65-d7ad768c7ba1,9341cf1e-f77b-5e4a-abbe-6a72f8c4a2fa,8704dc9d-2cf1-50f9-b530-a7b80b0e897e,c10ec805-1ed0-52a3-bb3e-5fa546228355
f342cbe8-da87-59da-ba3f-d70cfe8d4343,9341cf1e-f77b-5e4a-abbe-6a72f8c4a2fa,88df413d-7da9-506c-9b59-3acb3280d64c,1baa8e7b-5b41-5b69-9a43-a65ffe5c4469
5c641c9b-9363-5e6f-9e10-36c908f03056,9341cf1e-f77b-5e4a-abbe-6a72f8c4a2fa,88df413d-7da9-506c-9b59-3acb3280d64c,5546b08d-d0d0-57f2-9786-7d7c985e0245
411cd897-6685-5700-a834-16687ad0ad39,9341cf1e-f77b-5e4a-abbe-6a72f8c4a2fa,88df413d-7da9-506c-9b59-3acb3280d64c,ee5fe543-38fb-51ba-8b68-690f7c0a4954
431e0683-8bc8-5d8f-9a3b-ce9902625314,9341cf1e-f77b-5e4a-abbe-6a72f8c4a2fa,88df413d-7da9-506c-9b59-3acb3280d64c,e91c4eda-0443-5ed4-bff3-2ce94734a9d6
5d8dce16-b3a1-5d22-ad84-bf4f647ebd91,9341cf1e-f77b-5e4a-abbe-6a72f8c4a2fa,88df413d-7da9-506c-9b59-3acb3280d64c,393ea450-8583-5eb0-a331-eb2703165298
37413312-9e12-54f0-9d49-403f102d39da,9341cf1e-f77b-5e4a-abbe-6a72f8c4a2fa,88df413d-7da9-506c-9b59-3acb3280d64c,ba8c2380-62e8-596a-b791-d4e904870630
7f8bd98e-d59a-5469-8f83-0e9730a15b3b,9341cf1e-f77b-5e4a-abbe-6a72f8c4a2fa,88df413d-7da9-506c-9b59-3acb3280d64c,bd131888-4476-5f15-abb8-695db9306179
88e4c95d-9eba-55c2-aabb-5af72746b81b,9341cf1e-f77b-5e4a-abbe-6a72f8c4a2fa,6856593e-c3bb-548a-a9be-6476d125ff2c,1baa8e7b-5b41-5b69-9a43-a65ffe5c4469
b0e2b797-8525-5d6a-8149-bb14a2f30a22,9341cf1e-f77b-5e4a-abbe-6a72f8c4a2fa,6856593e-c3bb-548a-a9be-6476d125ff2c,5546b08d-d0d0-57f2-9786-7d7c985e0245
60126d4b-2fc9-5bee-a63f-48f0d867a08f,9341cf1e-f77b-5e4a-abbe-6a72f8c4a2fa,6856593e-c3bb-548a-a9be-6476d125ff2c,ee5fe543-38fb-51ba-8b68-690f7c0a4954
787ead29-4033-5511-9d41-52fafc45f60d,9341cf1e-f77b-5e4a-abbe-6a72f8c4a2fa,6856593e-c3bb-548a-a9be-6476d125ff2c,ba8c2380-62e8-596a-b791-d4e904870630
3162fb98-9cdd-5233-ada6-d00aeef1d8a2,9341cf1e-f77b-5e4a-abbe-6a72f8c4a2fa,6856593e-c3bb-548a-a9be-6476d125ff2c,c10ec805-1ed0-52a3-bb3e-5fa546228355
ac30072a-2704-5c68-8841-03896e0806ea,9341cf1e-f77b-5e4a-abbe-6a72f8c4a2fa,6856593e-c3bb-548a-a9be-6476d125ff2c,393ea450-8583-5eb0-a331-eb2703165298
7e9be283-5c11-58a3-ae33-f15f2ae9b6d5,9341cf1e-f77b-5e4a-abbe-6a72f8c4a2fa,6856593e-c3bb-548a-a9be-6476d125ff2c,7ed4390c-44a7-528d-a267-298172283911
f39c91a8-b4ad-5d08-81d2-1cd395027689,9341cf1e-f77b-5e4a-abbe-6a72f8c4a2fa,3b73e446-9377-51a3-b011-19d140691db7,1baa8e7b-5b41-5b69-9a43-a65ffe5c4469
ad9162e5-ff4d-5db6-aaea-1bd10f3abf9a,9341cf1e-f77b-5e4a-abbe-6a72f8c4a2fa,3b73e446-9377-51a3-b011-19d140691db7,5546b08d-d0d0-57f2-9786-7d7c985e0245
5f57ebcb-c5d9-57b8-a676-8afc1695e0e1,9341cf1e-f77b-5e4a-abbe-6a72f8c4a2fa,3b73e446-9377-51a3-b011-19d140691db7,ee5fe543-38fb-51ba-8b68-690f7c0a4954
6d996f2f-93a5-5afc-9fbe-5d0ff2150778,9341cf1e-f77b-5e4a-abbe-6a72f8c4a2fa,3b73e446-9377-51a3-b011-19d140691db7,eb8cd119-1ee7-5755-9707-4a269052b613
9ad67f59-1475-5da1-873d-c6fd790fd06e,9341cf1e-f77b-5e4a-abbe-6a72f8c4a2fa,3b73e446-9377-51a3-b011-19d140691db7,c10ec805-1ed0-52a3-bb3e-5fa546228355
5a6b0037-ad28-53ed-98b3-3ee8cbd488d6,9341cf1e-f77b-5e4a-abbe-6a72f8c4a2fa,3b73e446-9377-51a3-b011-19d140691db7,393ea450-8583-5eb0-a331-eb2703165298
6e3802e6-f99c-5c24-9289-fffa6ff2a0d2,9341cf1e-f77b-5e4a-abbe-6a72f8c4a2fa,3b73e446-9377-51a3-b011-19d140691db7,e91c4eda-0443-5ed4-bff3-2ce94734a9d6
84c599d4-bbdd-51e1-8202-a495e7b3c5bd,9341cf1e-f77b-5e4a-abbe-6a72f8c4a2fa,ff630e72-98b9-5a01-a187-c31fca487783,1baa8e7b-5b41-5b69-9a43-a65ffe5c4469
82aa44f9-51bf-5990-8656-300b47a81a09,9341cf1e-f77b-5e4a-abbe-6a72f8c4a2fa,ff630e72-98b9-5a01-a187-c31fca487783,5546b08d-d0d0-57f2-9786-7d7c985e0245
1f78a74d-a793-5143-81d5-9e648aa4e911,9341cf1e-f77b-5e4a-abbe-6a72f8c4a2fa,ff630e72-98b9-5a01-a187-c31fca487783,ee5fe543-38fb-51ba-8b68-690f7c0a4954
bc11c704-c33b-5aed-9877-4d7dbc806d37,9341cf1e-f77b-5e4a-abbe-6a72f8c4a2fa,ff630e72-98b9-5a01-a187-c31fca487783,eb8cd119-1ee7-5755-9707-4a269052b613
80a19bf4-eb33-5b9a-b636-6037e3be60c8,9341cf1e-f77b-5e4a-abbe-6a72f8c4a2fa,ff630e72-98b9-5a01-a187-c31fca487783,c10ec805-1ed0-52a3-bb3e-5fa546228355
888af745-12bf-5d1d-a33b-c355db7336c0,9341cf1e-f77b-5e4a-abbe-6a72f8c4a2fa,ff630e72-98b9-5a01-a187-c31fca487783,393ea450-8583-5eb0-a331-eb2703165298
f2c598f3-c456-528e-b68a-7f902b64d69b,9341cf1e-f77b-5e4a-abbe-6a72f8c4a2fa,ff630e72-98b9-5a01-a187-c31fca487783,e91c4eda-0443-5ed4-bff3-2ce94734a9d6
049f6c88-de57-5777-8f79-d9365bb78e85,9341cf1e-f77b-5e4a-abbe-6a72f8c4a2fa,460df2d7-9967-55f1-96e0-a2d06f86813a,07e9d181-9d35-545a-8df2-2047ca1f90eb
42d22d0e-d34a-51bc-9ef1-55f1d6ff8b94,9341cf1e-f77b-5e4a-abbe-6a72f8c4a2fa,460df2d7-9967-55f1-96e0-a2d06f86813a,76355eb7-c163-5d63-8142-64d301d235ca
cb4d8cbb-01bf-599b-b8f4-ea28380ead06,9341cf1e-f77b-5e4a-abbe-6a72f8c4a2fa,460df2d7-9967-55f1-96e0-a2d06f86813a,5a6a062f-885e-59f0-a395-17203ad424a3
c0aaf3f4-99b4-5f11-a889-f5a8e0a59bd7,9341cf1e-f77b-5e4a-abbe-6a72f8c4a2fa,460df2d7-9967-55f1-96e0-a2d06f86813a,15fddcb2-1336-5b50-8608-c3a03af24328
35971b56-ac14-5d18-8ffa-b1c73879e0b1,9341cf1e-f77b-5e4a-abbe-6a72f8c4a2fa,460df2d7-9967-55f1-96e0-a2d06f86813a,7eb183fc-f414-5f18-8326-f26e589aeb14
e6a88315-4c6b-5795-9f7f-93fa0f73db61,9341cf1e-f77b-5e4a-abbe-6a72f8c4a2fa,460df2d7-9967-55f1-96e0-a2d06f86813a,59dcbdee-5272-5d6e-8be4-4d8a295049b1
1f272f23-fef4-5f96-af0b-b7e29f407616,9341cf1e-f77b-5e4a-abbe-6a72f8c4a2fa,460df2d7-9967-55f1-96e0-a2d06f86813a,25610d87-3b94-58bd-9721-8bd3dc495675
2c0b5ef3-cfe8-50b0-9f53-20622c596398,9341cf1e-f77b-5e4a-abbe-6a72f8c4a2fa,5969c6ee-d493-58e9-b9ca-25bf42363259,07e9d181-9d35-545a-8df2-2047ca1f90eb
c90a429d-30d5-5b03-95bf-8e8fd9885fdc,9341cf1e-f77b-5e4a-abbe-6a72f8c4a2fa,5969c6ee-d493-58e9-b9ca-25bf42363259,76355eb7-c163-5d63-8142-64d301d235ca
a9025f2f-766c-5087-85e7-6577accd8ec9,9341cf1e-f77b-5e4a-abbe-6a72f8c4a2fa,5969c6ee-d493-58e9-b9ca-25bf42363259,5a6a062f-885e-59f0-a395-17203ad424a3
2d994e65-83cd-5ce2-a515-c5cc12c2ccc9,9341cf1e-f77b-5e4a-abbe-6a72f8c4a2fa,5969c6ee-d493-58e9-b9ca-25bf42363259,59dcbdee-5272-5d6e-8be4-4d8a295049b1
9d2ed54a-b7ab-59f3-8d75-bcd6e8348223,9341cf1e-f77b-5e4a-abbe-6a72f8c4a2fa,5969c6ee-d493-58e9-b9ca-25bf42363259,18efdf1e-3eaf-557e-acff-ae769ddbdaf9
18c7dc0e-8b33-5d7f-be31-4c83a306bc41,9341cf1e-f77b-5e4a-abbe-6a72f8c4a2fa,5969c6ee-d493-58e9-b9ca-25bf42363259,25610d87-3b94-58bd-9721-8bd3dc495675
bd043538-5c3a-5723-b4b7-eec7b58806b7,9341cf1e-f77b-5e4a-abbe-6a72f8c4a2fa,5969c6ee-d493-58e9-b9ca-25bf42363259,15fddcb2-1336-5b50-8608-c3a03af24328
264e03ea-c975-592e-8c0b-bbc752343af1,9341cf1e-f77b-5e4a-abbe-6a72f8c4a2fa,c5c86d43-44be-5cbe-91cc-60df439be2ab,07e9d181-9d35-545a-8df2-2047ca1f90eb
105f7f3a-f702-5b64-8d67-bdba2d3b9dd8,9341cf1e-f77b-5e4a-abbe-6a72f8c4a2fa,c5c86d43-44be-5cbe-91cc-60df439be2ab,76355eb7-c163-5d63-8142-64d301d235ca
7ff2374b-a80c-5fa3-b922-1f2b193d6727,9341cf1e-f77b-5e4a-abbe-6a72f8c4a2fa,c5c86d43-44be-5cbe-91cc-60df439be2ab,5a6a062f-885e-59f0-a395-17203ad424a3
65064578-756c-5d7b-a281-4b9232d413f1,9341cf1e-f77b-5e4a-abbe-6a72f8c4a2fa,c5c86d43-44be-5cbe-91cc-60df439be2ab,756489f8-da49-5f2f-9c93-b81cb04a897f
d4ddde37-60d5-5a05-8add-1f860557b9ba,9341cf1e-f77b-5e4a-abbe-6a72f8c4a2fa,c5c86d43-44be-5cbe-91cc-60df439be2ab,59dcbdee-5272-5d6e-8be4-4d8a295049b1
53fcbce7-beaf-557d-b85c-6f19be1e9002,9341cf1e-f77b-5e4a-abbe-6a72f8c4a2fa,c5c86d43-44be-5cbe-91cc-60df439be2ab,7eb183fc-f414-5f18-8326-f26e589aeb14
5d93e85e-1e79-5b48-bb69-006b2f0feb65,9341cf1e-f77b-5e4a-abbe-6a72f8c4a2fa,c5c86d43-44be-5cbe-91cc-60df439be2ab,25610d87-3b94-58bd-9721-8bd3dc495675
78d29825-58a0-5123-9a28-f63a29492825,9341cf1e-f77b-5e4a-abbe-6a72f8c4a2fa,b16a808e-74a4-50a3-8106-03904a53a1d7,07e9d181-9d35-545a-8df2-2047ca1f90eb
dc271ca6-454a-52d4-ae24-5dcaba9e196f,9341cf1e-f77b-5e4a-abbe-6a72f8c4a2fa,b16a808e-74a4-50a3-8106-03904a53a1d7,76355eb7-c163-5d63-8142-64d301d235ca
a46c6add-fa25-5557-9be1-ee5b74fc6c85,9341cf1e-f77b-5e4a-abbe-6a72f8c4a2fa,b16a808e-74a4-50a3-8106-03904a53a1d7,5a6a062f-885e-59f0-a395-17203ad424a3
55a05756-055c-5d12-978b-6e298d19d6eb,9341cf1e-f77b-5e4a-abbe-6a72f8c4a2fa,b16a808e-74a4-50a3-8106-03904a53a1d7,756489f8-da49-5f2f-9c93-b81cb04a897f
e07aac58-1cd1-5562-9db6-eef1b42ff798,9341cf1e-f77b-5e4a-abbe-6a72f8c4a2fa,b16a808e-74a4-50a3-8106-03904a53a1d7,c2378224-19b1-580e-8f55-88d8eefe3377
0b501272-f612-5b45-b1cf-664451351b6e,9341cf1e-f77b-5e4a-abbe-6a72f8c4a2fa,b16a808e-74a4-50a3-8106-03904a53a1d7,18efdf1e-3eaf-557e-acff-ae769ddbdaf9
cc45e511-ab27-5e53-aa09-45f3c70b1ec6,9341cf1e-f77b-5e4a-abbe-6a72f8c4a2fa,b16a808e-74a4-50a3-8106-03904a53a1d7,7eb183fc-f414-5f18-8326-f26e589aeb14
f6e1a75e-6133-5471-a535-f7faf971daca,9341cf1e-f77b-5e4a-abbe-6a72f8c4a2fa,2ee6c4eb-efbc-5d00-b4fe-41a1dc870392,07e9d181-9d35-545a-8df2-2047ca1f90eb
75651776-f4f1-50d8-8f2f-1be5e8f3d9c4,9341cf1e-f77b-5e4a-abbe-6a72f8c4a2fa,2ee6c4eb-efbc-5d00-b4fe-41a1dc870392,76355eb7-c163-5d63-8142-64d301d235ca
ba81286a-dd79-5b0b-9f7e-285eda9ec09c,9341cf1e-f77b-5e4a-abbe-6a72f8c4a2fa,2ee6c4eb-efbc-5d00-b4fe-41a1dc870392,5a6a062f-885e-59f0-a395-17203ad424a3
46e4503c-2112-5d34-aafe-b7249af5b093,9341cf1e-f77b-5e4a-abbe-6a72f8c4a2fa,2ee6c4eb-efbc-5d00-b4fe-41a1dc870392,c2378224-19b1-580e-8f55-88d8eefe3377
7a68326e-1f22-5402-b09b-6a14c4a77ef1,9341cf1e-f77b-5e4a-abbe-6a72f8c4a2fa,2ee6c4eb-efbc-5d00-b4fe-41a1dc870392,756489f8-da49-5f2f-9c93-b81cb04a897f
fdeb24ae-4877-5f8e-832d-abaf61716c4d,9341cf1e-f77b-5e4a-abbe-6a72f8c4a2fa,2ee6c4eb-efbc-5d00-b4fe-41a1dc870392,7eb183fc-f414-5f18-8326-f26e589aeb14
4902c79a-cca2-58ed-a191-8636ec1e8290,9341cf1e-f77b-5e4a-abbe-6a72f8c4a2fa,2ee6c4eb-efbc-5d00-b4fe-41a1dc870392,59dcbdee-5272-5d6e-8be4-4d8a295049b1
263f7bcd-3216-5c07-8989-3a07ffe10ad4,9341cf1e-f77b-5e4a-abbe-6a72f8c4a2fa,42fda757-1176-5d68-bc01-7baef2c3de84,07e9d181-9d35-545a-8df2-2047ca1f90eb
29f90d90-367d-593e-9850-25287bcdee67,9341cf1e-f77b-5e4a-abbe-6a72f8c4a2fa,42fda757-1176-5d68-bc01-7baef2c3de84,76355eb7-c163-5d63-8142-64d301d235ca
3a44e2bf-fe93-578e-9d7d-1983704a6d08,9341cf1e-f77b-5e4a-abbe-6a72f8c4a2fa,42fda757-1176-5d68-bc01-7baef2c3de84,5a6a062f-885e-59f0-a395-17203ad424a3
9edc9410-c3ba-5e01-89f8-74618189d7a7,9341cf1e-f77b-5e4a-abbe-6a72f8c4a2fa,42fda757-1176-5d68-bc01-7baef2c3de84,7eb183fc-f414-5f18-8326-f26e589aeb14
29131de7-13e9-5975-90d1-ca155215110f,9341cf1e-f77b-5e4a-abbe-6a72f8c4a2fa,42fda757-1176-5d68-bc01-7baef2c3de84,59dcbdee-5272-5d6e-8be4-4d8a295049b1
e49df08b-2032-5dba-b1f6-397685b400d0,9341cf1e-f77b-5e4a-abbe-6a72f8c4a2fa,42fda757-1176-5d68-bc01-7baef2c3de84,15fddcb2-1336-5b50-8608-c3a03af24328
f04cdd62-fea7-5e1e-be36-70a1e1ea46f2,9341cf1e-f77b-5e4a-abbe-6a72f8c4a2fa,42fda757-1176-5d68-bc01-7baef2c3de84,756489f8-da49-5f2f-9c93-b81cb04a897f
7fa3c589-347e-545b-9254-f2ea42f32f3c,9341cf1e-f77b-5e4a-abbe-6a72f8c4a2fa,6fde58ec-7470-53da-a342-eb730b236399,07e9d181-9d35-545a-8df2-2047ca1f90eb
b73c4146-e97e-584a-90f3-fe9690590430,9341cf1e-f77b-5e4a-abbe-6a72f8c4a2fa,6fde58ec-7470-53da-a342-eb730b236399,76355eb7-c163-5d63-8142-64d301d235ca
b8b6ee4b-2fde-5db4-965d-a5e6a07eac2f,9341cf1e-f77b-5e4a-abbe-6a72f8c4a2fa,6fde58ec-7470-53da-a342-eb730b236399,5a6a062f-885e-59f0-a395-17203ad424a3
1ec7061d-26d5-565c-8f7e-6efaff9e3716,9341cf1e-f77b-5e4a-abbe-6a72f8c4a2fa,6fde58ec-7470-53da-a342-eb730b236399,25610d87-3b94-58bd-9721-8bd3dc495675
7fbffc18-6283-5da6-9525-36ef771d480e,9341cf1e-f77b-5e4a-abbe-6a72f8c4a2fa,6fde58ec-7470-53da-a342-eb730b236399,7eb183fc-f414-5f18-8326-f26e589aeb14
5ad5e1a9-2da3-526a-8413-d800e32f87e1,9341cf1e-f77b-5e4a-abbe-6a72f8c4a2fa,6fde58ec-7470-53da-a342-eb730b236399,18efdf1e-3eaf-557e-acff-ae769ddbdaf9
634ab406-9be7-5b17-88c7-fdb4c016b9fa,9341cf1e-f77b-5e4a-abbe-6a72f8c4a2fa,6fde58ec-7470-53da-a342-eb730b236399,15fddcb2-1336-5b50-8608-c3a03af24328
2c03300b-3270-55af-b301-9ebbb2390bf9,9341cf1e-f77b-5e4a-abbe-6a72f8c4a2fa,4e3d30ab-b510-5b7d-bd38-b0df7dddfa57,07e9d181-9d35-545a-8df2-2047ca1f90eb
a509040f-21c5-5e71-a22c-a48cb0d757d5,9341cf1e-f77b-5e4a-abbe-6a72f8c4a2fa,4e3d30ab-b510-5b7d-bd38-b0df7dddfa57,76355eb7-c163-5d63-8142-64d301d235ca
ab877a92-9361-5eb4-b187-ca6548e9dc01,9341cf1e-f77b-5e4a-abbe-6a72f8c4a2fa,4e3d30ab-b510-5b7d-bd38-b0df7dddfa57,5a6a062f-885e-59f0-a395-17203ad424a3
d2705b9f-a674-58d5-a091-f745e50d4d4f,9341cf1e-f77b-5e4a-abbe-6a72f8c4a2fa,4e3d30ab-b510-5b7d-bd38-b0df7dddfa57,15fddcb2-1336-5b50-8608-c3a03af24328
240f6206-d3a0-5294-8866-3706c9e35e20,9341cf1e-f77b-5e4a-abbe-6a72f8c4a2fa,4e3d30ab-b510-5b7d-bd38-b0df7dddfa57,25610d87-3b94-58bd-9721-8bd3dc495675
e3dab234-c6ba-58ed-91e7-7134862d7956,9341cf1e-f77b-5e4a-abbe-6a72f8c4a2fa,4e3d30ab-b510-5b7d-bd38-b0df7dddfa57,59dcbdee-5272-5d6e-8be4-4d8a295049b1
61de0f93-cb6a-5e5e-9146-13241148377c,9341cf1e-f77b-5e4a-abbe-6a72f8c4a2fa,4e3d30ab-b510-5b7d-bd38-b0df7dddfa57,756489f8-da49-5f2f-9c93-b81cb04a897f
49b890c6-7f2a-5cfd-bf91-eeaff59c207a,9341cf1e-f77b-5e4a-abbe-6a72f8c4a2fa,0c6d3f5e-c77e-5a97-8610-eebdd3a78c3d,07e9d181-9d35-545a-8df2-2047ca1f90eb
da01d212-88d3-58a3-bc2b-ae0ed27ae97d,9341cf1e-f77b-5e4a-abbe-6a72f8c4a2fa,0c6d3f5e-c77e-5a97-8610-eebdd3a78c3d,76355eb7-c163-5d63-8142-64d301d235ca
51bceef7-8205-5988-a985-9887ffed2ad7,9341cf1e-f77b-5e4a-abbe-6a72f8c4a2fa,0c6d3f5e-c77e-5a97-8610-eebdd3a78c3d,5a6a062f-885e-59f0-a395-17203ad424a3
9bc45afe-0f0f-5d5a-86bc-7a602553a9d8,9341cf1e-f77b-5e4a-abbe-6a72f8c4a2fa,0c6d3f5e-c77e-5a97-8610-eebdd3a78c3d,756489f8-da49-5f2f-9c93-b81cb04a897f
1b09f6b0-6796-5178-aca0-16471672c065,9341cf1e-f77b-5e4a-abbe-6a72f8c4a2fa,0c6d3f5e-c77e-5a97-8610-eebdd3a78c3d,25610d87-3b94-58bd-9721-8bd3dc495675
c5d2ad4e-7d66-53df-9f09-51665555ab34,9341cf1e-f77b-5e4a-abbe-6a72f8c4a2fa,0c6d3f5e-c77e-5a97-8610-eebdd3a78c3d,18efdf1e-3eaf-557e-acff-ae769ddbdaf9
059e1ac4-a97b-5895-a4ef-a82bfce1b775,9341cf1e-f77b-5e4a-abbe-6a72f8c4a2fa,0c6d3f5e-c77e-5a97-8610-eebdd3a78c3d,7eb183fc-f414-5f18-8326-f26e589aeb14
35cf2286-2568-5121-be57-5906b90322da,9341cf1e-f77b-5e4a-abbe-6a72f8c4a2fa,cabc669f-b3f1-599e-84f7-7d11009c0ead,07e9d181-9d35-545a-8df2-2047ca1f90eb
d6e1c2cd-6463-54a0-9026-db8c8a08d52f,9341cf1e-f77b-5e4a-abbe-6a72f8c4a2fa,cabc669f-b3f1-599e-84f7-7d11009c0ead,76355eb7-c163-5d63-8142-64d301d235ca
3e681ce5-82c5-5e7d-9270-1b1d4d7fcb72,9341cf1e-f77b-5e4a-abbe-6a72f8c4a2fa,cabc669f-b3f1-599e-84f7-7d11009c0ead,5a6a062f-885e-59f0-a395-17203ad424a3
00447dd8-df40-510d-b6c4-82d8158ee580,9341cf1e-f77b-5e4a-abbe-6a72f8c4a2fa,cabc669f-b3f1-599e-84f7-7d11009c0ead,18efdf1e-3eaf-557e-acff-ae769ddbdaf9
76592aab-e9d8-585a-b917-35eaf59d65c2,9341cf1e-f77b-5e4a-abbe-6a72f8c4a2fa,cabc669f-b3f1-599e-84f7-7d11009c0ead,59dcbdee-5272-5d6e-8be4-4d8a295049b1
2c1d9a3d-e3a3-544f-9bb7-8d4a5a392f2b,9341cf1e-f77b-5e4a-abbe-6a72f8c4a2fa,cabc669f-b3f1-599e-84f7-7d11009c0ead,15fddcb2-1336-5b50-8608-c3a03af24328
820b5fc9-08ac-563f-a5c3-de499e67db16,9341cf1e-f77b-5e4a-abbe-6a72f8c4a2fa,cabc669f-b3f1-599e-84f7-7d11009c0ead,7eb183fc-f414-5f18-8326-f26e589aeb14
dfc90ffb-84c0-5a4a-b721-ff29484916c1,f2856ae5-c561-5f69-8db8-0495481bb2b0,233bc279-6b5f-5823-bddf-02223bce6298,7a136281-e1ee-5169-82fe-e6acde848da6
f92fafbc-ed0b-5303-a7b8-946cf8a120b9,f2856ae5-c561-5f69-8db8-0495481bb2b0,233bc279-6b5f-5823-bddf-02223bce6298,75036bc5-a828-580e-b2f7-7691bc06b540
7cac0ba0-d0d3-5ecd-bdb6-9c7a8e8b726d,f2856ae5-c561-5f69-8db8-0495481bb2b0,233bc279-6b5f-5823-bddf-02223bce6298,c24f0173-5a2c-56ea-a5f9-b8b3177a21e6
5a4dde1f-d817-51c6-a447-8ce820d92989,f2856ae5-c561-5f69-8db8-0495481bb2b0,233bc279-6b5f-5823-bddf-02223bce6298,ab6464fa-239b-5c73-af30-936494dc0f74
44af029e-b3b8-5704-87e0-2154a29d964d,f2856ae5-c561-5f69-8db8-0495481bb2b0,233bc279-6b5f-5823-bddf-02223bce6298,6eb66697-1bc1-568b-b98c-116eac072caf
0f9aa30c-20d6-5fab-b575-160ae747eaae,f2856ae5-c561-5f69-8db8-0495481bb2b0,233bc279-6b5f-5823-bddf-02223bce6298,5678205e-191c-5829-80a7-8f43d185fbe2
9531dc11-2803-5eaa-966f-a34387f7903f,f2856ae5-c561-5f69-8db8-0495481bb2b0,233bc279-6b5f-5823-bddf-02223bce6298,a6ddaec7-e728-582d-8971-d9b76e83e286
46ff7707-9e78-560b-b63e-91ff4e2d926e,f2856ae5-c561-5f69-8db8-0495481bb2b0,233bc279-6b5f-5823-bddf-02223bce6298,fec656f4-befe-5fae-8a08-46237f6bf647
d42f5e0a-f42e-57b2-967a-c47a4a07ba92,f2856ae5-c561-5f69-8db8-0495481bb2b0,9352427c-e83c-5011-9b5f-52af4da0416c,7a136281-e1ee-5169-82fe-e6acde848da6
1bdd1bd8-fa8d-5d9d-be05-fc5b31d16cd0,f2856ae5-c561-5f69-8db8-0495481bb2b0,9352427c-e83c-5011-9b5f-52af4da0416c,75036bc5-a828-580e-b2f7-7691bc06b540
169cdd33-e36e-5295-8388-4b900c4d4961,f2856ae5-c561-5f69-8db8-0495481bb2b0,9352427c-e83c-5011-9b5f-52af4da0416c,c24f0173-5a2c-56ea-a5f9-b8b3177a21e6
437a7078-300a-5acf-8aef-481ab0183da5,f2856ae5-c561-5f69-8db8-0495481bb2b0,9352427c-e83c-5011-9b5f-52af4da0416c,ab6464fa-239b-5c73-af30-936494dc0f74
04a3a1e5-5b35-5041-adbd-075b5915acdd,f2856ae5-c561-5f69-8db8-0495481bb2b0,9352427c-e83c-5011-9b5f-52af4da0416c,6eb66697-1bc1-568b-b98c-116eac072caf
13e67097-169f-5c6a-a96d-d893bace3fbd,f2856ae5-c561-5f69-8db8-0495481bb2b0,9352427c-e83c-5011-9b5f-52af4da0416c,5678205e-191c-5829-80a7-8f43d185fbe2
9b760498-9114-5352-860b-f180379db421,f2856ae5-c561-5f69-8db8-0495481bb2b0,9352427c-e83c-5011-9b5f-52af4da0416c,a6ddaec7-e728-582d-8971-d9b76e83e286
da79b104-d56e-5909-a420-17ca8facc2d8,f2856ae5-c561-5f69-8db8-0495481bb2b0,9352427c-e83c-5011-9b5f-52af4da0416c,fec656f4-befe-5fae-8a08-46237f6bf647
f385550c-b4af-5599-8462-a065be0276c2,f2856ae5-c561-5f69-8db8-0495481bb2b0,0264d51d-ab9e-52b5-a9f8-3fd454c7d914,7a136281-e1ee-5169-82fe-e6acde848da6
5c015f0d-67be-54ba-acf5-8446b7ed67ea,f2856ae5-c561-5f69-8db8-0495481bb2b0,0264d51d-ab9e-52b5-a9f8-3fd454c7d914,75036bc5-a828-580e-b2f7-7691bc06b540
5e803be0-7a98-5633-abf7-5e21bc4dc263,f2856ae5-c561-5f69-8db8-0495481bb2b0,0264d51d-ab9e-52b5-a9f8-3fd454c7d914,c24f0173-5a2c-56ea-a5f9-b8b3177a21e6
f10ba5f0-aecf-505c-8ba2-2d2597dc9cb4,f2856ae5-c561-5f69-8db8-0495481bb2b0,0264d51d-ab9e-52b5-a9f8-3fd454c7d914,ab6464fa-239b-5c73-af30-936494dc0f74
01703f24-c362-5131-b958-e9c767d7400b,f2856ae5-c561-5f69-8db8-0495481bb2b0,0264d51d-ab9e-52b5-a9f8-3fd454c7d914,6eb66697-1bc1-568b-b98c-116eac072caf
7fe6d462-9440-56cf-a9fb-73412fba1683,f2856ae5-c561-5f69-8db8-0495481bb2b0,0264d51d-ab9e-52b5-a9f8-3fd454c7d914,5678205e-191c-5829-80a7-8f43d185fbe2
608a4935-37b3-565f-8237-6a42f9a81eb2,f2856ae5-c561-5f69-8db8-0495481bb2b0,0264d51d-ab9e-52b5-a9f8-3fd454c7d914,a6ddaec7-e728-582d-8971-d9b76e83e286
d0b3ef8d-7c66-5653-a08b-b7859ade9b64,f2856ae5-c561-5f69-8db8-0495481bb2b0,0264d51d-ab9e-52b5-a9f8-3fd454c7d914,fec656f4-befe-5fae-8a08-46237f6bf647
6fb55ff2-264c-56b3-a211-5bcbcbe06cd2,f2856ae5-c561-5f69-8db8-0495481bb2b0,71e540b8-4344-5659-8984-1e9044bdb230,7a136281-e1ee-5169-82fe-e6acde848da6
d6d7c213-515f-52b9-a14d-c62d8b5c2c9b,f2856ae5-c561-5f69-8db8-0495481bb2b0,71e540b8-4344-5659-8984-1e9044bdb230,75036bc5-a828-580e-b2f7-7691bc06b540
de40400c-ae31-5d5e-a1d0-722656a120fb,f2856ae5-c561-5f69-8db8-0495481bb2b0,71e540b8-4344-5659-8984-1e9044bdb230,c24f0173-5a2c-56ea-a5f9-b8b3177a21e6
e98672ef-f545-5483-9368-bbeeed214439,f2856ae5-c561-5f69-8db8-0495481bb2b0,71e540b8-4344-5659-8984-1e9044bdb230,ab6464fa-239b-5c73-af30-936494dc0f74
b100bcc5-4d83-5741-8f10-5fb02fecc3c2,f2856ae5-c561-5f69-8db8-0495481bb2b0,71e540b8-4344-5659-8984-1e9044bdb230,6eb66697-1bc1-568b-b98c-116eac072caf
908f09af-1fb7-5069-a14c-1b08504dcaea,f2856ae5-c561-5f69-8db8-0495481bb2b0,71e540b8-4344-5659-8984-1e9044bdb230,5678205e-191c-5829-80a7-8f43d185fbe2
7587c514-ed8c-5b15-8fcc-44fc4256b275,f2856ae5-c561-5f69-8db8-0495481bb2b0,71e540b8-4344-5659-8984-1e9044bdb230,a6ddaec7-e728-582d-8971-d9b76e83e286
b8f93382-4860-579f-8241-85716bdfc61f,f2856ae5-c561-5f69-8db8-0495481bb2b0,71e540b8-4344-5659-8984-1e9044bdb230,fec656f4-befe-5fae-8a08-46237f6bf647
859ab9a4-b011-502e-91b8-f4872c997fba,f2856ae5-c561-5f69-8db8-0495481bb2b0,4c37db26-a0df-549d-94f3-78bc7eb20055,7a136281-e1ee-5169-82fe-e6acde848da6
9d52cf41-9fc6-55cf-b000-6dfa1be4ed4d,f2856ae5-c561-5f69-8db8-0495481bb2b0,4c37db26-a0df-549d-94f3-78bc7eb20055,75036bc5-a828-580e-b2f7-7691bc06b540
a6336e10-96e4-51ad-827b-604f76bae4da,f2856ae5-c561-5f69-8db8-0495481bb2b0,4c37db26-a0df-549d-94f3-78bc7eb20055,c24f0173-5a2c-56ea-a5f9-b8b3177a21e6
2e941040-fb55-59fa-8ba0-235a9636842a,f2856ae5-c561-5f69-8db8-0495481bb2b0,4c37db26-a0df-549d-94f3-78bc7eb20055,ab6464fa-239b-5c73-af30-936494dc0f74
fb86dbc0-fc2d-5fdd-96fa-3a6bafaffeca,f2856ae5-c561-5f69-8db8-0495481bb2b0,4c37db26-a0df-549d-94f3-78bc7eb20055,6eb66697-1bc1-568b-b98c-116eac072caf
afba256d-0e6f-51e6-9a83-d91e70ee6494,f2856ae5-c561-5f69-8db8-0495481bb2b0,4c37db26-a0df-549d-94f3-78bc7eb20055,5678205e-191c-5829-80a7-8f43d185fbe2
237c2ceb-115f-5b92-b7a9-6094d62dfa1d,f2856ae5-c561-5f69-8db8-0495481bb2b0,4c37db26-a0df-549d-94f3-78bc7eb20055,a6ddaec7-e728-582d-8971-d9b76e83e286
9dc32643-4129-59f4-8616-99a837cbadd5,f2856ae5-c561-5f69-8db8-0495481bb2b0,4c37db26-a0df-549d-94f3-78bc7eb20055,fec656f4-befe-5fae-8a08-46237f6bf647
c5c2c192-af74-5e58-8894-aeffde08a51f,f2856ae5-c561-5f69-8db8-0495481bb2b0,661583d3-ba45-54fd-9621-11547d7da0ca,7a136281-e1ee-5169-82fe-e6acde848da6
08ec9324-d9ab-5e2b-b8c9-a409fbeb3f4f,f2856ae5-c561-5f69-8db8-0495481bb2b0,661583d3-ba45-54fd-9621-11547d7da0ca,75036bc5-a828-580e-b2f7-7691bc06b540
b0d69c98-882a-5208-9051-19f4783ec1a7,f2856ae5-c561-5f69-8db8-0495481bb2b0,661583d3-ba45-54fd-9621-11547d7da0ca,c24f0173-5a2c-56ea-a5f9-b8b3177a21e6
b09272ca-fa80-5db2-a416-46932be183d0,f2856ae5-c561-5f69-8db8-0495481bb2b0,661583d3-ba45-54fd-9621-11547d7da0ca,ab6464fa-239b-5c73-af30-936494dc0f74
f8c358de-6702-508a-8173-3db66364db97,f2856ae5-c561-5f69-8db8-0495481bb2b0,661583d3-ba45-54fd-9621-11547d7da0ca,6eb66697-1bc1-568b-b98c-116eac072caf
28fa46f6-723d-540e-93d6-0617229819e1,f2856ae5-c561-5f69-8db8-0495481bb2b0,661583d3-ba45-54fd-9621-11547d7da0ca,5678205e-191c-5829-80a7-8f43d185fbe2
15c7b5ad-4a1e-5a2c-acf4-172ecbce34bf,f2856ae5-c561-5f69-8db8-0495481bb2b0,661583d3-ba45-54fd-9621-11547d7da0ca,a6ddaec7-e728-582d-8971-d9b76e83e286
20c92c69-7d49-5a50-9cde-d1b9cd6d2737,f2856ae5-c561-5f69-8db8-0495481bb2b0,661583d3-ba45-54fd-9621-11547d7da0ca,fec656f4-befe-5fae-8a08-46237f6bf647
7f63461b-6634-5e4e-82e2-00a79530030f,f2856ae5-c561-5f69-8db8-0495481bb2b0,a391c26b-04b3-50c9-9f1a-803fa67fce98,7a136281-e1ee-5169-82fe-e6acde848da6
240ace35-fecc-5772-a831-ab578dd34f58,f2856ae5-c561-5f69-8db8-0495481bb2b0,a391c26b-04b3-50c9-9f1a-803fa67fce98,75036bc5-a828-580e-b2f7-7691bc06b540
84106248-aedf-54b1-846d-dd6f142558a2,f2856ae5-c561-5f69-8db8-0495481bb2b0,a391c26b-04b3-50c9-9f1a-803fa67fce98,c24f0173-5a2c-56ea-a5f9-b8b3177a21e6
49bd77c2-a8a0-54be-8900-1b3268d4eb87,f2856ae5-c561-5f69-8db8-0495481bb2b0,a391c26b-04b3-50c9-9f1a-803fa67fce98,ab6464fa-239b-5c73-af30-936494dc0f74
540ff717-a531-5ab6-b6ef-83344d82d5a5,f2856ae5-c561-5f69-8db8-0495481bb2b0,a391c26b-04b3-50c9-9f1a-803fa67fce98,6eb66697-1bc1-568b-b98c-116eac072caf
74a77d78-b4af-514f-bbbd-fb31d2f4b392,f2856ae5-c561-5f69-8db8-0495481bb2b0,a391c26b-04b3-50c9-9f1a-803fa67fce98,5678205e-191c-5829-80a7-8f43d185fbe2
59faf3e3-618e-506a-9920-1713302ef222,f2856ae5-c561-5f69-8db8-0495481bb2b0,a391c26b-04b3-50c9-9f1a-803fa67fce98,a6ddaec7-e728-582d-8971-d9b76e83e286
b3c2cba2-dfe9-575d-8551-d906699f3791,f2856ae5-c561-5f69-8db8-0495481bb2b0,a391c26b-04b3-50c9-9f1a-803fa67fce98,fec656f4-befe-5fae-8a08-46237f6bf647
d3e046b2-5e20-5f58-84e3-ba9698bb4caf,f2856ae5-c561-5f69-8db8-0495481bb2b0,f256f11a-5c3c-5831-aeb6-65296da6c74c,7a136281-e1ee-5169-82fe-e6acde848da6
ab655673-f28d-54f2-af46-a40fabe42993,f2856ae5-c561-5f69-8db8-0495481bb2b0,f256f11a-5c3c-5831-aeb6-65296da6c74c,75036bc5-a828-580e-b2f7-7691bc06b540
ad975459-fe6b-5f68-a939-20b69b4b4ad3,f2856ae5-c561-5f69-8db8-0495481bb2b0,f256f11a-5c3c-5831-aeb6-65296da6c74c,c24f0173-5a2c-56ea-a5f9-b8b3177a21e6
43fd930e-1dcd-5f29-80f5-3e786c338631,f2856ae5-c561-5f69-8db8-0495481bb2b0,f256f11a-5c3c-5831-aeb6-65296da6c74c,ab6464fa-239b-5c73-af30-936494dc0f74
08c60307-aae7-57b2-ba95-61ea8a86722e,f2856ae5-c561-5f69-8db8-0495481bb2b0,f256f11a-5c3c-5831-aeb6-65296da6c74c,6eb66697-1bc1-568b-b98c-116eac072caf
e62bfe70-2f63-55d4-8a6b-2218428a1475,f2856ae5-c561-5f69-8db8-0495481bb2b0,f256f11a-5c3c-5831-aeb6-65296da6c74c,5678205e-191c-5829-80a7-8f43d185fbe2
3e278340-6fed-5cac-bf7a-7bc7f13c6fa3,f2856ae5-c561-5f69-8db8-0495481bb2b0,f256f11a-5c3c-5831-aeb6-65296da6c74c,a6ddaec7-e728-582d-8971-d9b76e83e286
e52ea52f-87df-54df-961e-3c44b5ec3be8,f2856ae5-c561-5f69-8db8-0495481bb2b0,f256f11a-5c3c-5831-aeb6-65296da6c74c,fec656f4-befe-5fae-8a08-46237f6bf647
41039989-0767-5e58-9f31-338e56b8214d,f2856ae5-c561-5f69-8db8-0495481bb2b0,7e85c9cb-6d82-5446-975b-03413d4d6799,7a136281-e1ee-5169-82fe-e6acde848da6
aa36a248-2da3-5e6b-b9dd-bb318a27053d,f2856ae5-c561-5f69-8db8-0495481bb2b0,7e85c9cb-6d82-5446-975b-03413d4d6799,75036bc5-a828-580e-b2f7-7691bc06b540
a4fff55a-fb93-5627-a56f-c83ea2e57ad4,f2856ae5-c561-5f69-8db8-0495481bb2b0,7e85c9cb-6d82-5446-975b-03413d4d6799,c24f0173-5a2c-56ea-a5f9-b8b3177a21e6
79ffdaa3-43e3-5a92-9fc6-88a5f2ec66bf,f2856ae5-c561-5f69-8db8-0495481bb2b0,7e85c9cb-6d82-5446-975b-03413d4d6799,ab6464fa-239b-5c73-af30-936494dc0f74
dbc28bd5-8355-515d-8a7e-87103776474a,f2856ae5-c561-5f69-8db8-0495481bb2b0,7e85c9cb-6d82-5446-975b-03413d4d6799,6eb66697-1bc1-568b-b98c-116eac072caf
c8a0d29d-0099-5e31-8394-f46a70ea0b7b,f2856ae5-c561-5f69-8db8-0495481bb2b0,7e85c9cb-6d82-5446-975b-03413d4d6799,5678205e-191c-5829-80a7-8f43d185fbe2
488c17e3-561f-51c0-a5b2-a9c427751e73,f2856ae5-c561-5f69-8db8-0495481bb2b0,7e85c9cb-6d82-5446-975b-03413d4d6799,a6ddaec7-e728-582d-8971-d9b76e83e286
274bf1bf-584a-520d-a475-d1d8d4563886,f2856ae5-c561-5f69-8db8-0495481bb2b0,7e85c9cb-6d82-5446-975b-03413d4d6799,fec656f4-befe-5fae-8a08-46237f6bf647
ba8d2696-1741-5396-94d0-a352a534042a,f2856ae5-c561-5f69-8db8-0495481bb2b0,c6f197b8-e3e4-5f8d-a71e-af7b137b88a2,7a136281-e1ee-5169-82fe-e6acde848da6
545799a0-e6be-59c3-b42f-4b3116675458,f2856ae5-c561-5f69-8db8-0495481bb2b0,c6f197b8-e3e4-5f8d-a71e-af7b137b88a2,75036bc5-a828-580e-b2f7-7691bc06b540
1cb2b999-a37a-5e4d-b071-8d554de2d28b,f2856ae5-c561-5f69-8db8-0495481bb2b0,c6f197b8-e3e4-5f8d-a71e-af7b137b88a2,c24f0173-5a2c-56ea-a5f9-b8b3177a21e6
163ee4f4-9c59-5f4e-9ba8-442e932c1d8f,f2856ae5-c561-5f69-8db8-0495481bb2b0,c6f197b8-e3e4-5f8d-a71e-af7b137b88a2,ab6464fa-239b-5c73-af30-936494dc0f74
d1022f61-e54e-5145-9d0f-9ebb80afe40a,f2856ae5-c561-5f69-8db8-0495481bb2b0,c6f197b8-e3e4-5f8d-a71e-af7b137b88a2,6eb66697-1bc1-568b-b98c-116eac072caf
24a9f49d-dbc2-5ca9-ae3c-1eee42ed75a6,f2856ae5-c561-5f69-8db8-0495481bb2b0,c6f197b8-e3e4-5f8d-a71e-af7b137b88a2,5678205e-191c-5829-80a7-8f43d185fbe2
14a08131-1e8a-5559-bc4e-de34a5663620,f2856ae5-c561-5f69-8db8-0495481bb2b0,c6f197b8-e3e4-5f8d-a71e-af7b137b88a2,a6ddaec7-e728-582d-8971-d9b76e83e286
88ca47fa-4254-530c-9ce5-2c205007867e,f2856ae5-c561-5f69-8db8-0495481bb2b0,c6f197b8-e3e4-5f8d-a71e-af7b137b88a2,fec656f4-befe-5fae-8a08-46237f6bf647
01a626c9-7935-590c-b2c6-30dff48c1e96,f2856ae5-c561-5f69-8db8-0495481bb2b0,36b4d88e-d13c-56ce-8167-2bcfd9b7fdeb,fa39a5ce-8d74-50ab-b051-c55c54293f53
a54d89ef-3c7b-5eb9-bc30-2dcafd2b8a2d,f2856ae5-c561-5f69-8db8-0495481bb2b0,36b4d88e-d13c-56ce-8167-2bcfd9b7fdeb,8787fb2c-3aab-595f-bae2-94c171200a2a
03f6fb8d-3e4c-551d-bc0e-e5fc977ee6a8,f2856ae5-c561-5f69-8db8-0495481bb2b0,36b4d88e-d13c-56ce-8167-2bcfd9b7fdeb,90a139c0-d617-5f8d-85fb-3200edf40e5b
9ed2ed30-db08-536b-8220-ebacaf7a6cf7,f2856ae5-c561-5f69-8db8-0495481bb2b0,36b4d88e-d13c-56ce-8167-2bcfd9b7fdeb,a262b708-3da5-51e0-bbdb-8c22497ad608
ef4bfc00-c798-5efe-be15-8f451c6489b9,f2856ae5-c561-5f69-8db8-0495481bb2b0,36b4d88e-d13c-56ce-8167-2bcfd9b7fdeb,566601fc-351e-5eae-aa2b-f7d3f8d1873e
57edb98b-1c29-5ca9-8b5b-bcea98abef84,f2856ae5-c561-5f69-8db8-0495481bb2b0,36b4d88e-d13c-56ce-8167-2bcfd9b7fdeb,f39a477a-be4c-50f4-b259-cdf650a2af6d
54c9bbe8-5b4f-583d-a813-fdcd1fd33e52,f2856ae5-c561-5f69-8db8-0495481bb2b0,36b4d88e-d13c-56ce-8167-2bcfd9b7fdeb,558e743d-5448-5d14-80fd-478ff53a3176
ea189c58-e5ce-5b6e-8cb3-dd88880731b7,f2856ae5-c561-5f69-8db8-0495481bb2b0,36b4d88e-d13c-56ce-8167-2bcfd9b7fdeb,5795804f-1e50-5da4-bb51-1dcddfa1b3a3
bfd1ee46-f16f-5f0d-af55-521de2d00893,f2856ae5-c561-5f69-8db8-0495481bb2b0,9d9c681e-943e-5556-a1f8-4285cf626553,fa39a5ce-8d74-50ab-b051-c55c54293f53
b4589fc7-00a6-5353-96be-6d2845d7c96a,f2856ae5-c561-5f69-8db8-0495481bb2b0,9d9c681e-943e-5556-a1f8-4285cf626553,8787fb2c-3aab-595f-bae2-94c171200a2a
896e7d8d-ff0a-5476-8302-d0a5b4937bf9,f2856ae5-c561-5f69-8db8-0495481bb2b0,9d9c681e-943e-5556-a1f8-4285cf626553,90a139c0-d617-5f8d-85fb-3200edf40e5b
96349c0e-7d09-5ffd-b269-31039a2558a8,f2856ae5-c561-5f69-8db8-0495481bb2b0,9d9c681e-943e-5556-a1f8-4285cf626553,a262b708-3da5-51e0-bbdb-8c22497ad608
61ef10d7-a5d3-5510-9765-055d9786715d,f2856ae5-c561-5f69-8db8-0495481bb2b0,9d9c681e-943e-5556-a1f8-4285cf626553,566601fc-351e-5eae-aa2b-f7d3f8d1873e
cd73009d-4155-5a46-b263-b18d960b55df,f2856ae5-c561-5f69-8db8-0495481bb2b0,9d9c681e-943e-5556-a1f8-4285cf626553,f39a477a-be4c-50f4-b259-cdf650a2af6d
1799e2cb-d55f-55db-9bb9-bc2f0d50e48e,f2856ae5-c561-5f69-8db8-0495481bb2b0,9d9c681e-943e-5556-a1f8-4285cf626553,558e743d-5448-5d14-80fd-478ff53a3176
b3b0c34f-5ac5-5db9-83ab-c28d35b2ee54,f2856ae5-c561-5f69-8db8-0495481bb2b0,9d9c681e-943e-5556-a1f8-4285cf626553,5795804f-1e50-5da4-bb51-1dcddfa1b3a3
40de8577-6b5f-5f13-ab15-922d6e53dd55,f2856ae5-c561-5f69-8db8-0495481bb2b0,c763c069-467d-50db-afbd-6af8e6ee81f2,fa39a5ce-8d74-50ab-b051-c55c54293f53
b4160087-c48d-5748-9326-90a2e2d1210a,f2856ae5-c561-5f69-8db8-0495481bb2b0,c763c069-467d-50db-afbd-6af8e6ee81f2,8787fb2c-3aab-595f-bae2-94c171200a2a
3c2b7602-b6d5-5441-ba34-67ecd419c2a4,f2856ae5-c561-5f69-8db8-0495481bb2b0,c763c069-467d-50db-afbd-6af8e6ee81f2,90a139c0-d617-5f8d-85fb-3200edf40e5b
4cefd82b-f87f-593b-9b7a-0403063dc835,f2856ae5-c561-5f69-8db8-0495481bb2b0,c763c069-467d-50db-afbd-6af8e6ee81f2,a262b708-3da5-51e0-bbdb-8c22497ad608
2fc961bc-444c-52e9-8c8b-4c26af6ec194,f2856ae5-c561-5f69-8db8-0495481bb2b0,c763c069-467d-50db-afbd-6af8e6ee81f2,566601fc-351e-5eae-aa2b-f7d3f8d1873e
f073b544-6aaf-59c5-8144-09d3df565c5a,f2856ae5-c561-5f69-8db8-0495481bb2b0,c763c069-467d-50db-afbd-6af8e6ee81f2,f39a477a-be4c-50f4-b259-cdf650a2af6d
bdb81a59-cce2-5257-8931-25f362c4bc5f,f2856ae5-c561-5f69-8db8-0495481bb2b0,c763c069-467d-50db-afbd-6af8e6ee81f2,558e743d-5448-5d14-80fd-478ff53a3176
4d3d1da4-3d24-5bd4-b118-37318375d47c,f2856ae5-c561-5f69-8db8-0495481bb2b0,c763c069-467d-50db-afbd-6af8e6ee81f2,5795804f-1e50-5da4-bb51-1dcddfa1b3a3
c353840a-0b3c-576f-be5e-10db3ac8770a,f2856ae5-c561-5f69-8db8-0495481bb2b0,3278e9eb-6c70-56a6-a5e0-439c4a8d04f5,fa39a5ce-8d74-50ab-b051-c55c54293f53
330b938d-012b-5e98-b02a-211b180fdb95,f2856ae5-c561-5f69-8db8-0495481bb2b0,3278e9eb-6c70-56a6-a5e0-439c4a8d04f5,8787fb2c-3aab-595f-bae2-94c171200a2a
f4f906b2-8de7-5598-9e60-1608c4b0f315,f2856ae5-c561-5f69-8db8-0495481bb2b0,3278e9eb-6c70-56a6-a5e0-439c4a8d04f5,90a139c0-d617-5f8d-85fb-3200edf40e5b
f74f5dc1-fc6c-5f86-a353-ae38d21587c6,f2856ae5-c561-5f69-8db8-0495481bb2b0,3278e9eb-6c70-56a6-a5e0-439c4a8d04f5,a262b708-3da5-51e0-bbdb-8c22497ad608
3a67278b-89d2-5138-a310-cf9e23fde126,f2856ae5-c561-5f69-8db8-0495481bb2b0,3278e9eb-6c70-56a6-a5e0-439c4a8d04f5,566601fc-351e-5eae-aa2b-f7d3f8d1873e
0d2153ee-5163-59af-b479-05c99e69b5be,f2856ae5-c561-5f69-8db8-0495481bb2b0,3278e9eb-6c70-56a6-a5e0-439c4a8d04f5,f39a477a-be4c-50f4-b259-cdf650a2af6d
a013d19d-7f55-5e80-a25a-58755226dbf0,f2856ae5-c561-5f69-8db8-0495481bb2b0,3278e9eb-6c70-56a6-a5e0-439c4a8d04f5,558e743d-5448-5d14-80fd-478ff53a3176
925551e2-4c4a-5000-aa1f-b07bcd728499,f2856ae5-c561-5f69-8db8-0495481bb2b0,3278e9eb-6c70-56a6-a5e0-439c4a8d04f5,5795804f-1e50-5da4-bb51-1dcddfa1b3a3
bca1ce7d-8dd5-5b93-be9a-66c7439eb9c3,f2856ae5-c561-5f69-8db8-0495481bb2b0,2e2dbb36-0c9c-5295-8376-28b4dff31e8e,fa39a5ce-8d74-50ab-b051-c55c54293f53
42daeebe-cf65-5bbc-b41c-0688897270a5,f2856ae5-c561-5f69-8db8-0495481bb2b0,2e2dbb36-0c9c-5295-8376-28b4dff31e8e,8787fb2c-3aab-595f-bae2-94c171200a2a
4736e1c5-83bf-5c84-a3a3-7654458d504a,f2856ae5-c561-5f69-8db8-0495481bb2b0,2e2dbb36-0c9c-5295-8376-28b4dff31e8e,90a139c0-d617-5f8d-85fb-3200edf40e5b
29d2b7df-ca42-5533-a894-1e3e1b844808,f2856ae5-c561-5f69-8db8-0495481bb2b0,2e2dbb36-0c9c-5295-8376-28b4dff31e8e,a262b708-3da5-51e0-bbdb-8c22497ad608
5ea9c713-6397-5c16-8cfc-625446b4ffdb,f2856ae5-c561-5f69-8db8-0495481bb2b0,2e2dbb36-0c9c-5295-8376-28b4dff31e8e,566601fc-351e-5eae-aa2b-f7d3f8d1873e
18612950-130b-5c48-a380-e3da167fb402,f2856ae5-c561-5f69-8db8-0495481bb2b0,2e2dbb36-0c9c-5295-8376-28b4dff31e8e,f39a477a-be4c-50f4-b259-cdf650a2af6d
34cd1b75-ea01-5a85-aac0-357033d19f93,f2856ae5-c561-5f69-8db8-0495481bb2b0,2e2dbb36-0c9c-5295-8376-28b4dff31e8e,558e743d-5448-5d14-80fd-478ff53a3176
7e89c137-275a-54da-a9d4-3f3a98ece97c,f2856ae5-c561-5f69-8db8-0495481bb2b0,2e2dbb36-0c9c-5295-8376-28b4dff31e8e,5795804f-1e50-5da4-bb51-1dcddfa1b3a3
67cc7d69-c936-5f99-947e-dbd25b91ba52,f2856ae5-c561-5f69-8db8-0495481bb2b0,c5ff99af-dddb-5e24-8141-91483e0394f5,fa39a5ce-8d74-50ab-b051-c55c54293f53
2c876e89-6f9b-5041-a1e8-a0ec7aeee2a5,f2856ae5-c561-5f69-8db8-0495481bb2b0,c5ff99af-dddb-5e24-8141-91483e0394f5,8787fb2c-3aab-595f-bae2-94c171200a2a
d677ba37-bf31-5eab-88a9-d3c1df67108b,f2856ae5-c561-5f69-8db8-0495481bb2b0,c5ff99af-dddb-5e24-8141-91483e0394f5,90a139c0-d617-5f8d-85fb-3200edf40e5b
392c5cf1-2636-5bf3-adba-c543d595e7eb,f2856ae5-c561-5f69-8db8-0495481bb2b0,c5ff99af-dddb-5e24-8141-91483e0394f5,a262b708-3da5-51e0-bbdb-8c22497ad608
c0ae55d2-bc1c-5c79-b4f4-5fade2742040,f2856ae5-c561-5f69-8db8-0495481bb2b0,c5ff99af-dddb-5e24-8141-91483e0394f5,566601fc-351e-5eae-aa2b-f7d3f8d1873e
4d533bca-2938-5796-84f2-b65457ea6886,f2856ae5-c561-5f69-8db8-0495481bb2b0,c5ff99af-dddb-5e24-8141-91483e0394f5,f39a477a-be4c-50f4-b259-cdf650a2af6d
ad82ae02-54c4-5f2c-875c-80af5124fac4,f2856ae5-c561-5f69-8db8-0495481bb2b0,c5ff99af-dddb-5e24-8141-91483e0394f5,558e743d-5448-5d14-80fd-478ff53a3176
9ff1ae41-3be6-5beb-b5c5-e6dc0a81f756,f2856ae5-c561-5f69-8db8-0495481bb2b0,c5ff99af-dddb-5e24-8141-91483e0394f5,5795804f-1e50-5da4-bb51-1dcddfa1b3a3
ab23fb59-609f-5d77-ab6a-b1deaaf55f75,f2856ae5-c561-5f69-8db8-0495481bb2b0,7df76894-e273-5d9d-9ace-65e144085d4a,fa39a5ce-8d74-50ab-b051-c55c54293f53
fdda549a-ba99-578e-b19a-d11cea904f34,f2856ae5-c561-5f69-8db8-0495481bb2b0,7df76894-e273-5d9d-9ace-65e144085d4a,8787fb2c-3aab-595f-bae2-94c171200a2a
d5917d50-3373-5f1b-bbdf-9d10d06671b9,f2856ae5-c561-5f69-8db8-0495481bb2b0,7df76894-e273-5d9d-9ace-65e144085d4a,90a139c0-d617-5f8d-85fb-3200edf40e5b
f533d3a0-0567-50ef-ac43-1142acdafb73,f2856ae5-c561-5f69-8db8-0495481bb2b0,7df76894-e273-5d9d-9ace-65e144085d4a,a262b708-3da5-51e0-bbdb-8c22497ad608
950d4766-ebe0-5b0f-894c-692e9442cd8a,f2856ae5-c561-5f69-8db8-0495481bb2b0,7df76894-e273-5d9d-9ace-65e144085d4a,566601fc-351e-5eae-aa2b-f7d3f8d1873e
70608c61-5d04-5bc8-8aae-868bde8d2b80,f2856ae5-c561-5f69-8db8-0495481bb2b0,7df76894-e273-5d9d-9ace-65e144085d4a,f39a477a-be4c-50f4-b259-cdf650a2af6d
8f1be47b-eab8-5d49-ae29-352ed512dcc3,f2856ae5-c561-5f69-8db8-0495481bb2b0,7df76894-e273-5d9d-9ace-65e144085d4a,558e743d-5448-5d14-80fd-478ff53a3176
fa131eb6-5b12-542b-a75d-e0721987d54a,f2856ae5-c561-5f69-8db8-0495481bb2b0,7df76894-e273-5d9d-9ace-65e144085d4a,5795804f-1e50-5da4-bb51-1dcddfa1b3a3
b025ee2d-0a77-53af-b77b-3aa7ff2f5055,f2856ae5-c561-5f69-8db8-0495481bb2b0,11e2a464-6f07-5a4e-a03f-bb717288111a,fa39a5ce-8d74-50ab-b051-c55c54293f53
bc91d8c7-e68c-53ad-97c1-abee02122477,f2856ae5-c561-5f69-8db8-0495481bb2b0,11e2a464-6f07-5a4e-a03f-bb717288111a,8787fb2c-3aab-595f-bae2-94c171200a2a
7f41999e-4851-5cb1-a63c-9d0c11cf809b,f2856ae5-c561-5f69-8db8-0495481bb2b0,11e2a464-6f07-5a4e-a03f-bb717288111a,90a139c0-d617-5f8d-85fb-3200edf40e5b
cb71db47-75fd-5346-a7a8-ccacd919db2d,f2856ae5-c561-5f69-8db8-0495481bb2b0,11e2a464-6f07-5a4e-a03f-bb717288111a,a262b708-3da5-51e0-bbdb-8c22497ad608
c78ca1b3-b5c6-5621-8d35-39c715d25236,f2856ae5-c561-5f69-8db8-0495481bb2b0,11e2a464-6f07-5a4e-a03f-bb717288111a,566601fc-351e-5eae-aa2b-f7d3f8d1873e
6663fa5f-e9c4-5285-ac48-2aa7e35997ae,f2856ae5-c561-5f69-8db8-0495481bb2b0,11e2a464-6f07-5a4e-a03f-bb717288111a,f39a477a-be4c-50f4-b259-cdf650a2af6d
c81ac6bd-bce7-5df6-861e-ba2618636994,f2856ae5-c561-5f69-8db8-0495481bb2b0,11e2a464-6f07-5a4e-a03f-bb717288111a,558e743d-5448-5d14-80fd-478ff53a3176
47a513da-36de-5213-bd04-3a023edb7909,f2856ae5-c561-5f69-8db8-0495481bb2b0,11e2a464-6f07-5a4e-a03f-bb717288111a,5795804f-1e50-5da4-bb51-1dcddfa1b3a3
51e9da2c-afd8-5096-9aee-2c15747bca89,f2856ae5-c561-5f69-8db8-0495481bb2b0,70e65636-5347-5d9d-bfcb-bfd229d62a05,fa39a5ce-8d74-50ab-b051-c55c54293f53
41277760-6756-577c-b1ed-b6a0ae413876,f2856ae5-c561-5f69-8db8-0495481bb2b0,70e65636-5347-5d9d-bfcb-bfd229d62a05,8787fb2c-3aab-595f-bae2-94c171200a2a
d6b1b7a6-5b75-5b43-8f11-26f77644d221,f2856ae5-c561-5f69-8db8-0495481bb2b0,70e65636-5347-5d9d-bfcb-bfd229d62a05,90a139c0-d617-5f8d-85fb-3200edf40e5b
f50c87b7-8233-55ac-916a-2f96d06b4506,f2856ae5-c561-5f69-8db8-0495481bb2b0,70e65636-5347-5d9d-bfcb-bfd229d62a05,a262b708-3da5-51e0-bbdb-8c22497ad608
e25d341e-99b9-5a69-9d85-4ac0f12aa677,f2856ae5-c561-5f69-8db8-0495481bb2b0,70e65636-5347-5d9d-bfcb-bfd229d62a05,566601fc-351e-5eae-aa2b-f7d3f8d1873e
6b3e965e-9570-57a1-8d0f-46fbf534fb1e,f2856ae5-c561-5f69-8db8-0495481bb2b0,70e65636-5347-5d9d-bfcb-bfd229d62a05,f39a477a-be4c-50f4-b259-cdf650a2af6d
8b2d9b6c-a003-5e9b-9099-a70ac0035697,f2856ae5-c561-5f69-8db8-0495481bb2b0,70e65636-5347-5d9d-bfcb-bfd229d62a05,558e743d-5448-5d14-80fd-478ff53a3176
ba9f0b1f-48b3-510b-867e-2fdf06eecc55,f2856ae5-c561-5f69-8db8-0495481bb2b0,70e65636-5347-5d9d-bfcb-bfd229d62a05,5795804f-1e50-5da4-bb51-1dcddfa1b3a3
c5962be1-90b1-5d7d-8214-345597608547,f2856ae5-c561-5f69-8db8-0495481bb2b0,4548863c-08be-52e9-9722-e77e9efd1a95,fa39a5ce-8d74-50ab-b051-c55c54293f53
6c34074b-cfab-54a2-9c5c-a5af3ac4b6b7,f2856ae5-c561-5f69-8db8-0495481bb2b0,4548863c-08be-52e9-9722-e77e9efd1a95,8787fb2c-3aab-595f-bae2-94c171200a2a
d715ff17-bf04-5ad7-b403-1129ba3ac737,f2856ae5-c561-5f69-8db8-0495481bb2b0,4548863c-08be-52e9-9722-e77e9efd1a95,90a139c0-d617-5f8d-85fb-3200edf40e5b
a4d8de0a-7409-5472-b9e2-953f83fe32f5,f2856ae5-c561-5f69-8db8-0495481bb2b0,4548863c-08be-52e9-9722-e77e9efd1a95,a262b708-3da5-51e0-bbdb-8c22497ad608
358f0c0a-f296-53c6-b266-74311ee7c487,f2856ae5-c561-5f69-8db8-0495481bb2b0,4548863c-08be-52e9-9722-e77e9efd1a95,566601fc-351e-5eae-aa2b-f7d3f8d1873e
43753d49-11c6-5f1a-bd79-05e1baaa3ffc,f2856ae5-c561-5f69-8db8-0495481bb2b0,4548863c-08be-52e9-9722-e77e9efd1a95,f39a477a-be4c-50f4-b259-cdf650a2af6d
45d4c1b3-bade-5029-8e48-ac0550cbfc91,f2856ae5-c561-5f69-8db8-0495481bb2b0,4548863c-08be-52e9-9722-e77e9efd1a95,558e743d-5448-5d14-80fd-478ff53a3176
37d32dd5-87d1-5e79-abe8-87d3bbeb8a45,f2856ae5-c561-5f69-8db8-0495481bb2b0,4548863c-08be-52e9-9722-e77e9efd1a95,5795804f-1e50-5da4-bb51-1dcddfa1b3a3
42a52f1c-d1cb-570b-8cd4-293ab9807834,f2856ae5-c561-5f69-8db8-0495481bb2b0,4039fe24-0627-5ba4-a42f-6a9953a9795f,99038a6a-9e85-5c68-829f-98814dad8b77
5866a450-d3ec-5572-b8d3-35d734d9fe37,f2856ae5-c561-5f69-8db8-0495481bb2b0,4039fe24-0627-5ba4-a42f-6a9953a9795f,101b0203-b079-5ee3-95e7-25da006a3491
f9cd89bc-8281-53bf-a616-ea1ee762f786,f2856ae5-c561-5f69-8db8-0495481bb2b0,4039fe24-0627-5ba4-a42f-6a9953a9795f,1d420eab-2eec-5e74-91cb-ad930f72a00f
705ae2e9-82b2-5653-8792-48f5994d3224,f2856ae5-c561-5f69-8db8-0495481bb2b0,4039fe24-0627-5ba4-a42f-6a9953a9795f,c386056b-325c-5d42-8020-fefeb12d171f
af3974fc-5e1b-58db-b233-a9b63b033a05,f2856ae5-c561-5f69-8db8-0495481bb2b0,4039fe24-0627-5ba4-a42f-6a9953a9795f,2921ed77-fb18-5175-acb6-fa1ed8c43fd3
9cfb81cc-cfca-5964-8884-b33cbd287c75,f2856ae5-c561-5f69-8db8-0495481bb2b0,4039fe24-0627-5ba4-a42f-6a9953a9795f,b2c36b14-f823-5052-8a49-d8c5f0af5b35
5e68e7e7-4d62-586e-8885-101295635aeb,f2856ae5-c561-5f69-8db8-0495481bb2b0,4039fe24-0627-5ba4-a42f-6a9953a9795f,9699d79f-db80-5ee0-ad13-858a163057f1
ebc21ca1-b719-5bf0-9f38-f0be0cda9a9a,f2856ae5-c561-5f69-8db8-0495481bb2b0,4039fe24-0627-5ba4-a42f-6a9953a9795f,86ec4194-a816-5cb4-9869-a10b54d1c75d
34d0900a-7aac-58da-af2f-b4766be2a4bd,f2856ae5-c561-5f69-8db8-0495481bb2b0,456c9418-8ef7-5122-b7d5-3a0578e77948,99038a6a-9e85-5c68-829f-98814dad8b77
d6caaa96-7266-5e53-9ffd-4cc4b68cff59,f2856ae5-c561-5f69-8db8-0495481bb2b0,456c9418-8ef7-5122-b7d5-3a0578e77948,101b0203-b079-5ee3-95e7-25da006a3491
33c88e96-ad09-558e-9a07-47f878a77967,f2856ae5-c561-5f69-8db8-0495481bb2b0,456c9418-8ef7-5122-b7d5-3a0578e77948,1d420eab-2eec-5e74-91cb-ad930f72a00f
f5853136-2535-534b-a28e-1920c96cab5d,f2856ae5-c561-5f69-8db8-0495481bb2b0,456c9418-8ef7-5122-b7d5-3a0578e77948,c386056b-325c-5d42-8020-fefeb12d171f
dab20a56-f68e-544b-8f8b-53ce431c4f39,f2856ae5-c561-5f69-8db8-0495481bb2b0,456c9418-8ef7-5122-b7d5-3a0578e77948,2921ed77-fb18-5175-acb6-fa1ed8c43fd3
ac618988-631f-561d-ae13-8d184116968f,f2856ae5-c561-5f69-8db8-0495481bb2b0,456c9418-8ef7-5122-b7d5-3a0578e77948,b2c36b14-f823-5052-8a49-d8c5f0af5b35
f51e5da6-2f03-5360-8d40-a1195230945a,f2856ae5-c561-5f69-8db8-0495481bb2b0,456c9418-8ef7-5122-b7d5-3a0578e77948,9699d79f-db80-5ee0-ad13-858a163057f1
da56638a-c98c-5dce-a579-8722727b1bbc,f2856ae5-c561-5f69-8db8-0495481bb2b0,456c9418-8ef7-5122-b7d5-3a0578e77948,86ec4194-a816-5cb4-9869-a10b54d1c75d
8285a285-2ec5-5d9e-a7b7-49739b217857,f2856ae5-c561-5f69-8db8-0495481bb2b0,51555871-ebcd-50a0-bc8d-78efff56c195,99038a6a-9e85-5c68-829f-98814dad8b77
5bad30ab-8e57-588e-a425-66043224d77b,f2856ae5-c561-5f69-8db8-0495481bb2b0,51555871-ebcd-50a0-bc8d-78efff56c195,101b0203-b079-5ee3-95e7-25da006a3491
1ffcefdf-8e70-5eeb-822c-439986c57909,f2856ae5-c561-5f69-8db8-0495481bb2b0,51555871-ebcd-50a0-bc8d-78efff56c195,1d420eab-2eec-5e74-91cb-ad930f72a00f
cf771fe7-5f3d-5244-bdb9-1d1bd2a2f628,f2856ae5-c561-5f69-8db8-0495481bb2b0,51555871-ebcd-50a0-bc8d-78efff56c195,c386056b-325c-5d42-8020-fefeb12d171f
496d0b57-3178-57a6-b144-21daab83e6aa,f2856ae5-c561-5f69-8db8-0495481bb2b0,51555871-ebcd-50a0-bc8d-78efff56c195,2921ed77-fb18-5175-acb6-fa1ed8c43fd3
c2b3cd73-edbe-5064-b87b-e5c2a67b36b3,f2856ae5-c561-5f69-8db8-0495481bb2b0,51555871-ebcd-50a0-bc8d-78efff56c195,b2c36b14-f823-5052-8a49-d8c5f0af5b35
a7851732-ecd5-54e3-bee7-b435d35e16dd,f2856ae5-c561-5f69-8db8-0495481bb2b0,51555871-ebcd-50a0-bc8d-78efff56c195,9699d79f-db80-5ee0-ad13-858a163057f1
db805615-47fb-51b5-881a-6fc94dc1ac1b,f2856ae5-c561-5f69-8db8-0495481bb2b0,51555871-ebcd-50a0-bc8d-78efff56c195,86ec4194-a816-5cb4-9869-a10b54d1c75d
c26fadcd-8dcb-5cc0-a821-80861e372aa5,f2856ae5-c561-5f69-8db8-0495481bb2b0,aac782a0-2cca-5aa4-8336-9783140f5163,99038a6a-9e85-5c68-829f-98814dad8b77
580be5eb-87e5-5cb8-8997-dbf69a743441,f2856ae5-c561-5f69-8db8-0495481bb2b0,aac782a0-2cca-5aa4-8336-9783140f5163,101b0203-b079-5ee3-95e7-25da006a3491
16d2caa0-a950-5f33-822b-bd29878b3141,f2856ae5-c561-5f69-8db8-0495481bb2b0,aac782a0-2cca-5aa4-8336-9783140f5163,1d420eab-2eec-5e74-91cb-ad930f72a00f
dd57ba2e-c18f-5099-8c41-ee4bddaf097c,f2856ae5-c561-5f69-8db8-0495481bb2b0,aac782a0-2cca-5aa4-8336-9783140f5163,c386056b-325c-5d42-8020-fefeb12d171f
df44f03f-9576-5de0-bcb3-a337f994d4d9,f2856ae5-c561-5f69-8db8-0495481bb2b0,aac782a0-2cca-5aa4-8336-9783140f5163,2921ed77-fb18-5175-acb6-fa1ed8c43fd3
4f3f0923-75d0-522f-ac0c-ca696728fdd5,f2856ae5-c561-5f69-8db8-0495481bb2b0,aac782a0-2cca-5aa4-8336-9783140f5163,b2c36b14-f823-5052-8a49-d8c5f0af5b35
ac4c799b-027e-5802-bb8c-c66583f60d1e,f2856ae5-c561-5f69-8db8-0495481bb2b0,aac782a0-2cca-5aa4-8336-9783140f5163,9699d79f-db80-5ee0-ad13-858a163057f1
7db5187c-6885-5703-8458-c657ce78c5b2,f2856ae5-c561-5f69-8db8-0495481bb2b0,aac782a0-2cca-5aa4-8336-9783140f5163,86ec4194-a816-5cb4-9869-a10b54d1c75d
9be24491-3bcb-5c90-84fd-71b1b29b1f60,f2856ae5-c561-5f69-8db8-0495481bb2b0,33d875fd-1aaa-565b-8be3-7f887fe292da,99038a6a-9e85-5c68-829f-98814dad8b77
c3a15b14-1cbb-5a0b-97f3-dc1d8a5bc782,f2856ae5-c561-5f69-8db8-0495481bb2b0,33d875fd-1aaa-565b-8be3-7f887fe292da,101b0203-b079-5ee3-95e7-25da006a3491
7c8013c4-7b21-54c2-b9a3-b13ddb340b32,f2856ae5-c561-5f69-8db8-0495481bb2b0,33d875fd-1aaa-565b-8be3-7f887fe292da,1d420eab-2eec-5e74-91cb-ad930f72a00f
e57f52ac-428f-595b-9074-7f2b23a09931,f2856ae5-c561-5f69-8db8-0495481bb2b0,33d875fd-1aaa-565b-8be3-7f887fe292da,c386056b-325c-5d42-8020-fefeb12d171f
80cff662-2f01-5f79-91b3-dd9bae870596,f2856ae5-c561-5f69-8db8-0495481bb2b0,33d875fd-1aaa-565b-8be3-7f887fe292da,2921ed77-fb18-5175-acb6-fa1ed8c43fd3
118e419c-c68a-5404-bfbc-abf54d1bd2a3,f2856ae5-c561-5f69-8db8-0495481bb2b0,33d875fd-1aaa-565b-8be3-7f887fe292da,b2c36b14-f823-5052-8a49-d8c5f0af5b35
3f25ceb2-c28f-568a-b9e7-58923d3ef3a2,f2856ae5-c561-5f69-8db8-0495481bb2b0,33d875fd-1aaa-565b-8be3-7f887fe292da,9699d79f-db80-5ee0-ad13-858a163057f1
ecbbee6d-1de2-52eb-b396-e1056766b5e6,f2856ae5-c561-5f69-8db8-0495481bb2b0,33d875fd-1aaa-565b-8be3-7f887fe292da,86ec4194-a816-5cb4-9869-a10b54d1c75d
f458c8b4-e11f-56a6-a232-b3368157f724,f2856ae5-c561-5f69-8db8-0495481bb2b0,28df7936-e738-5065-ae0d-8b2607b2a935,99038a6a-9e85-5c68-829f-98814dad8b77
d7ba5c28-b4d4-50a8-9680-de77f875f553,f2856ae5-c561-5f69-8db8-0495481bb2b0,28df7936-e738-5065-ae0d-8b2607b2a935,101b0203-b079-5ee3-95e7-25da006a3491
a02a4ab3-0718-5bad-8e7f-34cfbc37af53,f2856ae5-c561-5f69-8db8-0495481bb2b0,28df7936-e738-5065-ae0d-8b2607b2a935,1d420eab-2eec-5e74-91cb-ad930f72a00f
e526ef42-826e-5846-bf8d-fe3e22b4bf48,f2856ae5-c561-5f69-8db8-0495481bb2b0,28df7936-e738-5065-ae0d-8b2607b2a935,c386056b-325c-5d42-8020-fefeb12d171f
356b6fdb-d6b5-5d05-8425-70ae12c8ee84,f2856ae5-c561-5f69-8db8-0495481bb2b0,28df7936-e738-5065-ae0d-8b2607b2a935,2921ed77-fb18-5175-acb6-fa1ed8c43fd3
2b78f94e-7c3c-5bcb-a6cf-a1d949d42b31,f2856ae5-c561-5f69-8db8-0495481bb2b0,28df7936-e738-5065-ae0d-8b2607b2a935,b2c36b14-f823-5052-8a49-d8c5f0af5b35
2061bd8c-d789-54c2-94c9-dfc5bfbe59b9,f2856ae5-c561-5f69-8db8-0495481bb2b0,28df7936-e738-5065-ae0d-8b2607b2a935,9699d79f-db80-5ee0-ad13-858a163057f1
99cbdec8-3dfc-5456-b13c-f4693d1dc967,f2856ae5-c561-5f69-8db8-0495481bb2b0,28df7936-e738-5065-ae0d-8b2607b2a935,86ec4194-a816-5cb4-9869-a10b54d1c75d
4dfd08aa-67ab-501e-86b9-a1159d8f9445,f2856ae5-c561-5f69-8db8-0495481bb2b0,37400182-0950-59ab-9b16-a86cef2a6731,99038a6a-9e85-5c68-829f-98814dad8b77
e7055950-e33c-5611-81a0-4d11df997a39,f2856ae5-c561-5f69-8db8-0495481bb2b0,37400182-0950-59ab-9b16-a86cef2a6731,101b0203-b079-5ee3-95e7-25da006a3491
b50a78f6-6a24-52f4-a6f5-a8affd57598c,f2856ae5-c561-5f69-8db8-0495481bb2b0,37400182-0950-59ab-9b16-a86cef2a6731,1d420eab-2eec-5e74-91cb-ad930f72a00f
186cb078-b845-5599-9c63-efe85a0b995e,f2856ae5-c561-5f69-8db8-0495481bb2b0,37400182-0950-59ab-9b16-a86cef2a6731,c386056b-325c-5d42-8020-fefeb12d171f
1c697387-7dae-552b-b739-7249eb7546fa,f2856ae5-c561-5f69-8db8-0495481bb2b0,37400182-0950-59ab-9b16-a86cef2a6731,2921ed77-fb18-5175-acb6-fa1ed8c43fd3
8bb45e1a-13f4-5991-b8ee-521b7df8eb52,f2856ae5-c561-5f69-8db8-0495481bb2b0,37400182-0950-59ab-9b16-a86cef2a6731,b2c36b14-f823-5052-8a49-d8c5f0af5b35
581f186c-7d36-525a-9221-89fb459958d3,f2856ae5-c561-5f69-8db8-0495481bb2b0,37400182-0950-59ab-9b16-a86cef2a6731,9699d79f-db80-5ee0-ad13-858a163057f1
cec46a21-94aa-5c3c-b7b2-5367ddd73d20,f2856ae5-c561-5f69-8db8-0495481bb2b0,37400182-0950-59ab-9b16-a86cef2a6731,86ec4194-a816-5cb4-9869-a10b54d1c75d
fb271ed7-a3f3-5a62-bbfe-52c5302c6f64,f2856ae5-c561-5f69-8db8-0495481bb2b0,6f72004b-8250-5e3a-9466-d8552a1dab2e,99038a6a-9e85-5c68-829f-98814dad8b77
214f27c5-0bc9-58a6-84c3-481a27e9ecf0,f2856ae5-c561-5f69-8db8-0495481bb2b0,6f72004b-8250-5e3a-9466-d8552a1dab2e,101b0203-b079-5ee3-95e7-25da006a3491
6d2672b7-973f-5f1c-a798-ad39935cf569,f2856ae5-c561-5f69-8db8-0495481bb2b0,6f72004b-8250-5e3a-9466-d8552a1dab2e,1d420eab-2eec-5e74-91cb-ad930f72a00f
3286e5bb-92eb-59b1-9c44-359a45eec7b2,f2856ae5-c561-5f69-8db8-0495481bb2b0,6f72004b-8250-5e3a-9466-d8552a1dab2e,c386056b-325c-5d42-8020-fefeb12d171f
11d192e6-bfed-5be7-b58d-2c434e358980,f2856ae5-c561-5f69-8db8-0495481bb2b0,6f72004b-8250-5e3a-9466-d8552a1dab2e,2921ed77-fb18-5175-acb6-fa1ed8c43fd3
66580fc0-7f2e-5feb-a32b-de471d92addf,f2856ae5-c561-5f69-8db8-0495481bb2b0,6f72004b-8250-5e3a-9466-d8552a1dab2e,b2c36b14-f823-5052-8a49-d8c5f0af5b35
cb55f100-4aae-56ee-b213-edeac4027671,f2856ae5-c561-5f69-8db8-0495481bb2b0,6f72004b-8250-5e3a-9466-d8552a1dab2e,9699d79f-db80-5ee0-ad13-858a163057f1
f374d89a-0348-5dee-83d6-b49d970d291e,f2856ae5-c561-5f69-8db8-0495481bb2b0,6f72004b-8250-5e3a-9466-d8552a1dab2e,86ec4194-a816-5cb4-9869-a10b54d1c75d
dfa46075-74eb-52e0-9fea-ae8bdf63ac84,f2856ae5-c561-5f69-8db8-0495481bb2b0,0dfe39a1-a303-5151-a1cc-3dcb4d78052b,99038a6a-9e85-5c68-829f-98814dad8b77
33069bbe-58e1-5018-a6e7-acbe5d60a3c5,f2856ae5-c561-5f69-8db8-0495481bb2b0,0dfe39a1-a303-5151-a1cc-3dcb4d78052b,101b0203-b079-5ee3-95e7-25da006a3491
064d16e1-ae8f-5a6a-a274-d1668ba610f5,f2856ae5-c561-5f69-8db8-0495481bb2b0,0dfe39a1-a303-5151-a1cc-3dcb4d78052b,1d420eab-2eec-5e74-91cb-ad930f72a00f
27ab6097-c036-5221-a5e1-c33869580f44,f2856ae5-c561-5f69-8db8-0495481bb2b0,0dfe39a1-a303-5151-a1cc-3dcb4d78052b,c386056b-325c-5d42-8020-fefeb12d171f
68dc4067-a3de-52b4-8973-91b1cba0ca5e,f2856ae5-c561-5f69-8db8-0495481bb2b0,0dfe39a1-a303-5151-a1cc-3dcb4d78052b,2921ed77-fb18-5175-acb6-fa1ed8c43fd3
197db7c6-2631-5b83-afae-1a91ce9f4bc9,f2856ae5-c561-5f69-8db8-0495481bb2b0,0dfe39a1-a303-5151-a1cc-3dcb4d78052b,b2c36b14-f823-5052-8a49-d8c5f0af5b35
cf9b776d-e0de-5e11-b6b7-aaec94ea3765,f2856ae5-c561-5f69-8db8-0495481bb2b0,0dfe39a1-a303-5151-a1cc-3dcb4d78052b,9699d79f-db80-5ee0-ad13-858a163057f1
99dcfc64-4148-5582-bf19-f9d524c0b64c,f2856ae5-c561-5f69-8db8-0495481bb2b0,0dfe39a1-a303-5151-a1cc-3dcb4d78052b,86ec4194-a816-5cb4-9869-a10b54d1c75d
9d4ddc9c-5e34-5a07-9bf2-99e74ee7e2d7,f2856ae5-c561-5f69-8db8-0495481bb2b0,9f4d81af-740a-5a3e-895c-cfa5007043cd,99038a6a-9e85-5c68-829f-98814dad8b77
b66c96f4-c000-597a-8d71-c379e6bd7211,f2856ae5-c561-5f69-8db8-0495481bb2b0,9f4d81af-740a-5a3e-895c-cfa5007043cd,101b0203-b079-5ee3-95e7-25da006a3491
d17ba9b7-d3bb-5257-82d8-ba374f0240d5,f2856ae5-c561-5f69-8db8-0495481bb2b0,9f4d81af-740a-5a3e-895c-cfa5007043cd,1d420eab-2eec-5e74-91cb-ad930f72a00f
4b85748b-59e4-5936-aad1-c1ec9694ad1f,f2856ae5-c561-5f69-8db8-0495481bb2b0,9f4d81af-740a-5a3e-895c-cfa5007043cd,c386056b-325c-5d42-8020-fefeb12d171f
4d3acddf-d3f1-560b-87c5-3b4ffed35602,f2856ae5-c561-5f69-8db8-0495481bb2b0,9f4d81af-740a-5a3e-895c-cfa5007043cd,2921ed77-fb18-5175-acb6-fa1ed8c43fd3
324433a9-eab8-570c-b9ba-0a9ea41f8bfc,f2856ae5-c561-5f69-8db8-0495481bb2b0,9f4d81af-740a-5a3e-895c-cfa5007043cd,b2c36b14-f823-5052-8a49-d8c5f0af5b35
68aa18e4-5e9e-5003-9370-7042184401be,f2856ae5-c561-5f69-8db8-0495481bb2b0,9f4d81af-740a-5a3e-895c-cfa5007043cd,9699d79f-db80-5ee0-ad13-858a163057f1
7d963649-610a-5225-9bb0-18ff520346d6,f2856ae5-c561-5f69-8db8-0495481bb2b0,9f4d81af-740a-5a3e-895c-cfa5007043cd,86ec4194-a816-5cb4-9869-a10b54d1c75d
