id,school_id,learner_id,class_id,academic_year_id,status
c1ab2734-46af-55dc-8766-b22b50c5d3cd,9341cf1e-f77b-5e4a-abbe-6a72f8c4a2fa,97478224-2ce8-5b0f-88b4-b80d6635a840,0758e88b-235c-52a0-b041-f5b632fb6cb7,2ab603a2-9314-5554-9bb5-6dbfadab4548,enrolled
582ca7f0-d4be-5e7a-b090-a0208bf45af6,9341cf1e-f77b-5e4a-abbe-6a72f8c4a2fa,2ebca35f-d7ff-55d4-9b85-323059655f50,0758e88b-235c-52a0-b041-f5b632fb6cb7,2ab603a2-9314-5554-9bb5-6dbfadab4548,enrolled
da76072c-a7aa-575b-b294-71d0628975d0,9341cf1e-f77b-5e4a-abbe-6a72f8c4a2fa,eab5002a-1fb1-53ec-925f-bfd5f43fe335,0758e88b-235c-52a0-b041-f5b632fb6cb7,2ab603a2-9314-5554-9bb5-6dbfadab4548,enrolled
34ae0f30-6ce2-5e7e-a46c-1604f44e3985,9341cf1e-f77b-5e4a-abbe-6a72f8c4a2fa,7ea23e89-ac20-5e39-94e1-e863c6a9ba27,0758e88b-235c-52a0-b041-f5b632fb6cb7,2ab603a2-9314-5554-9bb5-6dbfadab4548,enrolled
73c2adbe-ffec-5ef3-a177-21dc252c73ab,9341cf1e-f77b-5e4a-abbe-6a72f8c4a2fa,dbebc2b2-6764-58fd-80dc-b6588fbad464,0758e88b-235c-52a0-b041-f5b632fb6cb7,2ab603a2-9314-5554-9bb5-6dbfadab4548,enrolled
db83d865-001d-588d-9fb1-9cf1a84ff5b6,9341cf1e-f77b-5e4a-abbe-6a72f8c4a2fa,ca6dd76b-33da-556b-9615-f93b85f1efe1,0758e88b-235c-52a0-b041-f5b632fb6cb7,2ab603a2-9314-5554-9bb5-6dbfadab4548,enrolled
c318dc97-6919-5a3b-af41-b9b5a7697d33,9341cf1e-f77b-5e4a-abbe-6a72f8c4a2fa,77e75cdf-7643-52d0-aebe-c795efc05464,0758e88b-235c-52a0-b041-f5b632fb6cb7,2ab603a2-9314-5554-9bb5-6dbfadab4548,enrolled
10af219f-8e29-5f97-b379-14228f812176,9341cf1e-f77b-5e4a-abbe-6a72f8c4a2fa,5df8830c-6f1b-5c79-a4ac-f4222d874e8d,0758e88b-235c-52a0-b041-f5b632fb6cb7,2ab603a2-9314-5554-9bb5-6dbfadab4548,enrolled
a6632282-2b94-53ae-a2f4-84ac2fc47f4c,9341cf1e-f77b-5e4a-abbe-6a72f8c4a2fa,5de87ceb-d8f5-5701-aaae-4c3b67b4b7bd,0758e88b-235c-52a0-b041-f5b632fb6cb7,2ab603a2-9314-5554-9bb5-6dbfadab4548,enrolled
036839e3-9029-5aee-af81-fcf8748c4a8a,9341cf1e-f77b-5e4a-abbe-6a72f8c4a2fa,d1bb0099-5f95-5c87-937b-cbd5de5c5a54,0758e88b-235c-52a0-b041-f5b632fb6cb7,2ab603a2-9314-5554-9bb5-6dbfadab4548,enrolled
f4b48d5a-4ff1-58c8-831b-0e51c5fe4614,9341cf1e-f77b-5e4a-abbe-6a72f8c4a2fa,e1027467-17ba-5894-9efc-dfedf58801ba,3ecefe87-c702-5f11-8c0c-c08738027f63,2ab603a2-9314-5554-9bb5-6dbfadab4548,enrolled
15204562-8739-57ce-a891-599634f8e229,9341cf1e-f77b-5e4a-abbe-6a72f8c4a2fa,14cfd6cd-2dc6-555b-86dd-703559c66c3f,3ecefe87-c702-5f11-8c0c-c08738027f63,2ab603a2-9314-5554-9bb5-6dbfadab4548,enrolled
f714ebb8-4de4-538c-860b-f04ffadb6dc7,9341cf1e-f77b-5e4a-abbe-6a72f8c4a2fa,39112046-6f6d-5006-957d-40f8b65d2715,3ecefe87-c702-5f11-8c0c-c08738027f63,2ab603a2-9314-5554-9bb5-6dbfadab4548,enrolled
267ce91b-e86b-5f8d-8e64-5bca801a721c,9341cf1e-f77b-5e4a-abbe-6a72f8c4a2fa,db0c6dea-4a6c-5e72-87e1-2739346e0cf7,3ecefe87-c702-5f11-8c0c-c08738027f63,2ab603a2-9314-5554-9bb5-6dbfadab4548,enrolled
c2de7554-0a0c-58ab-bcc2-24024dbd0435,9341cf1e-f77b-5e4a-abbe-6a72f8c4a2fa,be9f5256-4443-59ef-8a8f-d0d1ff1d32f7,3ecefe87-c702-5f11-8c0c-c08738027f63,2ab603a2-9314-5554-9bb5-6dbfadab4548,enrolled
8704dc9d-2cf1-50f9-b530-a7b80b0e897e,9341cf1e-f77b-5e4a-abbe-6a72f8c4a2fa,ff780bbc-88d2-59f5-91f1-c4402001f8ea,3ecefe87-c702-5f11-8c0c-c08738027f63,2ab603a2-9314-5554-9bb5-6dbfadab4548,enrolled
88df413d-7da9-506c-9b59-3acb3280d64c,9341cf1e-f77b-5e4a-abbe-6a72f8c4a2fa,63418809-71aa-552c-80e7-489de8375e8d,3ecefe87-c702-5f11-8c0c-c08738027f63,2ab603a2-9314-5554-9bb5-6dbfadab4548,enrolled
6856593e-c3bb-548a-a9be-6476d125ff2c,9341cf1e-f77b-5e4a-abbe-6a72f8c4a2fa,0372bcdc-37da-5211-b85c-9306c59189ce,3ecefe87-c702-5f11-8c0c-c08738027f63,2ab603a2-9314-5554-9bb5-6dbfadab4548,enrolled
3b73e446-9377-51a3-b011-19d140691db7,9341cf1e-f77b-5e4a-abbe-6a72f8c4a2fa,d69fc09a-bddb-5cd5-93b9-1777c2f9995b,3ecefe87-c702-5f11-8c0c-c08738027f63,2ab603a2-9314-5554-9bb5-6dbfadab4548,enrolled
ff630e72-98b9-5a01-a187-c31fca487783,9341cf1e-f77b-5e4a-abbe-6a72f8c4a2fa,bd298c72-8451-5849-a031-8d526e579bf5,3ecefe87-c702-5f11-8c0c-c08738027f63,2ab603a2-9314-5554-9bb5-6dbfadab4548,enrolled
460df2d7-9967-55f1-96e0-a2d06f86813a,9341cf1e-f77b-5e4a-abbe-6a72f8c4a2fa,6c9f8691-42d6-582a-975f-000917364916,c7eb866b-a0b6-523d-a1dc-b5e1fef26daf,2ab603a2-9314-5554-9bb5-6dbfadab4548,enrolled
5969c6ee-d493-58e9-b9ca-25bf42363259,9341cf1e-f77b-5e4a-abbe-6a72f8c4a2fa,839f9875-8808-5eac-bac9-ab399c9f2dc9,c7eb866b-a0b6-523d-a1dc-b5e1fef26daf,2ab603a2-9314-5554-9bb5-6dbfadab4548,enrolled
c5c86d43-44be-5cbe-91cc-60df439be2ab,9341cf1e-f77b-5e4a-abbe-6a72f8c4a2fa,2ae6800b-fa91-5166-ae64-ba72ea34bb2e,c7eb866b-a0b6-523d-a1dc-b5e1fef26daf,2ab603a2-9314-5554-9bb5-6dbfadab4548,enrolled
b16a808e-74a4-50a3-8106-03904a53a1d7,9341cf1e-f77b-5e4a-abbe-6a72f8c4a2fa,929d562b-e3db-57c6-86b7-a2e012f2289b,c7eb866b-a0b6-523d-a1dc-b5e1fef26daf,2ab603a2-9314-5554-9bb5-6dbfadab4548,enrolled
2ee6c4eb-efbc-5d00-b4fe-41a1dc870392,9341cf1e-f77b-5e4a-abbe-6a72f8c4a2fa,a9487b57-63fe-5559-9f5d-0f39cb61c6f9,c7eb866b-a0b6-523d-a1dc-b5e1fef26daf,2ab603a2-9314-5554-9bb5-6dbfadab4548,enrolled
42fda757-1176-5d68-bc01-7baef2c3de84,9341cf1e-f77b-5e4a-abbe-6a72f8c4a2fa,42e4b69b-f7f6-58e1-9df6-00c152bab406,c7eb866b-a0b6-523d-a1dc-b5e1fef26daf,2ab603a2-9314-5554-9bb5-6dbfadab4548,enrolled
6fde58ec-7470-53da-a342-eb730b236399,9341cf1e-f77b-5e4a-abbe-6a72f8c4a2fa,12113125-f8c6-5700-9088-b604b0d37671,c7eb866b-a0b6-523d-a1dc-b5e1fef26daf,2ab603a2-9314-5554-9bb5-6dbfadab4548,enrolled
4e3d30ab-b510-5b7d-bd38-b0df7dddfa57,9341cf1e-f77b-5e4a-abbe-6a72f8c4a2fa,7abd3986-1964-564c-9c1d-cf9abe9fd9b4,c7eb866b-a0b6-523d-a1dc-b5e1fef26daf,2ab603a2-9314-5554-9bb5-6dbfadab4548,enrolled
0c6d3f5e-c77e-5a97-8610-eebdd3a78c3d,9341cf1e-f77b-5e4a-abbe-6a72f8c4a2fa,bffd5335-2432-51f2-a40b-c27cf884c9b3,c7eb866b-a0b6-523d-a1dc-b5e1fef26daf,2ab603a2-9314-5554-9bb5-6dbfadab4548,enrolled
cabc669f-b3f1-599e-84f7-7d11009c0ead,9341cf1e-f77b-5e4a-abbe-6a72f8c4a2fa,50852bc0-2cea-52f7-9602-418b2045ee00,c7eb866b-a0b6-523d-a1dc-b5e1fef26daf,2ab603a2-9314-5554-9bb5-6dbfadab4548,enrolled
233bc279-6b5f-5823-bddf-02223bce6298,f2856ae5-c561-5f69-8db8-0495481bb2b0,4e34de24-cc0c-548b-8fc7-446a48da3344,e3a4c962-2e8c-5c8d-a4b8-43fffd8afe2c,2fee7bc4-59af-54ea-af70-33728cb7d9d0,enrolled
9352427c-e83c-5011-9b5f-52af4da0416c,f2856ae5-c561-5f69-8db8-0495481bb2b0,c1ec2ac3-6c79-5f1b-9ad7-a14c409de11a,e3a4c962-2e8c-5c8d-a4b8-43fffd8afe2c,2fee7bc4-59af-54ea-af70-33728cb7d9d0,enrolled
0264d51d-ab9e-52b5-a9f8-3fd454c7d914,f2856ae5-c561-5f69-8db8-0495481bb2b0,e59e2116-e21f-525c-a37e-4cdbcdda7abc,e3a4c962-2e8c-5c8d-a4b8-43fffd8afe2c,2fee7bc4-59af-54ea-af70-33728cb7d9d0,enrolled
71e540b8-4344-5659-8984-1e9044bdb230,f2856ae5-c561-5f69-8db8-0495481bb2b0,227e3346-2838-5769-80cb-eb94fbdd12ac,e3a4c962-2e8c-5c8d-a4b8-43fffd8afe2c,2fee7bc4-59af-54ea-af70-33728cb7d9d0,enrolled
4c37db26-a0df-549d-94f3-78bc7eb20055,f2856ae5-c561-5f69-8db8-0495481bb2b0,9ac510af-7012-515e-bdc7-425b183256e3,e3a4c962-2e8c-5c8d-a4b8-43fffd8afe2c,2fee7bc4-59af-54ea-af70-33728cb7d9d0,enrolled
661583d3-ba45-54fd-9621-11547d7da0ca,f2856ae5-c561-5f69-8db8-0495481bb2b0,e0a9a5aa-ab80-5b4a-9c30-39e99399f6ad,e3a4c962-2e8c-5c8d-a4b8-43fffd8afe2c,2fee7bc4-59af-54ea-af70-33728cb7d9d0,enrolled
a391c26b-04b3-50c9-9f1a-803fa67fce98,f2856ae5-c561-5f69-8db8-0495481bb2b0,3e47a610-00e1-51b7-aa62-81e03da6467b,e3a4c962-2e8c-5c8d-a4b8-43fffd8afe2c,2fee7bc4-59af-54ea-af70-33728cb7d9d0,enrolled
f256f11a-5c3c-5831-aeb6-65296da6c74c,f2856ae5-c561-5f69-8db8-0495481bb2b0,59ada0e5-7642-5e21-a2ce-5463e66ae1d7,e3a4c962-2e8c-5c8d-a4b8-43fffd8afe2c,2fee7bc4-59af-54ea-af70-33728cb7d9d0,enrolled
7e85c9cb-6d82-5446-975b-03413d4d6799,f2856ae5-c561-5f69-8db8-0495481bb2b0,e8caf317-9fae-5584-abbe-2afd4450ae8e,e3a4c962-2e8c-5c8d-a4b8-43fffd8afe2c,2fee7bc4-59af-54ea-af70-33728cb7d9d0,enrolled
c6f197b8-e3e4-5f8d-a71e-af7b137b88a2,f2856ae5-c561-5f69-8db8-0495481bb2b0,be501e18-dd45-59c0-a7d5-fbff3616b4c2,e3a4c962-2e8c-5c8d-a4b8-43fffd8afe2c,2fee7bc4-59af-54ea-af70-33728cb7d9d0,enrolled
36b4d88e-d13c-56ce-8167-2bcfd9b7fdeb,f2856ae5-c561-5f69-8db8-0495481bb2b0,2a4bd4d9-05aa-538c-8671-4b7228e4ba0a,7e073fb9-e2fd-5754-8278-c612e66af27a,2fee7bc4-59af-54ea-af70-33728cb7d9d0,enrolled
9d9c681e-943e-5556-a1f8-4285cf626553,f2856ae5-c561-5f69-8db8-0495481bb2b0,9379bbfc-266d-523d-a575-269f219740c9,7e073fb9-e2fd-5754-8278-c612e66af27a,2fee7bc4-59af-54ea-af70-33728cb7d9d0,enrolled
c763c069-467d-50db-afbd-6af8e6ee81f2,f2856ae5-c561-5f69-8db8-0495481bb2b0,70f4e5c9-005c-553c-b898-0447a357a824,7e073fb9-e2fd-5754-8278-c612e66af27a,2fee7bc4-59af-54ea-af70-33728cb7d9d0,enrolled
3278e9eb-6c70-56a6-a5e0-439c4a8d04f5,f2856ae5-c561-5f69-8db8-0495481bb2b0,8977fc46-9e89-5813-9ad3-e4bd3d07db92,7e073fb9-e2fd-5754-8278-c612e66af27a,2fee7bc4-59af-54ea-af70-33728cb7d9d0,enrolled
2e2dbb36-0c9c-5295-8376-28b4dff31e8e,f2856ae5-c561-5f69-8db8-0495481bb2b0,946b4a2b-350d-59be-88be-64ab1077ad5c,7e073fb9-e2fd-5754-8278-c612e66af27a,2fee7bc4-59af-54ea-af70-33728cb7d9d0,enrolled
c5ff99af-dddb-5e24-8141-91483e0394f5,f2856ae5-c561-5f69-8db8-0495481bb2b0,d07cbcaa-3ba6-5f6c-af2a-8d49ad58466c,7e073fb9-e2fd-5754-8278-c612e66af27a,2fee7bc4-59af-54ea-af70-33728cb7d9d0,enrolled
7df76894-e273-5d9d-9ace-65e144085d4a,f2856ae5-c561-5f69-8db8-0495481bb2b0,9b544fe7-df80-549c-8a96-cb63f1db7f46,7e073fb9-e2fd-5754-8278-c612e66af27a,2fee7bc4-59af-54ea-af70-33728cb7d9d0,enrolled
11e2a464-6f07-5a4e-a03f-bb717288111a,f2856ae5-c561-5f69-8db8-0495481bb2b0,0bc28785-3ef1-5afd-a248-19f74cedfa03,7e073fb9-e2fd-5754-8278-c612e66af27a,2fee7bc4-59af-54ea-af70-33728cb7d9d0,enrolled
70e65636-5347-5d9d-bfcb-bfd229d62a05,f2856ae5-c561-5f69-8db8-0495481bb2b0,be141aac-7f0b-5a92-8af9-ff22621cb81c,7e073fb9-e2fd-5754-8278-c612e66af27a,2fee7bc4-59af-54ea-af70-33728cb7d9d0,enrolled
4548863c-08be-52e9-9722-e77e9efd1a95,f2856ae5-c561-5f69-8db8-0495481bb2b0,224c6355-2d06-59b0-936f-24e0e5919528,7e073fb9-e2fd-5754-8278-c612e66af27a,2fee7bc4-59af-54ea-af70-33728cb7d9d0,enrolled
4039fe24-0627-5ba4-a42f-6a9953a9795f,f2856ae5-c561-5f69-8db8-0495481bb2b0,60d3759d-a5cd-5d71-8405-ee9f2a304554,ad40c6fa-e485-5fcb-9286-7d364baa3a6b,2fee7bc4-59af-54ea-af70-33728cb7d9d0,enrolled
456c9418-8ef7-5122-b7d5-3a0578e77948,f2856ae5-c561-5f69-8db8-0495481bb2b0,7807fc7e-4132-5a27-9fc4-9f73a0791c76,ad40c6fa-e485-5fcb-9286-7d364baa3a6b,2fee7bc4-59af-54ea-af70-33728cb7d9d0,enrolled
51555871-ebcd-50a0-bc8d-78efff56c195,f2856ae5-c561-5f69-8db8-0495481bb2b0,d4d98332-9d0d-5c19-8d00-7de08ef91e7c,ad40c6fa-e485-5fcb-9286-7d364baa3a6b,2fee7bc4-59af-54ea-af70-33728cb7d9d0,enrolled
aac782a0-2cca-5aa4-8336-9783140f5163,f2856ae5-c561-5f69-8db8-0495481bb2b0,8e16cf36-af1a-5448-9de3-9394bc48a0e8,ad40c6fa-e485-5fcb-9286-7d364baa3a6b,2fee7bc4-59af-54ea-af70-33728cb7d9d0,enrolled
33d875fd-1aaa-565b-8be3-7f887fe292da,f2856ae5-c561-5f69-8db8-0495481bb2b0,ff6683ed-157b-5c66-9795-c4b04d2c7c41,ad40c6fa-e485-5fcb-9286-7d364baa3a6b,2fee7bc4-59af-54ea-af70-33728cb7d9d0,enrolled
28df7936-e738-5065-ae0d-8b2607b2a935,f2856ae5-c561-5f69-8db8-0495481bb2b0,a83a9e86-5270-54cd-9550-b2c5fb4f1640,ad40c6fa-e485-5fcb-9286-7d364baa3a6b,2fee7bc4-59af-54ea-af70-33728cb7d9d0,enrolled
37400182-0950-59ab-9b16-a86cef2a6731,f2856ae5-c561-5f69-8db8-0495481bb2b0,b5154b9b-acdd-5023-9c2d-3f08409fd279,ad40c6fa-e485-5fcb-9286-7d364baa3a6b,2fee7bc4-59af-54ea-af70-33728cb7d9d0,enrolled
6f72004b-8250-5e3a-9466-d8552a1dab2e,f2856ae5-c561-5f69-8db8-0495481bb2b0,32b80539-03e2-5d3a-a471-63385b643fff,ad40c6fa-e485-5fcb-9286-7d364baa3a6b,2fee7bc4-59af-54ea-af70-33728cb7d9d0,enrolled
0dfe39a1-a303-5151-a1cc-3dcb4d78052b,f2856ae5-c561-5f69-8db8-0495481bb2b0,b269e9fe-7349-5886-9445-b38303487f65,ad40c6fa-e485-5fcb-9286-7d364baa3a6b,2fee7bc4-59af-54ea-af70-33728cb7d9d0,enrolled
9f4d81af-740a-5a3e-895c-cfa5007043cd,f2856ae5-c561-5f69-8db8-0495481bb2b0,cea7d68c-afe3-5c5c-86a2-a66dee9e8aa8,ad40c6fa-e485-5fcb-9286-7d364baa3a6b,2fee7bc4-59af-54ea-af70-33728cb7d9d0,enrolled
