term_id,class_id,enrolment_id,learner_number,subjects_counted,average,position,class_size
9054edb8-0369-52aa-b114-359dc868bcbb,0758e88b-235c-52a0-b041-f5b632fb6cb7,c1ab2734-46af-55dc-8766-b22b50c5d3cd,MSH260001,7,39.1,10,10
9054edb8-0369-52aa-b114-359dc868bcbb,0758e88b-235c-52a0-b041-f5b632fb6cb7,582ca7f0-d4be-5e7a-b090-a0208bf45af6,MSH260002,7,56.6,8,10
9054edb8-0369-52aa-b114-359dc868bcbb,0758e88b-235c-52a0-b041-f5b632fb6cb7,da76072c-a7aa-575b-b294-71d0628975d0,MSH260003,7,75.4,2,10
9054edb8-0369-52aa-b114-359dc868bcbb,0758e88b-235c-52a0-b041-f5b632fb6cb7,34ae0f30-6ce2-5e7e-a46c-1604f44e3985,MSH260004,7,60.3,5,10
9054edb8-0369-52aa-b114-359dc868bcbb,0758e88b-235c-52a0-b041-f5b632fb6cb7,73c2adbe-ffec-5ef3-a177-21dc252c73ab,MSH260005,7,60.6,4,10
9054edb8-0369-52aa-b114-359dc868bcbb,0758e88b-235c-52a0-b041-f5b632fb6cb7,db83d865-001d-588d-9fb1-9cf1a84ff5b6,MSH260006,6,79.5,1,10
9054edb8-0369-52aa-b114-359dc868bcbb,0758e88b-235c-52a0-b041-f5b632fb6cb7,c318dc97-6919-5a3b-af41-b9b5a7697d33,MSH260007,6,60.2,6,10
9054edb8-0369-52aa-b114-359dc868bcbb,0758e88b-235c-52a0-b041-f5b632fb6cb7,10af219f-8e29-5f97-b379-14228f812176,MSH260008,7,48.0,9,10
9054edb8-0369-52aa-b114-359dc868bcbb,0758e88b-235c-52a0-b041-f5b632fb6cb7,a6632282-2b94-53ae-a2f4-84ac2fc47f4c,MSH260009,7,57.3,7,10
9054edb8-0369-52aa-b114-359dc868bcbb,0758e88b-235c-52a0-b041-f5b632fb6cb7,036839e3-9029-5aee-af81-fcf8748c4a8a,MSH260010,7,63.3,3,10
9054edb8-0369-52aa-b114-359dc868bcbb,3ecefe87-c702-5f11-8c0c-c08738027f63,f4b48d5a-4ff1-58c8-831b-0e51c5fe4614,MSH260011,7,72.6,4,10
9054edb8-0369-52aa-b114-359dc868bcbb,3ecefe87-c702-5f11-8c0c-c08738027f63,15204562-8739-57ce-a891-599634f8e229,MSH260012,7,55.0,8,10
9054edb8-0369-52aa-b114-359dc868bcbb,3ecefe87-c702-5f11-8c0c-c08738027f63,f714ebb8-4de4-538c-860b-f04ffadb6dc7,MSH260013,7,78.0,3,10
9054edb8-0369-52aa-b114-359dc868bcbb,3ecefe87-c702-5f11-8c0c-c08738027f63,267ce91b-e86b-5f8d-8e64-5bca801a721c,MSH260014,7,58.6,6,10
9054edb8-0369-52aa-b114-359dc868bcbb,3ecefe87-c702-5f11-8c0c-c08738027f63,c2de7554-0a0c-58ab-bcc2-24024dbd0435,MSH260015,7,83.1,2,10
9054edb8-0369-52aa-b114-359dc868bcbb,3ecefe87-c702-5f11-8c0c-c08738027f63,8704dc9d-2cf1-50f9-b530-a7b80b0e897e,MSH260016,6,42.3,10,10
9054edb8-0369-52aa-b114-359dc868bcbb,3ecefe87-c702-5f11-8c0c-c08738027f63,88df413d-7da9-506c-9b59-3acb3280d64c,MSH260017,7,69.6,5,10
9054edb8-0369-52aa-b114-359dc868bcbb,3ecefe87-c702-5f11-8c0c-c08738027f63,6856593e-c3bb-548a-a9be-6476d125ff2c,MSH260018,7,47.7,9,10
9054edb8-0369-52aa-b114-359dc868bcbb,3ecefe87-c702-5f11-8c0c-c08738027f63,3b73e446-9377-51a3-b011-19d140691db7,MSH260019,7,90.0,1,10
9054edb8-0369-52aa-b114-359dc868bcbb,3ecefe87-c702-5f11-8c0c-c08738027f63,ff630e72-98b9-5a01-a187-c31fca487783,MSH260020,7,55.9,7,10
9054edb8-0369-52aa-b114-359dc868bcbb,c7eb866b-a0b6-523d-a1dc-b5e1fef26daf,460df2d7-9967-55f1-96e0-a2d06f86813a,MSH260021,7,63.1,4,10
9054edb8-0369-52aa-b114-359dc868bcbb,c7eb866b-a0b6-523d-a1dc-b5e1fef26daf,5969c6ee-d493-58e9-b9ca-25bf42363259,MSH260022,7,85.0,1,10
9054edb8-0369-52aa-b114-359dc868bcbb,c7eb866b-a0b6-523d-a1dc-b5e1fef26daf,c5c86d43-44be-5cbe-91cc-60df439be2ab,MSH260023,6,55.7,6,10
9054edb8-0369-52aa-b114-359dc868bcbb,c7eb866b-a0b6-523d-a1dc-b5e1fef26daf,b16a808e-74a4-50a3-8106-03904a53a1d7,MSH260024,7,68.3,3,10
9054edb8-0369-52aa-b114-359dc868bcbb,c7eb866b-a0b6-523d-a1dc-b5e1fef26daf,2ee6c4eb-efbc-5d00-b4fe-41a1dc870392,MSH260025,7,45.1,9,10
9054edb8-0369-52aa-b114-359dc868bcbb,c7eb866b-a0b6-523d-a1dc-b5e1fef26daf,42fda757-1176-5d68-bc01-7baef2c3de84,MSH260026,7,76.4,2,10
9054edb8-0369-52aa-b114-359dc868bcbb,c7eb866b-a0b6-523d-a1dc-b5e1fef26daf,6fde58ec-7470-53da-a342-eb730b236399,MSH260027,7,52.6,8,10
9054edb8-0369-52aa-b114-359dc868bcbb,c7eb866b-a0b6-523d-a1dc-b5e1fef26daf,4e3d30ab-b510-5b7d-bd38-b0df7dddfa57,MSH260028,7,54.4,7,10
9054edb8-0369-52aa-b114-359dc868bcbb,c7eb866b-a0b6-523d-a1dc-b5e1fef26daf,0c6d3f5e-c77e-5a97-8610-eebdd3a78c3d,MSH260029,7,63.1,4,10
9054edb8-0369-52aa-b114-359dc868bcbb,c7eb866b-a0b6-523d-a1dc-b5e1fef26daf,cabc669f-b3f1-599e-84f7-7d11009c0ead,MSH260030,7,40.7,10,10
15c9e979-0994-5a30-a16c-9632f1665825,e3a4c962-2e8c-5c8d-a4b8-43fffd8afe2c,233bc279-6b5f-5823-bddf-02223bce6298,KDP260001,8,57.6,6,10
15c9e979-0994-5a30-a16c-9632f1665825,e3a4c962-2e8c-5c8d-a4b8-43fffd8afe2c,9352427c-e83c-5011-9b5f-52af4da0416c,KDP260002,8,56.5,7,10
15c9e979-0994-5a30-a16c-9632f1665825,e3a4c962-2e8c-5c8d-a4b8-43fffd8afe2c,0264d51d-ab9e-52b5-a9f8-3fd454c7d914,KDP260003,7,35.1,10,10
15c9e979-0994-5a30-a16c-9632f1665825,e3a4c962-2e8c-5c8d-a4b8-43fffd8afe2c,71e540b8-4344-5659-8984-1e9044bdb230,KDP260004,8,58.1,5,10
15c9e979-0994-5a30-a16c-9632f1665825,e3a4c962-2e8c-5c8d-a4b8-43fffd8afe2c,4c37db26-a0df-549d-94f3-78bc7eb20055,KDP260005,8,65.8,2,10
15c9e979-0994-5a30-a16c-9632f1665825,e3a4c962-2e8c-5c8d-a4b8-43fffd8afe2c,661583d3-ba45-54fd-9621-11547d7da0ca,KDP260006,8,51.3,8,10
15c9e979-0994-5a30-a16c-9632f1665825,e3a4c962-2e8c-5c8d-a4b8-43fffd8afe2c,a391c26b-04b3-50c9-9f1a-803fa67fce98,KDP260007,8,41.6,9,10
15c9e979-0994-5a30-a16c-9632f1665825,e3a4c962-2e8c-5c8d-a4b8-43fffd8afe2c,f256f11a-5c3c-5831-aeb6-65296da6c74c,KDP260008,8,80.8,1,10
15c9e979-0994-5a30-a16c-9632f1665825,e3a4c962-2e8c-5c8d-a4b8-43fffd8afe2c,7e85c9cb-6d82-5446-975b-03413d4d6799,KDP260009,8,59.4,4,10
15c9e979-0994-5a30-a16c-9632f1665825,e3a4c962-2e8c-5c8d-a4b8-43fffd8afe2c,c6f197b8-e3e4-5f8d-a71e-af7b137b88a2,KDP260010,8,60.1,3,10
15c9e979-0994-5a30-a16c-9632f1665825,7e073fb9-e2fd-5754-8278-c612e66af27a,36b4d88e-d13c-56ce-8167-2bcfd9b7fdeb,KDP260011,8,60.6,4,10
15c9e979-0994-5a30-a16c-9632f1665825,7e073fb9-e2fd-5754-8278-c612e66af27a,9d9c681e-943e-5556-a1f8-4285cf626553,KDP260012,7,46.1,9,10
15c9e979-0994-5a30-a16c-9632f1665825,7e073fb9-e2fd-5754-8278-c612e66af27a,c763c069-467d-50db-afbd-6af8e6ee81f2,KDP260013,7,56.6,6,10
15c9e979-0994-5a30-a16c-9632f1665825,7e073fb9-e2fd-5754-8278-c612e66af27a,3278e9eb-6c70-56a6-a5e0-439c4a8d04f5,KDP260014,7,74.3,1,10
15c9e979-0994-5a30-a16c-9632f1665825,7e073fb9-e2fd-5754-8278-c612e66af27a,2e2dbb36-0c9c-5295-8376-28b4dff31e8e,KDP260015,8,61.6,3,10
15c9e979-0994-5a30-a16c-9632f1665825,7e073fb9-e2fd-5754-8278-c612e66af27a,c5ff99af-dddb-5e24-8141-91483e0394f5,KDP260016,8,52.4,8,10
15c9e979-0994-5a30-a16c-9632f1665825,7e073fb9-e2fd-5754-8278-c612e66af27a,7df76894-e273-5d9d-9ace-65e144085d4a,KDP260017,8,62.9,2,10
15c9e979-0994-5a30-a16c-9632f1665825,7e073fb9-e2fd-5754-8278-c612e66af27a,11e2a464-6f07-5a4e-a03f-bb717288111a,KDP260018,8,36.1,10,10
15c9e979-0994-5a30-a16c-9632f1665825,7e073fb9-e2fd-5754-8278-c612e66af27a,70e65636-5347-5d9d-bfcb-bfd229d62a05,KDP260019,8,56.3,7,10
15c9e979-0994-5a30-a16c-9632f1665825,7e073fb9-e2fd-5754-8278-c612e66af27a,4548863c-08be-52e9-9722-e77e9efd1a95,KDP260020,8,58.3,5,10
15c9e979-0994-5a30-a16c-9632f1665825,ad40c6fa-e485-5fcb-9286-7d364baa3a6b,4039fe24-0627-5ba4-a42f-6a9953a9795f,KDP260021,8,52.1,8,10
15c9e979-0994-5a30-a16c-9632f1665825,ad40c6fa-e485-5fcb-9286-7d364baa3a6b,456c9418-8ef7-5122-b7d5-3a0578e77948,KDP260022,8,63.0,5,10
15c9e979-0994-5a30-a16c-9632f1665825,ad40c6fa-e485-5fcb-9286-7d364baa3a6b,51555871-ebcd-50a0-bc8d-78efff56c195,KDP260023,8,66.8,4,10
15c9e979-0994-5a30-a16c-9632f1665825,ad40c6fa-e485-5fcb-9286-7d364baa3a6b,aac782a0-2cca-5aa4-8336-9783140f5163,KDP260024,8,56.4,7,10
15c9e979-0994-5a30-a16c-9632f1665825,ad40c6fa-e485-5fcb-9286-7d364baa3a6b,33d875fd-1aaa-565b-8be3-7f887fe292da,KDP260025,8,27.1,10,10
15c9e979-0994-5a30-a16c-9632f1665825,ad40c6fa-e485-5fcb-9286-7d364baa3a6b,28df7936-e738-5065-ae0d-8b2607b2a935,KDP260026,8,78.9,1,10
15c9e979-0994-5a30-a16c-9632f1665825,ad40c6fa-e485-5fcb-9286-7d364baa3a6b,37400182-0950-59ab-9b16-a86cef2a6731,KDP260027,8,70.4,2,10
15c9e979-0994-5a30-a16c-9632f1665825,ad40c6fa-e485-5fcb-9286-7d364baa3a6b,6f72004b-8250-5e3a-9466-d8552a1dab2e,KDP260028,8,57.5,6,10
15c9e979-0994-5a30-a16c-9632f1665825,ad40c6fa-e485-5fcb-9286-7d364baa3a6b,0dfe39a1-a303-5151-a1cc-3dcb4d78052b,KDP260029,8,46.5,9,10
15c9e979-0994-5a30-a16c-9632f1665825,ad40c6fa-e485-5fcb-9286-7d364baa3a6b,9f4d81af-740a-5a3e-895c-cfa5007043cd,KDP260030,8,67.4,3,10
