term_id,class_id,enrolment_id,learner_number,class_subject_id,subject_code,weighted_percent,rounded_mark,grade,result_status
9054edb8-0369-52aa-b114-359dc868bcbb,0758e88b-235c-52a0-b041-f5b632fb6cb7,c1ab2734-46af-55dc-8766-b22b50c5d3cd,MSH260001,4cdff911-df4f-5372-8103-5374eb970a39,ENG,52.80,53,C,complete
9054edb8-0369-52aa-b114-359dc868bcbb,0758e88b-235c-52a0-b041-f5b632fb6cb7,c1ab2734-46af-55dc-8766-b22b50c5d3cd,MSH260001,a69d1693-6fb5-52f5-be41-ab34fe0da573,MATH,35.80,36,U,complete
9054edb8-0369-52aa-b114-359dc868bcbb,0758e88b-235c-52a0-b041-f5b632fb6cb7,c1ab2734-46af-55dc-8766-b22b50c5d3cd,MSH260001,052a7e42-8224-5b88-914c-b4a8661da001,SHO,35.53,36,U,complete
9054edb8-0369-52aa-b114-359dc868bcbb,0758e88b-235c-52a0-b041-f5b632fb6cb7,c1ab2734-46af-55dc-8766-b22b50c5d3cd,MSH260001,2e41edba-16e9-5e44-932f-ccededaa4b84,GEO,25.93,26,U,complete
9054edb8-0369-52aa-b114-359dc868bcbb,0758e88b-235c-52a0-b041-f5b632fb6cb7,c1ab2734-46af-55dc-8766-b22b50c5d3cd,MSH260001,7dd70c8d-a6f9-5716-9e10-8bfaae755a23,HIS,48.73,49,D,complete
9054edb8-0369-52aa-b114-359dc868bcbb,0758e88b-235c-52a0-b041-f5b632fb6cb7,c1ab2734-46af-55dc-8766-b22b50c5d3cd,MSH260001,7ece39d2-5c1e-5514-96b1-31443e80370d,BIO,32.27,32,U,complete
9054edb8-0369-52aa-b114-359dc868bcbb,0758e88b-235c-52a0-b041-f5b632fb6cb7,c1ab2734-46af-55dc-8766-b22b50c5d3cd,MSH260001,ddf07508-5995-5e14-848f-efd9315c23a8,ACC,42.47,42,E,complete
9054edb8-0369-52aa-b114-359dc868bcbb,0758e88b-235c-52a0-b041-f5b632fb6cb7,582ca7f0-d4be-5e7a-b090-a0208bf45af6,MSH260002,4cdff911-df4f-5372-8103-5374eb970a39,ENG,56.00,56,C,complete
9054edb8-0369-52aa-b114-359dc868bcbb,0758e88b-235c-52a0-b041-f5b632fb6cb7,582ca7f0-d4be-5e7a-b090-a0208bf45af6,MSH260002,a69d1693-6fb5-52f5-be41-ab34fe0da573,MATH,61.93,62,B,complete
9054edb8-0369-52aa-b114-359dc868bcbb,0758e88b-235c-52a0-b041-f5b632fb6cb7,582ca7f0-d4be-5e7a-b090-a0208bf45af6,MSH260002,052a7e42-8224-5b88-914c-b4a8661da001,SHO,54.33,54,C,complete
9054edb8-0369-52aa-b114-359dc868bcbb,0758e88b-235c-52a0-b041-f5b632fb6cb7,582ca7f0-d4be-5e7a-b090-a0208bf45af6,MSH260002,83f377e2-8ec8-51dc-b0c7-04f44e29ba61,CHE,62.87,63,B,complete
9054edb8-0369-52aa-b114-359dc868bcbb,0758e88b-235c-52a0-b041-f5b632fb6cb7,582ca7f0-d4be-5e7a-b090-a0208bf45af6,MSH260002,2e41edba-16e9-5e44-932f-ccededaa4b84,GEO,52.13,52,C,complete
9054edb8-0369-52aa-b114-359dc868bcbb,0758e88b-235c-52a0-b041-f5b632fb6cb7,582ca7f0-d4be-5e7a-b090-a0208bf45af6,MSH260002,7dd70c8d-a6f9-5716-9e10-8bfaae755a23,HIS,58.07,58,C,complete
9054edb8-0369-52aa-b114-359dc868bcbb,0758e88b-235c-52a0-b041-f5b632fb6cb7,582ca7f0-d4be-5e7a-b090-a0208bf45af6,MSH260002,bc93b159-b124-574a-88bf-ba923848640a,PHY,51.20,51,C,complete
9054edb8-0369-52aa-b114-359dc868bcbb,0758e88b-235c-52a0-b041-f5b632fb6cb7,da76072c-a7aa-575b-b294-71d0628975d0,MSH260003,4cdff911-df4f-5372-8103-5374eb970a39,ENG,81.87,82,A,complete
9054edb8-0369-52aa-b114-359dc868bcbb,0758e88b-235c-52a0-b041-f5b632fb6cb7,da76072c-a7aa-575b-b294-71d0628975d0,MSH260003,a69d1693-6fb5-52f5-be41-ab34fe0da573,MATH,75.53,76,A,complete
9054edb8-0369-52aa-b114-359dc868bcbb,0758e88b-235c-52a0-b041-f5b632fb6cb7,da76072c-a7aa-575b-b294-71d0628975d0,MSH260003,052a7e42-8224-5b88-914c-b4a8661da001,SHO,85.73,86,A,complete
9054edb8-0369-52aa-b114-359dc868bcbb,0758e88b-235c-52a0-b041-f5b632fb6cb7,da76072c-a7aa-575b-b294-71d0628975d0,MSH260003,adf474ab-77bf-5588-84d2-0b3e42316aca,BLD,74.27,74,A,complete
9054edb8-0369-52aa-b114-359dc868bcbb,0758e88b-235c-52a0-b041-f5b632fb6cb7,da76072c-a7aa-575b-b294-71d0628975d0,MSH260003,7ece39d2-5c1e-5514-96b1-31443e80370d,BIO,67.60,68,B,complete
9054edb8-0369-52aa-b114-359dc868bcbb,0758e88b-235c-52a0-b041-f5b632fb6cb7,da76072c-a7aa-575b-b294-71d0628975d0,MSH260003,2e41edba-16e9-5e44-932f-ccededaa4b84,GEO,70.27,70,A,complete
9054edb8-0369-52aa-b114-359dc868bcbb,0758e88b-235c-52a0-b041-f5b632fb6cb7,da76072c-a7aa-575b-b294-71d0628975d0,MSH260003,7dd70c8d-a6f9-5716-9e10-8bfaae755a23,HIS,72.00,72,A,complete
9054edb8-0369-52aa-b114-359dc868bcbb,0758e88b-235c-52a0-b041-f5b632fb6cb7,34ae0f30-6ce2-5e7e-a46c-1604f44e3985,MSH260004,4cdff911-df4f-5372-8103-5374eb970a39,ENG,63.00,63,B,complete
9054edb8-0369-52aa-b114-359dc868bcbb,0758e88b-235c-52a0-b041-f5b632fb6cb7,34ae0f30-6ce2-5e7e-a46c-1604f44e3985,MSH260004,a69d1693-6fb5-52f5-be41-ab34fe0da573,MATH,61.13,61,B,complete
9054edb8-0369-52aa-b114-359dc868bcbb,0758e88b-235c-52a0-b041-f5b632fb6cb7,34ae0f30-6ce2-5e7e-a46c-1604f44e3985,MSH260004,052a7e42-8224-5b88-914c-b4a8661da001,SHO,71.73,72,A,complete
9054edb8-0369-52aa-b114-359dc868bcbb,0758e88b-235c-52a0-b041-f5b632fb6cb7,34ae0f30-6ce2-5e7e-a46c-1604f44e3985,MSH260004,bc93b159-b124-574a-88bf-ba923848640a,PHY,53.67,54,C,complete
9054edb8-0369-52aa-b114-359dc868bcbb,0758e88b-235c-52a0-b041-f5b632fb6cb7,34ae0f30-6ce2-5e7e-a46c-1604f44e3985,MSH260004,7ece39d2-5c1e-5514-96b1-31443e80370d,BIO,55.33,55,C,complete
9054edb8-0369-52aa-b114-359dc868bcbb,0758e88b-235c-52a0-b041-f5b632fb6cb7,34ae0f30-6ce2-5e7e-a46c-1604f44e3985,MSH260004,ddf07508-5995-5e14-848f-efd9315c23a8,ACC,66.87,67,B,complete
9054edb8-0369-52aa-b114-359dc868bcbb,0758e88b-235c-52a0-b041-f5b632fb6cb7,34ae0f30-6ce2-5e7e-a46c-1604f44e3985,MSH260004,7dd70c8d-a6f9-5716-9e10-8bfaae755a23,HIS,49.80,50,C,complete
9054edb8-0369-52aa-b114-359dc868bcbb,0758e88b-235c-52a0-b041-f5b632fb6cb7,73c2adbe-ffec-5ef3-a177-21dc252c73ab,MSH260005,4cdff911-df4f-5372-8103-5374eb970a39,ENG,70.13,70,A,complete
9054edb8-0369-52aa-b114-359dc868bcbb,0758e88b-235c-52a0-b041-f5b632fb6cb7,73c2adbe-ffec-5ef3-a177-21dc252c73ab,MSH260005,a69d1693-6fb5-52f5-be41-ab34fe0da573,MATH,60.93,61,B,complete
9054edb8-0369-52aa-b114-359dc868bcbb,0758e88b-235c-52a0-b041-f5b632fb6cb7,73c2adbe-ffec-5ef3-a177-21dc252c73ab,MSH260005,052a7e42-8224-5b88-914c-b4a8661da001,SHO,68.67,69,B,complete
9054edb8-0369-52aa-b114-359dc868bcbb,0758e88b-235c-52a0-b041-f5b632fb6cb7,73c2adbe-ffec-5ef3-a177-21dc252c73ab,MSH260005,7ece39d2-5c1e-5514-96b1-31443e80370d,BIO,51.00,51,C,complete
9054edb8-0369-52aa-b114-359dc868bcbb,0758e88b-235c-52a0-b041-f5b632fb6cb7,73c2adbe-ffec-5ef3-a177-21dc252c73ab,MSH260005,adf474ab-77bf-5588-84d2-0b3e42316aca,BLD,52.13,52,C,complete
9054edb8-0369-52aa-b114-359dc868bcbb,0758e88b-235c-52a0-b041-f5b632fb6cb7,73c2adbe-ffec-5ef3-a177-21dc252c73ab,MSH260005,2e41edba-16e9-5e44-932f-ccededaa4b84,GEO,63.47,63,B,complete
9054edb8-0369-52aa-b114-359dc868bcbb,0758e88b-235c-52a0-b041-f5b632fb6cb7,73c2adbe-ffec-5ef3-a177-21dc252c73ab,MSH260005,ddf07508-5995-5e14-848f-efd9315c23a8,ACC,58.07,58,C,complete
9054edb8-0369-52aa-b114-359dc868bcbb,0758e88b-235c-52a0-b041-f5b632fb6cb7,db83d865-001d-588d-9fb1-9cf1a84ff5b6,MSH260006,4cdff911-df4f-5372-8103-5374eb970a39,ENG,69.33,69,B,complete
9054edb8-0369-52aa-b114-359dc868bcbb,0758e88b-235c-52a0-b041-f5b632fb6cb7,db83d865-001d-588d-9fb1-9cf1a84ff5b6,MSH260006,a69d1693-6fb5-52f5-be41-ab34fe0da573,MATH,87.00,87,A,complete
9054edb8-0369-52aa-b114-359dc868bcbb,0758e88b-235c-52a0-b041-f5b632fb6cb7,db83d865-001d-588d-9fb1-9cf1a84ff5b6,MSH260006,052a7e42-8224-5b88-914c-b4a8661da001,SHO,76.40,76,A,complete
9054edb8-0369-52aa-b114-359dc868bcbb,0758e88b-235c-52a0-b041-f5b632fb6cb7,db83d865-001d-588d-9fb1-9cf1a84ff5b6,MSH260006,7ece39d2-5c1e-5514-96b1-31443e80370d,BIO,76.47,76,A,complete
9054edb8-0369-52aa-b114-359dc868bcbb,0758e88b-235c-52a0-b041-f5b632fb6cb7,db83d865-001d-588d-9fb1-9cf1a84ff5b6,MSH260006,7dd70c8d-a6f9-5716-9e10-8bfaae755a23,HIS,96.47,96,A,complete
9054edb8-0369-52aa-b114-359dc868bcbb,0758e88b-235c-52a0-b041-f5b632fb6cb7,db83d865-001d-588d-9fb1-9cf1a84ff5b6,MSH260006,ddf07508-5995-5e14-848f-efd9315c23a8,ACC,,,,incomplete
9054edb8-0369-52aa-b114-359dc868bcbb,0758e88b-235c-52a0-b041-f5b632fb6cb7,db83d865-001d-588d-9fb1-9cf1a84ff5b6,MSH260006,83f377e2-8ec8-51dc-b0c7-04f44e29ba61,CHE,73.07,73,A,complete
9054edb8-0369-52aa-b114-359dc868bcbb,0758e88b-235c-52a0-b041-f5b632fb6cb7,c318dc97-6919-5a3b-af41-b9b5a7697d33,MSH260007,4cdff911-df4f-5372-8103-5374eb970a39,ENG,58.40,58,C,complete
9054edb8-0369-52aa-b114-359dc868bcbb,0758e88b-235c-52a0-b041-f5b632fb6cb7,c318dc97-6919-5a3b-af41-b9b5a7697d33,MSH260007,a69d1693-6fb5-52f5-be41-ab34fe0da573,MATH,45.07,45,D,complete
9054edb8-0369-52aa-b114-359dc868bcbb,0758e88b-235c-52a0-b041-f5b632fb6cb7,c318dc97-6919-5a3b-af41-b9b5a7697d33,MSH260007,052a7e42-8224-5b88-914c-b4a8661da001,SHO,63.53,64,B,complete
9054edb8-0369-52aa-b114-359dc868bcbb,0758e88b-235c-52a0-b041-f5b632fb6cb7,c318dc97-6919-5a3b-af41-b9b5a7697d33,MSH260007,adf474ab-77bf-5588-84d2-0b3e42316aca,BLD,74.80,75,A,complete
9054edb8-0369-52aa-b114-359dc868bcbb,0758e88b-235c-52a0-b041-f5b632fb6cb7,c318dc97-6919-5a3b-af41-b9b5a7697d33,MSH260007,7ece39d2-5c1e-5514-96b1-31443e80370d,BIO,58.27,58,C,complete
9054edb8-0369-52aa-b114-359dc868bcbb,0758e88b-235c-52a0-b041-f5b632fb6cb7,c318dc97-6919-5a3b-af41-b9b5a7697d33,MSH260007,83f377e2-8ec8-51dc-b0c7-04f44e29ba61,CHE,60.80,61,B,complete
9054edb8-0369-52aa-b114-359dc868bcbb,0758e88b-235c-52a0-b041-f5b632fb6cb7,c318dc97-6919-5a3b-af41-b9b5a7697d33,MSH260007,7dd70c8d-a6f9-5716-9e10-8bfaae755a23,HIS,,,,incomplete
9054edb8-0369-52aa-b114-359dc868bcbb,0758e88b-235c-52a0-b041-f5b632fb6cb7,10af219f-8e29-5f97-b379-14228f812176,MSH260008,4cdff911-df4f-5372-8103-5374eb970a39,ENG,41.73,42,E,complete
9054edb8-0369-52aa-b114-359dc868bcbb,0758e88b-235c-52a0-b041-f5b632fb6cb7,10af219f-8e29-5f97-b379-14228f812176,MSH260008,a69d1693-6fb5-52f5-be41-ab34fe0da573,MATH,44.33,44,E,complete
9054edb8-0369-52aa-b114-359dc868bcbb,0758e88b-235c-52a0-b041-f5b632fb6cb7,10af219f-8e29-5f97-b379-14228f812176,MSH260008,052a7e42-8224-5b88-914c-b4a8661da001,SHO,53.27,53,C,complete
9054edb8-0369-52aa-b114-359dc868bcbb,0758e88b-235c-52a0-b041-f5b632fb6cb7,10af219f-8e29-5f97-b379-14228f812176,MSH260008,7dd70c8d-a6f9-5716-9e10-8bfaae755a23,HIS,60.80,61,B,complete
9054edb8-0369-52aa-b114-359dc868bcbb,0758e88b-235c-52a0-b041-f5b632fb6cb7,10af219f-8e29-5f97-b379-14228f812176,MSH260008,adf474ab-77bf-5588-84d2-0b3e42316aca,BLD,51.60,52,C,complete
9054edb8-0369-52aa-b114-359dc868bcbb,0758e88b-235c-52a0-b041-f5b632fb6cb7,10af219f-8e29-5f97-b379-14228f812176,MSH260008,2e41edba-16e9-5e44-932f-ccededaa4b84,GEO,36.00,36,U,complete
9054edb8-0369-52aa-b114-359dc868bcbb,0758e88b-235c-52a0-b041-f5b632fb6cb7,10af219f-8e29-5f97-b379-14228f812176,MSH260008,ddf07508-5995-5e14-848f-efd9315c23a8,ACC,47.60,48,D,complete
9054edb8-0369-52aa-b114-359dc868bcbb,0758e88b-235c-52a0-b041-f5b632fb6cb7,a6632282-2b94-53ae-a2f4-84ac2fc47f4c,MSH260009,4cdff911-df4f-5372-8103-5374eb970a39,ENG,64.80,65,B,complete
9054edb8-0369-52aa-b114-359dc868bcbb,0758e88b-235c-52a0-b041-f5b632fb6cb7,a6632282-2b94-53ae-a2f4-84ac2fc47f4c,MSH260009,a69d1693-6fb5-52f5-be41-ab34fe0da573,MATH,47.33,47,D,complete
9054edb8-0369-52aa-b114-359dc868bcbb,0758e88b-235c-52a0-b041-f5b632fb6cb7,a6632282-2b94-53ae-a2f4-84ac2fc47f4c,MSH260009,052a7e42-8224-5b88-914c-b4a8661da001,SHO,59.07,59,C,complete
9054edb8-0369-52aa-b114-359dc868bcbb,0758e88b-235c-52a0-b041-f5b632fb6cb7,a6632282-2b94-53ae-a2f4-84ac2fc47f4c,MSH260009,7ece39d2-5c1e-5514-96b1-31443e80370d,BIO,69.47,69,B,complete
9054edb8-0369-52aa-b114-359dc868bcbb,0758e88b-235c-52a0-b041-f5b632fb6cb7,a6632282-2b94-53ae-a2f4-84ac2fc47f4c,MSH260009,7dd70c8d-a6f9-5716-9e10-8bfaae755a23,HIS,61.87,62,B,complete
9054edb8-0369-52aa-b114-359dc868bcbb,0758e88b-235c-52a0-b041-f5b632fb6cb7,a6632282-2b94-53ae-a2f4-84ac2fc47f4c,MSH260009,ddf07508-5995-5e14-848f-efd9315c23a8,ACC,55.67,56,C,complete
9054edb8-0369-52aa-b114-359dc868bcbb,0758e88b-235c-52a0-b041-f5b632fb6cb7,a6632282-2b94-53ae-a2f4-84ac2fc47f4c,MSH260009,adf474ab-77bf-5588-84d2-0b3e42316aca,BLD,42.93,43,E,complete
9054edb8-0369-52aa-b114-359dc868bcbb,0758e88b-235c-52a0-b041-f5b632fb6cb7,036839e3-9029-5aee-af81-fcf8748c4a8a,MSH260010,4cdff911-df4f-5372-8103-5374eb970a39,ENG,61.73,62,B,complete
9054edb8-0369-52aa-b114-359dc868bcbb,0758e88b-235c-52a0-b041-f5b632fb6cb7,036839e3-9029-5aee-af81-fcf8748c4a8a,MSH260010,a69d1693-6fb5-52f5-be41-ab34fe0da573,MATH,62.67,63,B,complete
9054edb8-0369-52aa-b114-359dc868bcbb,0758e88b-235c-52a0-b041-f5b632fb6cb7,036839e3-9029-5aee-af81-fcf8748c4a8a,MSH260010,052a7e42-8224-5b88-914c-b4a8661da001,SHO,70.80,71,A,complete
9054edb8-0369-52aa-b114-359dc868bcbb,0758e88b-235c-52a0-b041-f5b632fb6cb7,036839e3-9029-5aee-af81-fcf8748c4a8a,MSH260010,7ece39d2-5c1e-5514-96b1-31443e80370d,BIO,59.00,59,C,complete
9054edb8-0369-52aa-b114-359dc868bcbb,0758e88b-235c-52a0-b041-f5b632fb6cb7,036839e3-9029-5aee-af81-fcf8748c4a8a,MSH260010,83f377e2-8ec8-51dc-b0c7-04f44e29ba61,CHE,66.33,66,B,complete
9054edb8-0369-52aa-b114-359dc868bcbb,0758e88b-235c-52a0-b041-f5b632fb6cb7,036839e3-9029-5aee-af81-fcf8748c4a8a,MSH260010,bc93b159-b124-574a-88bf-ba923848640a,PHY,62.93,63,B,complete
9054edb8-0369-52aa-b114-359dc868bcbb,0758e88b-235c-52a0-b041-f5b632fb6cb7,036839e3-9029-5aee-af81-fcf8748c4a8a,MSH260010,7dd70c8d-a6f9-5716-9e10-8bfaae755a23,HIS,59.33,59,C,complete
9054edb8-0369-52aa-b114-359dc868bcbb,3ecefe87-c702-5f11-8c0c-c08738027f63,f4b48d5a-4ff1-58c8-831b-0e51c5fe4614,MSH260011,1baa8e7b-5b41-5b69-9a43-a65ffe5c4469,ENG,76.67,77,A,complete
9054edb8-0369-52aa-b114-359dc868bcbb,3ecefe87-c702-5f11-8c0c-c08738027f63,f4b48d5a-4ff1-58c8-831b-0e51c5fe4614,MSH260011,5546b08d-d0d0-57f2-9786-7d7c985e0245,MATH,76.33,76,A,complete
9054edb8-0369-52aa-b114-359dc868bcbb,3ecefe87-c702-5f11-8c0c-c08738027f63,f4b48d5a-4ff1-58c8-831b-0e51c5fe4614,MSH260011,ee5fe543-38fb-51ba-8b68-690f7c0a4954,SHO,63.93,64,B,complete
9054edb8-0369-52aa-b114-359dc868bcbb,3ecefe87-c702-5f11-8c0c-c08738027f63,f4b48d5a-4ff1-58c8-831b-0e51c5fe4614,MSH260011,bd131888-4476-5f15-abb8-695db9306179,CHE,69.87,70,A,complete
9054edb8-0369-52aa-b114-359dc868bcbb,3ecefe87-c702-5f11-8c0c-c08738027f63,f4b48d5a-4ff1-58c8-831b-0e51c5fe4614,MSH260011,ba8c2380-62e8-596a-b791-d4e904870630,BIO,75.73,76,A,complete
9054edb8-0369-52aa-b114-359dc868bcbb,3ecefe87-c702-5f11-8c0c-c08738027f63,f4b48d5a-4ff1-58c8-831b-0e51c5fe4614,MSH260011,c10ec805-1ed0-52a3-bb3e-5fa546228355,PHY,72.87,73,A,complete
9054edb8-0369-52aa-b114-359dc868bcbb,3ecefe87-c702-5f11-8c0c-c08738027f63,f4b48d5a-4ff1-58c8-831b-0e51c5fe4614,MSH260011,eb8cd119-1ee7-5755-9707-4a269052b613,GEO,72.40,72,A,complete
9054edb8-0369-52aa-b114-359dc868bcbb,3ecefe87-c702-5f11-8c0c-c08738027f63,15204562-8739-57ce-a891-599634f8e229,MSH260012,1baa8e7b-5b41-5b69-9a43-a65ffe5c4469,ENG,52.20,52,C,complete
9054edb8-0369-52aa-b114-359dc868bcbb,3ecefe87-c702-5f11-8c0c-c08738027f63,15204562-8739-57ce-a891-599634f8e229,MSH260012,5546b08d-d0d0-57f2-9786-7d7c985e0245,MATH,65.07,65,B,complete
9054edb8-0369-52aa-b114-359dc868bcbb,3ecefe87-c702-5f11-8c0c-c08738027f63,15204562-8739-57ce-a891-599634f8e229,MSH260012,ee5fe543-38fb-51ba-8b68-690f7c0a4954,SHO,49.33,49,D,complete
9054edb8-0369-52aa-b114-359dc868bcbb,3ecefe87-c702-5f11-8c0c-c08738027f63,15204562-8739-57ce-a891-599634f8e229,MSH260012,c10ec805-1ed0-52a3-bb3e-5fa546228355,PHY,56.33,56,C,complete
9054edb8-0369-52aa-b114-359dc868bcbb,3ecefe87-c702-5f11-8c0c-c08738027f63,15204562-8739-57ce-a891-599634f8e229,MSH260012,bd131888-4476-5f15-abb8-695db9306179,CHE,56.00,56,C,complete
9054edb8-0369-52aa-b114-359dc868bcbb,3ecefe87-c702-5f11-8c0c-c08738027f63,15204562-8739-57ce-a891-599634f8e229,MSH260012,e91c4eda-0443-5ed4-bff3-2ce94734a9d6,ACC,64.13,64,B,complete
9054edb8-0369-52aa-b114-359dc868bcbb,3ecefe87-c702-5f11-8c0c-c08738027f63,15204562-8739-57ce-a891-599634f8e229,MSH260012,393ea450-8583-5eb0-a331-eb2703165298,HIS,42.87,43,E,complete
9054edb8-0369-52aa-b114-359dc868bcbb,3ecefe87-c702-5f11-8c0c-c08738027f63,f714ebb8-4de4-538c-860b-f04ffadb6dc7,MSH260013,1baa8e7b-5b41-5b69-9a43-a65ffe5c4469,ENG,84.53,85,A,complete
9054edb8-0369-52aa-b114-359dc868bcbb,3ecefe87-c702-5f11-8c0c-c08738027f63,f714ebb8-4de4-538c-860b-f04ffadb6dc7,MSH260013,5546b08d-d0d0-57f2-9786-7d7c985e0245,MATH,87.27,87,A,complete
9054edb8-0369-52aa-b114-359dc868bcbb,3ecefe87-c702-5f11-8c0c-c08738027f63,f714ebb8-4de4-538c-860b-f04ffadb6dc7,MSH260013,ee5fe543-38fb-51ba-8b68-690f7c0a4954,SHO,65.87,66,B,complete
9054edb8-0369-52aa-b114-359dc868bcbb,3ecefe87-c702-5f11-8c0c-c08738027f63,f714ebb8-4de4-538c-860b-f04ffadb6dc7,MSH260013,e91c4eda-0443-5ed4-bff3-2ce94734a9d6,ACC,80.40,80,A,complete
9054edb8-0369-52aa-b114-359dc868bcbb,3ecefe87-c702-5f11-8c0c-c08738027f63,f714ebb8-4de4-538c-860b-f04ffadb6dc7,MSH260013,ba8c2380-62e8-596a-b791-d4e904870630,BIO,78.13,78,A,complete
9054edb8-0369-52aa-b114-359dc868bcbb,3ecefe87-c702-5f11-8c0c-c08738027f63,f714ebb8-4de4-538c-860b-f04ffadb6dc7,MSH260013,c10ec805-1ed0-52a3-bb3e-5fa546228355,PHY,82.60,83,A,complete
9054edb8-0369-52aa-b114-359dc868bcbb,3ecefe87-c702-5f11-8c0c-c08738027f63,f714ebb8-4de4-538c-860b-f04ffadb6dc7,MSH260013,7ed4390c-44a7-528d-a267-298172283911,BLD,66.73,67,B,complete
9054edb8-0369-52aa-b114-359dc868bcbb,3ecefe87-c702-5f11-8c0c-c08738027f63,267ce91b-e86b-5f8d-8e64-5bca801a721c,MSH260014,1baa8e7b-5b41-5b69-9a43-a65ffe5c4469,ENG,55.53,56,C,complete
9054edb8-0369-52aa-b114-359dc868bcbb,3ecefe87-c702-5f11-8c0c-c08738027f63,267ce91b-e86b-5f8d-8e64-5bca801a721c,MSH260014,5546b08d-d0d0-57f2-9786-7d7c985e0245,MATH,64.40,64,B,complete
9054edb8-0369-52aa-b114-359dc868bcbb,3ecefe87-c702-5f11-8c0c-c08738027f63,267ce91b-e86b-5f8d-8e64-5bca801a721c,MSH260014,ee5fe543-38fb-51ba-8b68-690f7c0a4954,SHO,56.07,56,C,complete
9054edb8-0369-52aa-b114-359dc868bcbb,3ecefe87-c702-5f11-8c0c-c08738027f63,267ce91b-e86b-5f8d-8e64-5bca801a721c,MSH260014,bd131888-4476-5f15-abb8-695db9306179,CHE,59.00,59,C,complete
9054edb8-0369-52aa-b114-359dc868bcbb,3ecefe87-c702-5f11-8c0c-c08738027f63,267ce91b-e86b-5f8d-8e64-5bca801a721c,MSH260014,ba8c2380-62e8-596a-b791-d4e904870630,BIO,58.47,58,C,complete
9054edb8-0369-52aa-b114-359dc868bcbb,3ecefe87-c702-5f11-8c0c-c08738027f63,267ce91b-e86b-5f8d-8e64-5bca801a721c,MSH260014,e91c4eda-0443-5ed4-bff3-2ce94734a9d6,ACC,57.07,57,C,complete
9054edb8-0369-52aa-b114-359dc868bcbb,3ecefe87-c702-5f11-8c0c-c08738027f63,267ce91b-e86b-5f8d-8e64-5bca801a721c,MSH260014,393ea450-8583-5eb0-a331-eb2703165298,HIS,60.47,60,B,complete
9054edb8-0369-52aa-b114-359dc868bcbb,3ecefe87-c702-5f11-8c0c-c08738027f63,c2de7554-0a0c-58ab-bcc2-24024dbd0435,MSH260015,1baa8e7b-5b41-5b69-9a43-a65ffe5c4469,ENG,76.93,77,A,complete
9054edb8-0369-52aa-b114-359dc868bcbb,3ecefe87-c702-5f11-8c0c-c08738027f63,c2de7554-0a0c-58ab-bcc2-24024dbd0435,MSH260015,5546b08d-d0d0-57f2-9786-7d7c985e0245,MATH,90.00,90,A,complete
9054edb8-0369-52aa-b114-359dc868bcbb,3ecefe87-c702-5f11-8c0c-c08738027f63,c2de7554-0a0c-58ab-bcc2-24024dbd0435,MSH260015,ee5fe543-38fb-51ba-8b68-690f7c0a4954,SHO,87.73,88,A,complete
9054edb8-0369-52aa-b114-359dc868bcbb,3ecefe87-c702-5f11-8c0c-c08738027f63,c2de7554-0a0c-58ab-bcc2-24024dbd0435,MSH260015,e91c4eda-0443-5ed4-bff3-2ce94734a9d6,ACC,90.47,90,A,complete
9054edb8-0369-52aa-b114-359dc868bcbb,3ecefe87-c702-5f11-8c0c-c08738027f63,c2de7554-0a0c-58ab-bcc2-24024dbd0435,MSH260015,7ed4390c-44a7-528d-a267-298172283911,BLD,79.93,80,A,complete
9054edb8-0369-52aa-b114-359dc868bcbb,3ecefe87-c702-5f11-8c0c-c08738027f63,c2de7554-0a0c-58ab-bcc2-24024dbd0435,MSH260015,bd131888-4476-5f15-abb8-695db9306179,CHE,78.07,78,A,complete
9054edb8-0369-52aa-b114-359dc868bcbb,3ecefe87-c702-5f11-8c0c-c08738027f63,c2de7554-0a0c-58ab-bcc2-24024dbd0435,MSH260015,393ea450-8583-5eb0-a331-eb2703165298,HIS,79.40,79,A,complete
9054edb8-0369-52aa-b114-359dc868bcbb,3ecefe87-c702-5f11-8c0c-c08738027f63,8704dc9d-2cf1-50f9-b530-a7b80b0e897e,MSH260016,1baa8e7b-5b41-5b69-9a43-a65ffe5c4469,ENG,,,,incomplete
9054edb8-0369-52aa-b114-359dc868bcbb,3ecefe87-c702-5f11-8c0c-c08738027f63,8704dc9d-2cf1-50f9-b530-a7b80b0e897e,MSH260016,5546b08d-d0d0-57f2-9786-7d7c985e0245,MATH,35.20,35,U,complete
9054edb8-0369-52aa-b114-359dc868bcbb,3ecefe87-c702-5f11-8c0c-c08738027f63,8704dc9d-2cf1-50f9-b530-a7b80b0e897e,MSH260016,ee5fe543-38fb-51ba-8b68-690f7c0a4954,SHO,48.60,49,D,complete
9054edb8-0369-52aa-b114-359dc868bcbb,3ecefe87-c702-5f11-8c0c-c08738027f63,8704dc9d-2cf1-50f9-b530-a7b80b0e897e,MSH260016,ba8c2380-62e8-596a-b791-d4e904870630,BIO,41.67,42,E,complete
9054edb8-0369-52aa-b114-359dc868bcbb,3ecefe87-c702-5f11-8c0c-c08738027f63,8704dc9d-2cf1-50f9-b530-a7b80b0e897e,MSH260016,e91c4eda-0443-5ed4-bff3-2ce94734a9d6,ACC,46.53,47,D,complete
9054edb8-0369-52aa-b114-359dc868bcbb,3ecefe87-c702-5f11-8c0c-c08738027f63,8704dc9d-2cf1-50f9-b530-a7b80b0e897e,MSH260016,7ed4390c-44a7-528d-a267-298172283911,BLD,32.87,33,U,complete
9054edb8-0369-52aa-b114-359dc868bcbb,3ecefe87-c702-5f11-8c0c-c08738027f63,8704dc9d-2cf1-50f9-b530-a7b80b0e897e,MSH260016,c10ec805-1ed0-52a3-bb3e-5fa546228355,PHY,48.40,48,D,complete
9054edb8-0369-52aa-b114-359dc868bcbb,3ecefe87-c702-5f11-8c0c-c08738027f63,88df413d-7da9-506c-9b59-3acb3280d64c,MSH260017,1baa8e7b-5b41-5b69-9a43-a65ffe5c4469,ENG,67.00,67,B,complete
9054edb8-0369-52aa-b114-359dc868bcbb,3ecefe87-c702-5f11-8c0c-c08738027f63,88df413d-7da9-506c-9b59-3acb3280d64c,MSH260017,5546b08d-d0d0-57f2-9786-7d7c985e0245,MATH,59.87,60,B,complete
9054edb8-0369-52aa-b114-359dc868bcbb,3ecefe87-c702-5f11-8c0c-c08738027f63,88df413d-7da9-506c-9b59-3acb3280d64c,MSH260017,ee5fe543-38fb-51ba-8b68-690f7c0a4954,SHO,80.33,80,A,complete
9054edb8-0369-52aa-b114-359dc868bcbb,3ecefe87-c702-5f11-8c0c-c08738027f63,88df413d-7da9-506c-9b59-3acb3280d64c,MSH260017,e91c4eda-0443-5ed4-bff3-2ce94734a9d6,ACC,64.20,64,B,complete
9054edb8-0369-52aa-b114-359dc868bcbb,3ecefe87-c702-5f11-8c0c-c08738027f63,88df413d-7da9-506c-9b59-3acb3280d64c,MSH260017,393ea450-8583-5eb0-a331-eb2703165298,HIS,80.33,80,A,complete
9054edb8-0369-52aa-b114-359dc868bcbb,3ecefe87-c702-5f11-8c0c-c08738027f63,88df413d-7da9-506c-9b59-3acb3280d64c,MSH260017,ba8c2380-62e8-596a-b791-d4e904870630,BIO,73.60,74,A,complete
9054edb8-0369-52aa-b114-359dc868bcbb,3ecefe87-c702-5f11-8c0c-c08738027f63,88df413d-7da9-506c-9b59-3acb3280d64c,MSH260017,bd131888-4476-5f15-abb8-695db9306179,CHE,61.67,62,B,complete
9054edb8-0369-52aa-b114-359dc868bcbb,3ecefe87-c702-5f11-8c0c-c08738027f63,6856593e-c3bb-548a-a9be-6476d125ff2c,MSH260018,1baa8e7b-5b41-5b69-9a43-a65ffe5c4469,ENG,43.33,43,E,complete
9054edb8-0369-52aa-b114-359dc868bcbb,3ecefe87-c702-5f11-8c0c-c08738027f63,6856593e-c3bb-548a-a9be-6476d125ff2c,MSH260018,5546b08d-d0d0-57f2-9786-7d7c985e0245,MATH,60.13,60,B,complete
9054edb8-0369-52aa-b114-359dc868bcbb,3ecefe87-c702-5f11-8c0c-c08738027f63,6856593e-c3bb-548a-a9be-6476d125ff2c,MSH260018,ee5fe543-38fb-51ba-8b68-690f7c0a4954,SHO,50.73,51,C,complete
9054edb8-0369-52aa-b114-359dc868bcbb,3ecefe87-c702-5f11-8c0c-c08738027f63,6856593e-c3bb-548a-a9be-6476d125ff2c,MSH260018,ba8c2380-62e8-596a-b791-d4e904870630,BIO,53.93,54,C,complete
9054edb8-0369-52aa-b114-359dc868bcbb,3ecefe87-c702-5f11-8c0c-c08738027f63,6856593e-c3bb-548a-a9be-6476d125ff2c,MSH260018,c10ec805-1ed0-52a3-bb3e-5fa546228355,PHY,41.20,41,E,complete
9054edb8-0369-52aa-b114-359dc868bcbb,3ecefe87-c702-5f11-8c0c-c08738027f63,6856593e-c3bb-548a-a9be-6476d125ff2c,MSH260018,393ea450-8583-5eb0-a331-eb2703165298,HIS,36.80,37,U,complete
9054edb8-0369-52aa-b114-359dc868bcbb,3ecefe87-c702-5f11-8c0c-c08738027f63,6856593e-c3bb-548a-a9be-6476d125ff2c,MSH260018,7ed4390c-44a7-528d-a267-298172283911,BLD,48.07,48,D,complete
9054edb8-0369-52aa-b114-359dc868bcbb,3ecefe87-c702-5f11-8c0c-c08738027f63,3b73e446-9377-51a3-b011-19d140691db7,MSH260019,1baa8e7b-5b41-5b69-9a43-a65ffe5c4469,ENG,91.33,91,A,complete
9054edb8-0369-52aa-b114-359dc868bcbb,3ecefe87-c702-5f11-8c0c-c08738027f63,3b73e446-9377-51a3-b011-19d140691db7,MSH260019,5546b08d-d0d0-57f2-9786-7d7c985e0245,MATH,94.20,94,A,complete
9054edb8-0369-52aa-b114-359dc868bcbb,3ecefe87-c702-5f11-8c0c-c08738027f63,3b73e446-9377-51a3-b011-19d140691db7,MSH260019,ee5fe543-38fb-51ba-8b68-690f7c0a4954,SHO,85.40,85,A,complete
9054edb8-0369-52aa-b114-359dc868bcbb,3ecefe87-c702-5f11-8c0c-c08738027f63,3b73e446-9377-51a3-b011-19d140691db7,MSH260019,eb8cd119-1ee7-5755-9707-4a269052b613,GEO,94.93,95,A,complete
9054edb8-0369-52aa-b114-359dc868bcbb,3ecefe87-c702-5f11-8c0c-c08738027f63,3b73e446-9377-51a3-b011-19d140691db7,MSH260019,c10ec805-1ed0-52a3-bb3e-5fa546228355,PHY,77.13,77,A,complete
9054edb8-0369-52aa-b114-359dc868bcbb,3ecefe87-c702-5f11-8c0c-c08738027f63,3b73e446-9377-51a3-b011-19d140691db7,MSH260019,393ea450-8583-5eb0-a331-eb2703165298,HIS,97.80,98,A,complete
9054edb8-0369-52aa-b114-359dc868bcbb,3ecefe87-c702-5f11-8c0c-c08738027f63,3b73e446-9377-51a3-b011-19d140691db7,MSH260019,e91c4eda-0443-5ed4-bff3-2ce94734a9d6,ACC,90.33,90,A,complete
9054edb8-0369-52aa-b114-359dc868bcbb,3ecefe87-c702-5f11-8c0c-c08738027f63,ff630e72-98b9-5a01-a187-c31fca487783,MSH260020,1baa8e7b-5b41-5b69-9a43-a65ffe5c4469,ENG,51.33,51,C,complete
9054edb8-0369-52aa-b114-359dc868bcbb,3ecefe87-c702-5f11-8c0c-c08738027f63,ff630e72-98b9-5a01-a187-c31fca487783,MSH260020,5546b08d-d0d0-57f2-9786-7d7c985e0245,MATH,61.07,61,B,complete
9054edb8-0369-52aa-b114-359dc868bcbb,3ecefe87-c702-5f11-8c0c-c08738027f63,ff630e72-98b9-5a01-a187-c31fca487783,MSH260020,ee5fe543-38fb-51ba-8b68-690f7c0a4954,SHO,62.73,63,B,complete
9054edb8-0369-52aa-b114-359dc868bcbb,3ecefe87-c702-5f11-8c0c-c08738027f63,ff630e72-98b9-5a01-a187-c31fca487783,MSH260020,eb8cd119-1ee7-5755-9707-4a269052b613,GEO,69.93,70,A,complete
9054edb8-0369-52aa-b114-359dc868bcbb,3ecefe87-c702-5f11-8c0c-c08738027f63,ff630e72-98b9-5a01-a187-c31fca487783,MSH260020,c10ec805-1ed0-52a3-bb3e-5fa546228355,PHY,45.73,46,D,complete
9054edb8-0369-52aa-b114-359dc868bcbb,3ecefe87-c702-5f11-8c0c-c08738027f63,ff630e72-98b9-5a01-a187-c31fca487783,MSH260020,393ea450-8583-5eb0-a331-eb2703165298,HIS,51.07,51,C,complete
9054edb8-0369-52aa-b114-359dc868bcbb,3ecefe87-c702-5f11-8c0c-c08738027f63,ff630e72-98b9-5a01-a187-c31fca487783,MSH260020,e91c4eda-0443-5ed4-bff3-2ce94734a9d6,ACC,49.00,49,D,complete
9054edb8-0369-52aa-b114-359dc868bcbb,c7eb866b-a0b6-523d-a1dc-b5e1fef26daf,460df2d7-9967-55f1-96e0-a2d06f86813a,MSH260021,07e9d181-9d35-545a-8df2-2047ca1f90eb,ENG,65.33,65,B,complete
9054edb8-0369-52aa-b114-359dc868bcbb,c7eb866b-a0b6-523d-a1dc-b5e1fef26daf,460df2d7-9967-55f1-96e0-a2d06f86813a,MSH260021,76355eb7-c163-5d63-8142-64d301d235ca,MATH,66.93,67,B,complete
9054edb8-0369-52aa-b114-359dc868bcbb,c7eb866b-a0b6-523d-a1dc-b5e1fef26daf,460df2d7-9967-55f1-96e0-a2d06f86813a,MSH260021,5a6a062f-885e-59f0-a395-17203ad424a3,SHO,54.73,55,C,complete
9054edb8-0369-52aa-b114-359dc868bcbb,c7eb866b-a0b6-523d-a1dc-b5e1fef26daf,460df2d7-9967-55f1-96e0-a2d06f86813a,MSH260021,15fddcb2-1336-5b50-8608-c3a03af24328,HIS,66.13,66,B,complete
9054edb8-0369-52aa-b114-359dc868bcbb,c7eb866b-a0b6-523d-a1dc-b5e1fef26daf,460df2d7-9967-55f1-96e0-a2d06f86813a,MSH260021,7eb183fc-f414-5f18-8326-f26e589aeb14,GEO,57.73,58,C,complete
9054edb8-0369-52aa-b114-359dc868bcbb,c7eb866b-a0b6-523d-a1dc-b5e1fef26daf,460df2d7-9967-55f1-96e0-a2d06f86813a,MSH260021,59dcbdee-5272-5d6e-8be4-4d8a295049b1,PHY,65.67,66,B,complete
9054edb8-0369-52aa-b114-359dc868bcbb,c7eb866b-a0b6-523d-a1dc-b5e1fef26daf,460df2d7-9967-55f1-96e0-a2d06f86813a,MSH260021,25610d87-3b94-58bd-9721-8bd3dc495675,BIO,65.13,65,B,complete
9054edb8-0369-52aa-b114-359dc868bcbb,c7eb866b-a0b6-523d-a1dc-b5e1fef26daf,5969c6ee-d493-58e9-b9ca-25bf42363259,MSH260022,07e9d181-9d35-545a-8df2-2047ca1f90eb,ENG,76.07,76,A,complete
9054edb8-0369-52aa-b114-359dc868bcbb,c7eb866b-a0b6-523d-a1dc-b5e1fef26daf,5969c6ee-d493-58e9-b9ca-25bf42363259,MSH260022,76355eb7-c163-5d63-8142-64d301d235ca,MATH,79.80,80,A,complete
9054edb8-0369-52aa-b114-359dc868bcbb,c7eb866b-a0b6-523d-a1dc-b5e1fef26daf,5969c6ee-d493-58e9-b9ca-25bf42363259,MSH260022,5a6a062f-885e-59f0-a395-17203ad424a3,SHO,79.93,80,A,complete
9054edb8-0369-52aa-b114-359dc868bcbb,c7eb866b-a0b6-523d-a1dc-b5e1fef26daf,5969c6ee-d493-58e9-b9ca-25bf42363259,MSH260022,59dcbdee-5272-5d6e-8be4-4d8a295049b1,PHY,99.40,99,A,complete
9054edb8-0369-52aa-b114-359dc868bcbb,c7eb866b-a0b6-523d-a1dc-b5e1fef26daf,5969c6ee-d493-58e9-b9ca-25bf42363259,MSH260022,18efdf1e-3eaf-557e-acff-ae769ddbdaf9,ACC,92.47,92,A,complete
9054edb8-0369-52aa-b114-359dc868bcbb,c7eb866b-a0b6-523d-a1dc-b5e1fef26daf,5969c6ee-d493-58e9-b9ca-25bf42363259,MSH260022,25610d87-3b94-58bd-9721-8bd3dc495675,BIO,86.13,86,A,complete
9054edb8-0369-52aa-b114-359dc868bcbb,c7eb866b-a0b6-523d-a1dc-b5e1fef26daf,5969c6ee-d493-58e9-b9ca-25bf42363259,MSH260022,15fddcb2-1336-5b50-8608-c3a03af24328,HIS,82.47,82,A,complete
9054edb8-0369-52aa-b114-359dc868bcbb,c7eb866b-a0b6-523d-a1dc-b5e1fef26daf,c5c86d43-44be-5cbe-91cc-60df439be2ab,MSH260023,07e9d181-9d35-545a-8df2-2047ca1f90eb,ENG,60.87,61,B,complete
9054edb8-0369-52aa-b114-359dc868bcbb,c7eb866b-a0b6-523d-a1dc-b5e1fef26daf,c5c86d43-44be-5cbe-91cc-60df439be2ab,MSH260023,76355eb7-c163-5d63-8142-64d301d235ca,MATH,62.47,62,B,complete
9054edb8-0369-52aa-b114-359dc868bcbb,c7eb866b-a0b6-523d-a1dc-b5e1fef26daf,c5c86d43-44be-5cbe-91cc-60df439be2ab,MSH260023,5a6a062f-885e-59f0-a395-17203ad424a3,SHO,42.20,42,E,complete
9054edb8-0369-52aa-b114-359dc868bcbb,c7eb866b-a0b6-523d-a1dc-b5e1fef26daf,c5c86d43-44be-5cbe-91cc-60df439be2ab,MSH260023,756489f8-da49-5f2f-9c93-b81cb04a897f,CHE,47.20,47,D,complete
9054edb8-0369-52aa-b114-359dc868bcbb,c7eb866b-a0b6-523d-a1dc-b5e1fef26daf,c5c86d43-44be-5cbe-91cc-60df439be2ab,MSH260023,59dcbdee-5272-5d6e-8be4-4d8a295049b1,PHY,67.73,68,B,complete
9054edb8-0369-52aa-b114-359dc868bcbb,c7eb866b-a0b6-523d-a1dc-b5e1fef26daf,c5c86d43-44be-5cbe-91cc-60df439be2ab,MSH260023,7eb183fc-f414-5f18-8326-f26e589aeb14,GEO,54.00,54,C,complete
9054edb8-0369-52aa-b114-359dc868bcbb,c7eb866b-a0b6-523d-a1dc-b5e1fef26daf,c5c86d43-44be-5cbe-91cc-60df439be2ab,MSH260023,25610d87-3b94-58bd-9721-8bd3dc495675,BIO,,,,incomplete
9054edb8-0369-52aa-b114-359dc868bcbb,c7eb866b-a0b6-523d-a1dc-b5e1fef26daf,b16a808e-74a4-50a3-8106-03904a53a1d7,MSH260024,07e9d181-9d35-545a-8df2-2047ca1f90eb,ENG,71.27,71,A,complete
9054edb8-0369-52aa-b114-359dc868bcbb,c7eb866b-a0b6-523d-a1dc-b5e1fef26daf,b16a808e-74a4-50a3-8106-03904a53a1d7,MSH260024,76355eb7-c163-5d63-8142-64d301d235ca,MATH,66.40,66,B,complete
9054edb8-0369-52aa-b114-359dc868bcbb,c7eb866b-a0b6-523d-a1dc-b5e1fef26daf,b16a808e-74a4-50a3-8106-03904a53a1d7,MSH260024,5a6a062f-885e-59f0-a395-17203ad424a3,SHO,75.07,75,A,complete
9054edb8-0369-52aa-b114-359dc868bcbb,c7eb866b-a0b6-523d-a1dc-b5e1fef26daf,b16a808e-74a4-50a3-8106-03904a53a1d7,MSH260024,756489f8-da49-5f2f-9c93-b81cb04a897f,CHE,63.73,64,B,complete
9054edb8-0369-52aa-b114-359dc868bcbb,c7eb866b-a0b6-523d-a1dc-b5e1fef26daf,b16a808e-74a4-50a3-8106-03904a53a1d7,MSH260024,c2378224-19b1-580e-8f55-88d8eefe3377,BLD,63.40,63,B,complete
9054edb8-0369-52aa-b114-359dc868bcbb,c7eb866b-a0b6-523d-a1dc-b5e1fef26daf,b16a808e-74a4-50a3-8106-03904a53a1d7,MSH260024,18efdf1e-3eaf-557e-acff-ae769ddbdaf9,ACC,67.20,67,B,complete
9054edb8-0369-52aa-b114-359dc868bcbb,c7eb866b-a0b6-523d-a1dc-b5e1fef26daf,b16a808e-74a4-50a3-8106-03904a53a1d7,MSH260024,7eb183fc-f414-5f18-8326-f26e589aeb14,GEO,71.87,72,A,complete
9054edb8-0369-52aa-b114-359dc868bcbb,c7eb866b-a0b6-523d-a1dc-b5e1fef26daf,2ee6c4eb-efbc-5d00-b4fe-41a1dc870392,MSH260025,07e9d181-9d35-545a-8df2-2047ca1f90eb,ENG,46.60,47,D,complete
9054edb8-0369-52aa-b114-359dc868bcbb,c7eb866b-a0b6-523d-a1dc-b5e1fef26daf,2ee6c4eb-efbc-5d00-b4fe-41a1dc870392,MSH260025,76355eb7-c163-5d63-8142-64d301d235ca,MATH,30.33,30,U,complete
9054edb8-0369-52aa-b114-359dc868bcbb,c7eb866b-a0b6-523d-a1dc-b5e1fef26daf,2ee6c4eb-efbc-5d00-b4fe-41a1dc870392,MSH260025,5a6a062f-885e-59f0-a395-17203ad424a3,SHO,52.67,53,C,complete
9054edb8-0369-52aa-b114-359dc868bcbb,c7eb866b-a0b6-523d-a1dc-b5e1fef26daf,2ee6c4eb-efbc-5d00-b4fe-41a1dc870392,MSH260025,c2378224-19b1-580e-8f55-88d8eefe3377,BLD,43.80,44,E,complete
9054edb8-0369-52aa-b114-359dc868bcbb,c7eb866b-a0b6-523d-a1dc-b5e1fef26daf,2ee6c4eb-efbc-5d00-b4fe-41a1dc870392,MSH260025,756489f8-da49-5f2f-9c93-b81cb04a897f,CHE,42.07,42,E,complete
9054edb8-0369-52aa-b114-359dc868bcbb,c7eb866b-a0b6-523d-a1dc-b5e1fef26daf,2ee6c4eb-efbc-5d00-b4fe-41a1dc870392,MSH260025,7eb183fc-f414-5f18-8326-f26e589aeb14,GEO,50.47,50,C,complete
9054edb8-0369-52aa-b114-359dc868bcbb,c7eb866b-a0b6-523d-a1dc-b5e1fef26daf,2ee6c4eb-efbc-5d00-b4fe-41a1dc870392,MSH260025,59dcbdee-5272-5d6e-8be4-4d8a295049b1,PHY,49.67,50,C,complete
9054edb8-0369-52aa-b114-359dc868bcbb,c7eb866b-a0b6-523d-a1dc-b5e1fef26daf,42fda757-1176-5d68-bc01-7baef2c3de84,MSH260026,07e9d181-9d35-545a-8df2-2047ca1f90eb,ENG,79.73,80,A,complete
9054edb8-0369-52aa-b114-359dc868bcbb,c7eb866b-a0b6-523d-a1dc-b5e1fef26daf,42fda757-1176-5d68-bc01-7baef2c3de84,MSH260026,76355eb7-c163-5d63-8142-64d301d235ca,MATH,76.33,76,A,complete
9054edb8-0369-52aa-b114-359dc868bcbb,c7eb866b-a0b6-523d-a1dc-b5e1fef26daf,42fda757-1176-5d68-bc01-7baef2c3de84,MSH260026,5a6a062f-885e-59f0-a395-17203ad424a3,SHO,79.87,80,A,complete
9054edb8-0369-52aa-b114-359dc868bcbb,c7eb866b-a0b6-523d-a1dc-b5e1fef26daf,42fda757-1176-5d68-bc01-7baef2c3de84,MSH260026,7eb183fc-f414-5f18-8326-f26e589aeb14,GEO,68.27,68,B,complete
9054edb8-0369-52aa-b114-359dc868bcbb,c7eb866b-a0b6-523d-a1dc-b5e1fef26daf,42fda757-1176-5d68-bc01-7baef2c3de84,MSH260026,59dcbdee-5272-5d6e-8be4-4d8a295049b1,PHY,82.20,82,A,complete
9054edb8-0369-52aa-b114-359dc868bcbb,c7eb866b-a0b6-523d-a1dc-b5e1fef26daf,42fda757-1176-5d68-bc01-7baef2c3de84,MSH260026,15fddcb2-1336-5b50-8608-c3a03af24328,HIS,77.13,77,A,complete
9054edb8-0369-52aa-b114-359dc868bcbb,c7eb866b-a0b6-523d-a1dc-b5e1fef26daf,42fda757-1176-5d68-bc01-7baef2c3de84,MSH260026,756489f8-da49-5f2f-9c93-b81cb04a897f,CHE,71.60,72,A,complete
9054edb8-0369-52aa-b114-359dc868bcbb,c7eb866b-a0b6-523d-a1dc-b5e1fef26daf,6fde58ec-7470-53da-a342-eb730b236399,MSH260027,07e9d181-9d35-545a-8df2-2047ca1f90eb,ENG,34.73,35,U,complete
9054edb8-0369-52aa-b114-359dc868bcbb,c7eb866b-a0b6-523d-a1dc-b5e1fef26daf,6fde58ec-7470-53da-a342-eb730b236399,MSH260027,76355eb7-c163-5d63-8142-64d301d235ca,MATH,54.73,55,C,complete
9054edb8-0369-52aa-b114-359dc868bcbb,c7eb866b-a0b6-523d-a1dc-b5e1fef26daf,6fde58ec-7470-53da-a342-eb730b236399,MSH260027,5a6a062f-885e-59f0-a395-17203ad424a3,SHO,57.13,57,C,complete
9054edb8-0369-52aa-b114-359dc868bcbb,c7eb866b-a0b6-523d-a1dc-b5e1fef26daf,6fde58ec-7470-53da-a342-eb730b236399,MSH260027,25610d87-3b94-58bd-9721-8bd3dc495675,BIO,50.20,50,C,complete
9054edb8-0369-52aa-b114-359dc868bcbb,c7eb866b-a0b6-523d-a1dc-b5e1fef26daf,6fde58ec-7470-53da-a342-eb730b236399,MSH260027,7eb183fc-f414-5f18-8326-f26e589aeb14,GEO,53.80,54,C,complete
9054edb8-0369-52aa-b114-359dc868bcbb,c7eb866b-a0b6-523d-a1dc-b5e1fef26daf,6fde58ec-7470-53da-a342-eb730b236399,MSH260027,18efdf1e-3eaf-557e-acff-ae769ddbdaf9,ACC,60.27,60,B,complete
9054edb8-0369-52aa-b114-359dc868bcbb,c7eb866b-a0b6-523d-a1dc-b5e1fef26daf,6fde58ec-7470-53da-a342-eb730b236399,MSH260027,15fddcb2-1336-5b50-8608-c3a03af24328,HIS,57.33,57,C,complete
9054edb8-0369-52aa-b114-359dc868bcbb,c7eb866b-a0b6-523d-a1dc-b5e1fef26daf,4e3d30ab-b510-5b7d-bd38-b0df7dddfa57,MSH260028,07e9d181-9d35-545a-8df2-2047ca1f90eb,ENG,54.27,54,C,complete
9054edb8-0369-52aa-b114-359dc868bcbb,c7eb866b-a0b6-523d-a1dc-b5e1fef26daf,4e3d30ab-b510-5b7d-bd38-b0df7dddfa57,MSH260028,76355eb7-c163-5d63-8142-64d301d235ca,MATH,41.80,42,E,complete
9054edb8-0369-52aa-b114-359dc868bcbb,c7eb866b-a0b6-523d-a1dc-b5e1fef26daf,4e3d30ab-b510-5b7d-bd38-b0df7dddfa57,MSH260028,5a6a062f-885e-59f0-a395-17203ad424a3,SHO,51.00,51,C,complete
9054edb8-0369-52aa-b114-359dc868bcbb,c7eb866b-a0b6-523d-a1dc-b5e1fef26daf,4e3d30ab-b510-5b7d-bd38-b0df7dddfa57,MSH260028,15fddcb2-1336-5b50-8608-c3a03af24328,HIS,60.33,60,B,complete
9054edb8-0369-52aa-b114-359dc868bcbb,c7eb866b-a0b6-523d-a1dc-b5e1fef26daf,4e3d30ab-b510-5b7d-bd38-b0df7dddfa57,MSH260028,25610d87-3b94-58bd-9721-8bd3dc495675,BIO,64.87,65,B,complete
9054edb8-0369-52aa-b114-359dc868bcbb,c7eb866b-a0b6-523d-a1dc-b5e1fef26daf,4e3d30ab-b510-5b7d-bd38-b0df7dddfa57,MSH260028,59dcbdee-5272-5d6e-8be4-4d8a295049b1,PHY,48.73,49,D,complete
9054edb8-0369-52aa-b114-359dc868bcbb,c7eb866b-a0b6-523d-a1dc-b5e1fef26daf,4e3d30ab-b510-5b7d-bd38-b0df7dddfa57,MSH260028,756489f8-da49-5f2f-9c93-b81cb04a897f,CHE,60.33,60,B,complete
9054edb8-0369-52aa-b114-359dc868bcbb,c7eb866b-a0b6-523d-a1dc-b5e1fef26daf,0c6d3f5e-c77e-5a97-8610-eebdd3a78c3d,MSH260029,07e9d181-9d35-545a-8df2-2047ca1f90eb,ENG,53.13,53,C,complete
9054edb8-0369-52aa-b114-359dc868bcbb,c7eb866b-a0b6-523d-a1dc-b5e1fef26daf,0c6d3f5e-c77e-5a97-8610-eebdd3a78c3d,MSH260029,76355eb7-c163-5d63-8142-64d301d235ca,MATH,63.00,63,B,complete
9054edb8-0369-52aa-b114-359dc868bcbb,c7eb866b-a0b6-523d-a1dc-b5e1fef26daf,0c6d3f5e-c77e-5a97-8610-eebdd3a78c3d,MSH260029,5a6a062f-885e-59f0-a395-17203ad424a3,SHO,64.73,65,B,complete
9054edb8-0369-52aa-b114-359dc868bcbb,c7eb866b-a0b6-523d-a1dc-b5e1fef26daf,0c6d3f5e-c77e-5a97-8610-eebdd3a78c3d,MSH260029,756489f8-da49-5f2f-9c93-b81cb04a897f,CHE,68.20,68,B,complete
9054edb8-0369-52aa-b114-359dc868bcbb,c7eb866b-a0b6-523d-a1dc-b5e1fef26daf,0c6d3f5e-c77e-5a97-8610-eebdd3a78c3d,MSH260029,25610d87-3b94-58bd-9721-8bd3dc495675,BIO,77.20,77,A,complete
9054edb8-0369-52aa-b114-359dc868bcbb,c7eb866b-a0b6-523d-a1dc-b5e1fef26daf,0c6d3f5e-c77e-5a97-8610-eebdd3a78c3d,MSH260029,18efdf1e-3eaf-557e-acff-ae769ddbdaf9,ACC,54.13,54,C,complete
9054edb8-0369-52aa-b114-359dc868bcbb,c7eb866b-a0b6-523d-a1dc-b5e1fef26daf,0c6d3f5e-c77e-5a97-8610-eebdd3a78c3d,MSH260029,7eb183fc-f414-5f18-8326-f26e589aeb14,GEO,61.87,62,B,complete
9054edb8-0369-52aa-b114-359dc868bcbb,c7eb866b-a0b6-523d-a1dc-b5e1fef26daf,cabc669f-b3f1-599e-84f7-7d11009c0ead,MSH260030,07e9d181-9d35-545a-8df2-2047ca1f90eb,ENG,44.07,44,E,complete
9054edb8-0369-52aa-b114-359dc868bcbb,c7eb866b-a0b6-523d-a1dc-b5e1fef26daf,cabc669f-b3f1-599e-84f7-7d11009c0ead,MSH260030,76355eb7-c163-5d63-8142-64d301d235ca,MATH,43.87,44,E,complete
9054edb8-0369-52aa-b114-359dc868bcbb,c7eb866b-a0b6-523d-a1dc-b5e1fef26daf,cabc669f-b3f1-599e-84f7-7d11009c0ead,MSH260030,5a6a062f-885e-59f0-a395-17203ad424a3,SHO,36.60,37,U,complete
9054edb8-0369-52aa-b114-359dc868bcbb,c7eb866b-a0b6-523d-a1dc-b5e1fef26daf,cabc669f-b3f1-599e-84f7-7d11009c0ead,MSH260030,18efdf1e-3eaf-557e-acff-ae769ddbdaf9,ACC,38.60,39,U,complete
9054edb8-0369-52aa-b114-359dc868bcbb,c7eb866b-a0b6-523d-a1dc-b5e1fef26daf,cabc669f-b3f1-599e-84f7-7d11009c0ead,MSH260030,59dcbdee-5272-5d6e-8be4-4d8a295049b1,PHY,26.93,27,U,complete
9054edb8-0369-52aa-b114-359dc868bcbb,c7eb866b-a0b6-523d-a1dc-b5e1fef26daf,cabc669f-b3f1-599e-84f7-7d11009c0ead,MSH260030,15fddcb2-1336-5b50-8608-c3a03af24328,HIS,51.07,51,C,complete
9054edb8-0369-52aa-b114-359dc868bcbb,c7eb866b-a0b6-523d-a1dc-b5e1fef26daf,cabc669f-b3f1-599e-84f7-7d11009c0ead,MSH260030,7eb183fc-f414-5f18-8326-f26e589aeb14,GEO,42.80,43,E,complete
d0ba1a71-d1a1-50d5-8e73-ec08991f1546,c7eb866b-a0b6-523d-a1dc-b5e1fef26daf,460df2d7-9967-55f1-96e0-a2d06f86813a,MSH260021,07e9d181-9d35-545a-8df2-2047ca1f90eb,ENG,67.00,67,B,complete
d0ba1a71-d1a1-50d5-8e73-ec08991f1546,c7eb866b-a0b6-523d-a1dc-b5e1fef26daf,5969c6ee-d493-58e9-b9ca-25bf42363259,MSH260022,07e9d181-9d35-545a-8df2-2047ca1f90eb,ENG,94.00,94,A,complete
d0ba1a71-d1a1-50d5-8e73-ec08991f1546,c7eb866b-a0b6-523d-a1dc-b5e1fef26daf,c5c86d43-44be-5cbe-91cc-60df439be2ab,MSH260023,07e9d181-9d35-545a-8df2-2047ca1f90eb,ENG,59.00,59,C,complete
d0ba1a71-d1a1-50d5-8e73-ec08991f1546,c7eb866b-a0b6-523d-a1dc-b5e1fef26daf,b16a808e-74a4-50a3-8106-03904a53a1d7,MSH260024,07e9d181-9d35-545a-8df2-2047ca1f90eb,ENG,64.00,64,B,complete
d0ba1a71-d1a1-50d5-8e73-ec08991f1546,c7eb866b-a0b6-523d-a1dc-b5e1fef26daf,2ee6c4eb-efbc-5d00-b4fe-41a1dc870392,MSH260025,07e9d181-9d35-545a-8df2-2047ca1f90eb,ENG,45.00,45,D,complete
d0ba1a71-d1a1-50d5-8e73-ec08991f1546,c7eb866b-a0b6-523d-a1dc-b5e1fef26daf,42fda757-1176-5d68-bc01-7baef2c3de84,MSH260026,07e9d181-9d35-545a-8df2-2047ca1f90eb,ENG,74.00,74,A,complete
d0ba1a71-d1a1-50d5-8e73-ec08991f1546,c7eb866b-a0b6-523d-a1dc-b5e1fef26daf,6fde58ec-7470-53da-a342-eb730b236399,MSH260027,07e9d181-9d35-545a-8df2-2047ca1f90eb,ENG,30.00,30,U,complete
d0ba1a71-d1a1-50d5-8e73-ec08991f1546,c7eb866b-a0b6-523d-a1dc-b5e1fef26daf,4e3d30ab-b510-5b7d-bd38-b0df7dddfa57,MSH260028,07e9d181-9d35-545a-8df2-2047ca1f90eb,ENG,58.00,58,C,complete
d0ba1a71-d1a1-50d5-8e73-ec08991f1546,c7eb866b-a0b6-523d-a1dc-b5e1fef26daf,0c6d3f5e-c77e-5a97-8610-eebdd3a78c3d,MSH260029,07e9d181-9d35-545a-8df2-2047ca1f90eb,ENG,62.00,62,B,complete
d0ba1a71-d1a1-50d5-8e73-ec08991f1546,c7eb866b-a0b6-523d-a1dc-b5e1fef26daf,cabc669f-b3f1-599e-84f7-7d11009c0ead,MSH260030,07e9d181-9d35-545a-8df2-2047ca1f90eb,ENG,33.00,33,U,complete
d0ba1a71-d1a1-50d5-8e73-ec08991f1546,c7eb866b-a0b6-523d-a1dc-b5e1fef26daf,460df2d7-9967-55f1-96e0-a2d06f86813a,MSH260021,76355eb7-c163-5d63-8142-64d301d235ca,MATH,55.00,55,C,complete
d0ba1a71-d1a1-50d5-8e73-ec08991f1546,c7eb866b-a0b6-523d-a1dc-b5e1fef26daf,5969c6ee-d493-58e9-b9ca-25bf42363259,MSH260022,76355eb7-c163-5d63-8142-64d301d235ca,MATH,79.00,79,A,complete
d0ba1a71-d1a1-50d5-8e73-ec08991f1546,c7eb866b-a0b6-523d-a1dc-b5e1fef26daf,c5c86d43-44be-5cbe-91cc-60df439be2ab,MSH260023,76355eb7-c163-5d63-8142-64d301d235ca,MATH,56.00,56,C,complete
d0ba1a71-d1a1-50d5-8e73-ec08991f1546,c7eb866b-a0b6-523d-a1dc-b5e1fef26daf,b16a808e-74a4-50a3-8106-03904a53a1d7,MSH260024,76355eb7-c163-5d63-8142-64d301d235ca,MATH,70.00,70,A,complete
d0ba1a71-d1a1-50d5-8e73-ec08991f1546,c7eb866b-a0b6-523d-a1dc-b5e1fef26daf,2ee6c4eb-efbc-5d00-b4fe-41a1dc870392,MSH260025,76355eb7-c163-5d63-8142-64d301d235ca,MATH,47.00,47,D,complete
d0ba1a71-d1a1-50d5-8e73-ec08991f1546,c7eb866b-a0b6-523d-a1dc-b5e1fef26daf,42fda757-1176-5d68-bc01-7baef2c3de84,MSH260026,76355eb7-c163-5d63-8142-64d301d235ca,MATH,71.00,71,A,complete
d0ba1a71-d1a1-50d5-8e73-ec08991f1546,c7eb866b-a0b6-523d-a1dc-b5e1fef26daf,6fde58ec-7470-53da-a342-eb730b236399,MSH260027,76355eb7-c163-5d63-8142-64d301d235ca,MATH,35.00,35,U,complete
d0ba1a71-d1a1-50d5-8e73-ec08991f1546,c7eb866b-a0b6-523d-a1dc-b5e1fef26daf,4e3d30ab-b510-5b7d-bd38-b0df7dddfa57,MSH260028,76355eb7-c163-5d63-8142-64d301d235ca,MATH,68.00,68,B,complete
d0ba1a71-d1a1-50d5-8e73-ec08991f1546,c7eb866b-a0b6-523d-a1dc-b5e1fef26daf,0c6d3f5e-c77e-5a97-8610-eebdd3a78c3d,MSH260029,76355eb7-c163-5d63-8142-64d301d235ca,MATH,84.00,84,A,complete
d0ba1a71-d1a1-50d5-8e73-ec08991f1546,c7eb866b-a0b6-523d-a1dc-b5e1fef26daf,cabc669f-b3f1-599e-84f7-7d11009c0ead,MSH260030,76355eb7-c163-5d63-8142-64d301d235ca,MATH,32.00,32,U,complete
d0ba1a71-d1a1-50d5-8e73-ec08991f1546,c7eb866b-a0b6-523d-a1dc-b5e1fef26daf,460df2d7-9967-55f1-96e0-a2d06f86813a,MSH260021,5a6a062f-885e-59f0-a395-17203ad424a3,SHO,55.00,55,C,complete
d0ba1a71-d1a1-50d5-8e73-ec08991f1546,c7eb866b-a0b6-523d-a1dc-b5e1fef26daf,5969c6ee-d493-58e9-b9ca-25bf42363259,MSH260022,5a6a062f-885e-59f0-a395-17203ad424a3,SHO,86.00,86,A,complete
d0ba1a71-d1a1-50d5-8e73-ec08991f1546,c7eb866b-a0b6-523d-a1dc-b5e1fef26daf,c5c86d43-44be-5cbe-91cc-60df439be2ab,MSH260023,5a6a062f-885e-59f0-a395-17203ad424a3,SHO,63.00,63,B,complete
d0ba1a71-d1a1-50d5-8e73-ec08991f1546,c7eb866b-a0b6-523d-a1dc-b5e1fef26daf,b16a808e-74a4-50a3-8106-03904a53a1d7,MSH260024,5a6a062f-885e-59f0-a395-17203ad424a3,SHO,70.00,70,A,complete
d0ba1a71-d1a1-50d5-8e73-ec08991f1546,c7eb866b-a0b6-523d-a1dc-b5e1fef26daf,2ee6c4eb-efbc-5d00-b4fe-41a1dc870392,MSH260025,5a6a062f-885e-59f0-a395-17203ad424a3,SHO,56.00,56,C,complete
d0ba1a71-d1a1-50d5-8e73-ec08991f1546,c7eb866b-a0b6-523d-a1dc-b5e1fef26daf,42fda757-1176-5d68-bc01-7baef2c3de84,MSH260026,5a6a062f-885e-59f0-a395-17203ad424a3,SHO,80.00,80,A,complete
d0ba1a71-d1a1-50d5-8e73-ec08991f1546,c7eb866b-a0b6-523d-a1dc-b5e1fef26daf,6fde58ec-7470-53da-a342-eb730b236399,MSH260027,5a6a062f-885e-59f0-a395-17203ad424a3,SHO,61.00,61,B,complete
d0ba1a71-d1a1-50d5-8e73-ec08991f1546,c7eb866b-a0b6-523d-a1dc-b5e1fef26daf,4e3d30ab-b510-5b7d-bd38-b0df7dddfa57,MSH260028,5a6a062f-885e-59f0-a395-17203ad424a3,SHO,54.00,54,C,complete
d0ba1a71-d1a1-50d5-8e73-ec08991f1546,c7eb866b-a0b6-523d-a1dc-b5e1fef26daf,0c6d3f5e-c77e-5a97-8610-eebdd3a78c3d,MSH260029,5a6a062f-885e-59f0-a395-17203ad424a3,SHO,64.00,64,B,complete
d0ba1a71-d1a1-50d5-8e73-ec08991f1546,c7eb866b-a0b6-523d-a1dc-b5e1fef26daf,cabc669f-b3f1-599e-84f7-7d11009c0ead,MSH260030,5a6a062f-885e-59f0-a395-17203ad424a3,SHO,56.00,56,C,complete
d0ba1a71-d1a1-50d5-8e73-ec08991f1546,c7eb866b-a0b6-523d-a1dc-b5e1fef26daf,460df2d7-9967-55f1-96e0-a2d06f86813a,MSH260021,15fddcb2-1336-5b50-8608-c3a03af24328,HIS,75.00,75,A,complete
d0ba1a71-d1a1-50d5-8e73-ec08991f1546,c7eb866b-a0b6-523d-a1dc-b5e1fef26daf,5969c6ee-d493-58e9-b9ca-25bf42363259,MSH260022,15fddcb2-1336-5b50-8608-c3a03af24328,HIS,96.00,96,A,complete
d0ba1a71-d1a1-50d5-8e73-ec08991f1546,c7eb866b-a0b6-523d-a1dc-b5e1fef26daf,42fda757-1176-5d68-bc01-7baef2c3de84,MSH260026,15fddcb2-1336-5b50-8608-c3a03af24328,HIS,73.00,73,A,complete
d0ba1a71-d1a1-50d5-8e73-ec08991f1546,c7eb866b-a0b6-523d-a1dc-b5e1fef26daf,6fde58ec-7470-53da-a342-eb730b236399,MSH260027,15fddcb2-1336-5b50-8608-c3a03af24328,HIS,61.00,61,B,complete
d0ba1a71-d1a1-50d5-8e73-ec08991f1546,c7eb866b-a0b6-523d-a1dc-b5e1fef26daf,4e3d30ab-b510-5b7d-bd38-b0df7dddfa57,MSH260028,15fddcb2-1336-5b50-8608-c3a03af24328,HIS,59.00,59,C,complete
d0ba1a71-d1a1-50d5-8e73-ec08991f1546,c7eb866b-a0b6-523d-a1dc-b5e1fef26daf,cabc669f-b3f1-599e-84f7-7d11009c0ead,MSH260030,15fddcb2-1336-5b50-8608-c3a03af24328,HIS,34.00,34,U,complete
15c9e979-0994-5a30-a16c-9632f1665825,e3a4c962-2e8c-5c8d-a4b8-43fffd8afe2c,233bc279-6b5f-5823-bddf-02223bce6298,KDP260001,7a136281-e1ee-5169-82fe-e6acde848da6,ENG,53.60,54,D,complete
15c9e979-0994-5a30-a16c-9632f1665825,e3a4c962-2e8c-5c8d-a4b8-43fffd8afe2c,233bc279-6b5f-5823-bddf-02223bce6298,KDP260001,75036bc5-a828-580e-b2f7-7691bc06b540,SHO,46.00,46,E,complete
15c9e979-0994-5a30-a16c-9632f1665825,e3a4c962-2e8c-5c8d-a4b8-43fffd8afe2c,233bc279-6b5f-5823-bddf-02223bce6298,KDP260001,c24f0173-5a2c-56ea-a5f9-b8b3177a21e6,MATH,65.13,65,C,complete
15c9e979-0994-5a30-a16c-9632f1665825,e3a4c962-2e8c-5c8d-a4b8-43fffd8afe2c,233bc279-6b5f-5823-bddf-02223bce6298,KDP260001,ab6464fa-239b-5c73-af30-936494dc0f74,SCT,55.13,55,D,complete
15c9e979-0994-5a30-a16c-9632f1665825,e3a4c962-2e8c-5c8d-a4b8-43fffd8afe2c,233bc279-6b5f-5823-bddf-02223bce6298,KDP260001,6eb66697-1bc1-568b-b98c-116eac072caf,SST,66.80,67,C,complete
15c9e979-0994-5a30-a16c-9632f1665825,e3a4c962-2e8c-5c8d-a4b8-43fffd8afe2c,233bc279-6b5f-5823-bddf-02223bce6298,KDP260001,5678205e-191c-5829-80a7-8f43d185fbe2,RME,50.73,51,D,complete
15c9e979-0994-5a30-a16c-9632f1665825,e3a4c962-2e8c-5c8d-a4b8-43fffd8afe2c,233bc279-6b5f-5823-bddf-02223bce6298,KDP260001,a6ddaec7-e728-582d-8971-d9b76e83e286,PEA,64.53,65,C,complete
15c9e979-0994-5a30-a16c-9632f1665825,e3a4c962-2e8c-5c8d-a4b8-43fffd8afe2c,233bc279-6b5f-5823-bddf-02223bce6298,KDP260001,fec656f4-befe-5fae-8a08-46237f6bf647,ICT,58.40,58,D,complete
15c9e979-0994-5a30-a16c-9632f1665825,e3a4c962-2e8c-5c8d-a4b8-43fffd8afe2c,9352427c-e83c-5011-9b5f-52af4da0416c,KDP260002,7a136281-e1ee-5169-82fe-e6acde848da6,ENG,61.40,61,C,complete
15c9e979-0994-5a30-a16c-9632f1665825,e3a4c962-2e8c-5c8d-a4b8-43fffd8afe2c,9352427c-e83c-5011-9b5f-52af4da0416c,KDP260002,75036bc5-a828-580e-b2f7-7691bc06b540,SHO,53.07,53,D,complete
15c9e979-0994-5a30-a16c-9632f1665825,e3a4c962-2e8c-5c8d-a4b8-43fffd8afe2c,9352427c-e83c-5011-9b5f-52af4da0416c,KDP260002,c24f0173-5a2c-56ea-a5f9-b8b3177a21e6,MATH,51.80,52,D,complete
15c9e979-0994-5a30-a16c-9632f1665825,e3a4c962-2e8c-5c8d-a4b8-43fffd8afe2c,9352427c-e83c-5011-9b5f-52af4da0416c,KDP260002,ab6464fa-239b-5c73-af30-936494dc0f74,SCT,53.33,53,D,complete
15c9e979-0994-5a30-a16c-9632f1665825,e3a4c962-2e8c-5c8d-a4b8-43fffd8afe2c,9352427c-e83c-5011-9b5f-52af4da0416c,KDP260002,6eb66697-1bc1-568b-b98c-116eac072caf,SST,48.73,49,E,complete
15c9e979-0994-5a30-a16c-9632f1665825,e3a4c962-2e8c-5c8d-a4b8-43fffd8afe2c,9352427c-e83c-5011-9b5f-52af4da0416c,KDP260002,5678205e-191c-5829-80a7-8f43d185fbe2,RME,60.27,60,C,complete
15c9e979-0994-5a30-a16c-9632f1665825,e3a4c962-2e8c-5c8d-a4b8-43fffd8afe2c,9352427c-e83c-5011-9b5f-52af4da0416c,KDP260002,a6ddaec7-e728-582d-8971-d9b76e83e286,PEA,60.93,61,C,complete
15c9e979-0994-5a30-a16c-9632f1665825,e3a4c962-2e8c-5c8d-a4b8-43fffd8afe2c,9352427c-e83c-5011-9b5f-52af4da0416c,KDP260002,fec656f4-befe-5fae-8a08-46237f6bf647,ICT,62.80,63,C,complete
15c9e979-0994-5a30-a16c-9632f1665825,e3a4c962-2e8c-5c8d-a4b8-43fffd8afe2c,0264d51d-ab9e-52b5-a9f8-3fd454c7d914,KDP260003,7a136281-e1ee-5169-82fe-e6acde848da6,ENG,32.67,33,U,complete
15c9e979-0994-5a30-a16c-9632f1665825,e3a4c962-2e8c-5c8d-a4b8-43fffd8afe2c,0264d51d-ab9e-52b5-a9f8-3fd454c7d914,KDP260003,75036bc5-a828-580e-b2f7-7691bc06b540,SHO,32.27,32,U,complete
15c9e979-0994-5a30-a16c-9632f1665825,e3a4c962-2e8c-5c8d-a4b8-43fffd8afe2c,0264d51d-ab9e-52b5-a9f8-3fd454c7d914,KDP260003,c24f0173-5a2c-56ea-a5f9-b8b3177a21e6,MATH,29.87,30,U,complete
15c9e979-0994-5a30-a16c-9632f1665825,e3a4c962-2e8c-5c8d-a4b8-43fffd8afe2c,0264d51d-ab9e-52b5-a9f8-3fd454c7d914,KDP260003,ab6464fa-239b-5c73-af30-936494dc0f74,SCT,28.87,29,U,complete
15c9e979-0994-5a30-a16c-9632f1665825,e3a4c962-2e8c-5c8d-a4b8-43fffd8afe2c,0264d51d-ab9e-52b5-a9f8-3fd454c7d914,KDP260003,6eb66697-1bc1-568b-b98c-116eac072caf,SST,,,,incomplete
15c9e979-0994-5a30-a16c-9632f1665825,e3a4c962-2e8c-5c8d-a4b8-43fffd8afe2c,0264d51d-ab9e-52b5-a9f8-3fd454c7d914,KDP260003,5678205e-191c-5829-80a7-8f43d185fbe2,RME,34.60,35,U,complete
15c9e979-0994-5a30-a16c-9632f1665825,e3a4c962-2e8c-5c8d-a4b8-43fffd8afe2c,0264d51d-ab9e-52b5-a9f8-3fd454c7d914,KDP260003,a6ddaec7-e728-582d-8971-d9b76e83e286,PEA,48.67,49,E,complete
15c9e979-0994-5a30-a16c-9632f1665825,e3a4c962-2e8c-5c8d-a4b8-43fffd8afe2c,0264d51d-ab9e-52b5-a9f8-3fd454c7d914,KDP260003,fec656f4-befe-5fae-8a08-46237f6bf647,ICT,37.53,38,U,complete
15c9e979-0994-5a30-a16c-9632f1665825,e3a4c962-2e8c-5c8d-a4b8-43fffd8afe2c,71e540b8-4344-5659-8984-1e9044bdb230,KDP260004,7a136281-e1ee-5169-82fe-e6acde848da6,ENG,63.40,63,C,complete
15c9e979-0994-5a30-a16c-9632f1665825,e3a4c962-2e8c-5c8d-a4b8-43fffd8afe2c,71e540b8-4344-5659-8984-1e9044bdb230,KDP260004,75036bc5-a828-580e-b2f7-7691bc06b540,SHO,59.93,60,C,complete
15c9e979-0994-5a30-a16c-9632f1665825,e3a4c962-2e8c-5c8d-a4b8-43fffd8afe2c,71e540b8-4344-5659-8984-1e9044bdb230,KDP260004,c24f0173-5a2c-56ea-a5f9-b8b3177a21e6,MATH,48.93,49,E,complete
15c9e979-0994-5a30-a16c-9632f1665825,e3a4c962-2e8c-5c8d-a4b8-43fffd8afe2c,71e540b8-4344-5659-8984-1e9044bdb230,KDP260004,ab6464fa-239b-5c73-af30-936494dc0f74,SCT,55.00,55,D,complete
15c9e979-0994-5a30-a16c-9632f1665825,e3a4c962-2e8c-5c8d-a4b8-43fffd8afe2c,71e540b8-4344-5659-8984-1e9044bdb230,KDP260004,6eb66697-1bc1-568b-b98c-116eac072caf,SST,53.40,53,D,complete
15c9e979-0994-5a30-a16c-9632f1665825,e3a4c962-2e8c-5c8d-a4b8-43fffd8afe2c,71e540b8-4344-5659-8984-1e9044bdb230,KDP260004,5678205e-191c-5829-80a7-8f43d185fbe2,RME,70.73,71,B,complete
15c9e979-0994-5a30-a16c-9632f1665825,e3a4c962-2e8c-5c8d-a4b8-43fffd8afe2c,71e540b8-4344-5659-8984-1e9044bdb230,KDP260004,a6ddaec7-e728-582d-8971-d9b76e83e286,PEA,61.87,62,C,complete
15c9e979-0994-5a30-a16c-9632f1665825,e3a4c962-2e8c-5c8d-a4b8-43fffd8afe2c,71e540b8-4344-5659-8984-1e9044bdb230,KDP260004,fec656f4-befe-5fae-8a08-46237f6bf647,ICT,51.93,52,D,complete
15c9e979-0994-5a30-a16c-9632f1665825,e3a4c962-2e8c-5c8d-a4b8-43fffd8afe2c,4c37db26-a0df-549d-94f3-78bc7eb20055,KDP260005,7a136281-e1ee-5169-82fe-e6acde848da6,ENG,58.93,59,D,complete
15c9e979-0994-5a30-a16c-9632f1665825,e3a4c962-2e8c-5c8d-a4b8-43fffd8afe2c,4c37db26-a0df-549d-94f3-78bc7eb20055,KDP260005,75036bc5-a828-580e-b2f7-7691bc06b540,SHO,71.40,71,B,complete
15c9e979-0994-5a30-a16c-9632f1665825,e3a4c962-2e8c-5c8d-a4b8-43fffd8afe2c,4c37db26-a0df-549d-94f3-78bc7eb20055,KDP260005,c24f0173-5a2c-56ea-a5f9-b8b3177a21e6,MATH,56.07,56,D,complete
15c9e979-0994-5a30-a16c-9632f1665825,e3a4c962-2e8c-5c8d-a4b8-43fffd8afe2c,4c37db26-a0df-549d-94f3-78bc7eb20055,KDP260005,ab6464fa-239b-5c73-af30-936494dc0f74,SCT,71.40,71,B,complete
15c9e979-0994-5a30-a16c-9632f1665825,e3a4c962-2e8c-5c8d-a4b8-43fffd8afe2c,4c37db26-a0df-549d-94f3-78bc7eb20055,KDP260005,6eb66697-1bc1-568b-b98c-116eac072caf,SST,62.73,63,C,complete
15c9e979-0994-5a30-a16c-9632f1665825,e3a4c962-2e8c-5c8d-a4b8-43fffd8afe2c,4c37db26-a0df-549d-94f3-78bc7eb20055,KDP260005,5678205e-191c-5829-80a7-8f43d185fbe2,RME,86.93,87,A,complete
15c9e979-0994-5a30-a16c-9632f1665825,e3a4c962-2e8c-5c8d-a4b8-43fffd8afe2c,4c37db26-a0df-549d-94f3-78bc7eb20055,KDP260005,a6ddaec7-e728-582d-8971-d9b76e83e286,PEA,56.20,56,D,complete
15c9e979-0994-5a30-a16c-9632f1665825,e3a4c962-2e8c-5c8d-a4b8-43fffd8afe2c,4c37db26-a0df-549d-94f3-78bc7eb20055,KDP260005,fec656f4-befe-5fae-8a08-46237f6bf647,ICT,62.53,63,C,complete
15c9e979-0994-5a30-a16c-9632f1665825,e3a4c962-2e8c-5c8d-a4b8-43fffd8afe2c,661583d3-ba45-54fd-9621-11547d7da0ca,KDP260006,7a136281-e1ee-5169-82fe-e6acde848da6,ENG,38.93,39,U,complete
15c9e979-0994-5a30-a16c-9632f1665825,e3a4c962-2e8c-5c8d-a4b8-43fffd8afe2c,661583d3-ba45-54fd-9621-11547d7da0ca,KDP260006,75036bc5-a828-580e-b2f7-7691bc06b540,SHO,52.47,52,D,complete
15c9e979-0994-5a30-a16c-9632f1665825,e3a4c962-2e8c-5c8d-a4b8-43fffd8afe2c,661583d3-ba45-54fd-9621-11547d7da0ca,KDP260006,c24f0173-5a2c-56ea-a5f9-b8b3177a21e6,MATH,51.87,52,D,complete
15c9e979-0994-5a30-a16c-9632f1665825,e3a4c962-2e8c-5c8d-a4b8-43fffd8afe2c,661583d3-ba45-54fd-9621-11547d7da0ca,KDP260006,ab6464fa-239b-5c73-af30-936494dc0f74,SCT,56.33,56,D,complete
15c9e979-0994-5a30-a16c-9632f1665825,e3a4c962-2e8c-5c8d-a4b8-43fffd8afe2c,661583d3-ba45-54fd-9621-11547d7da0ca,KDP260006,6eb66697-1bc1-568b-b98c-116eac072caf,SST,42.60,43,E,complete
15c9e979-0994-5a30-a16c-9632f1665825,e3a4c962-2e8c-5c8d-a4b8-43fffd8afe2c,661583d3-ba45-54fd-9621-11547d7da0ca,KDP260006,5678205e-191c-5829-80a7-8f43d185fbe2,RME,50.27,50,D,complete
15c9e979-0994-5a30-a16c-9632f1665825,e3a4c962-2e8c-5c8d-a4b8-43fffd8afe2c,661583d3-ba45-54fd-9621-11547d7da0ca,KDP260006,a6ddaec7-e728-582d-8971-d9b76e83e286,PEA,71.40,71,B,complete
15c9e979-0994-5a30-a16c-9632f1665825,e3a4c962-2e8c-5c8d-a4b8-43fffd8afe2c,661583d3-ba45-54fd-9621-11547d7da0ca,KDP260006,fec656f4-befe-5fae-8a08-46237f6bf647,ICT,47.33,47,E,complete
15c9e979-0994-5a30-a16c-9632f1665825,e3a4c962-2e8c-5c8d-a4b8-43fffd8afe2c,a391c26b-04b3-50c9-9f1a-803fa67fce98,KDP260007,7a136281-e1ee-5169-82fe-e6acde848da6,ENG,45.00,45,E,complete
15c9e979-0994-5a30-a16c-9632f1665825,e3a4c962-2e8c-5c8d-a4b8-43fffd8afe2c,a391c26b-04b3-50c9-9f1a-803fa67fce98,KDP260007,75036bc5-a828-580e-b2f7-7691bc06b540,SHO,48.07,48,E,complete
15c9e979-0994-5a30-a16c-9632f1665825,e3a4c962-2e8c-5c8d-a4b8-43fffd8afe2c,a391c26b-04b3-50c9-9f1a-803fa67fce98,KDP260007,c24f0173-5a2c-56ea-a5f9-b8b3177a21e6,MATH,47.93,48,E,complete
15c9e979-0994-5a30-a16c-9632f1665825,e3a4c962-2e8c-5c8d-a4b8-43fffd8afe2c,a391c26b-04b3-50c9-9f1a-803fa67fce98,KDP260007,ab6464fa-239b-5c73-af30-936494dc0f74,SCT,39.80,40,E,complete
15c9e979-0994-5a30-a16c-9632f1665825,e3a4c962-2e8c-5c8d-a4b8-43fffd8afe2c,a391c26b-04b3-50c9-9f1a-803fa67fce98,KDP260007,6eb66697-1bc1-568b-b98c-116eac072caf,SST,47.47,47,E,complete
15c9e979-0994-5a30-a16c-9632f1665825,e3a4c962-2e8c-5c8d-a4b8-43fffd8afe2c,a391c26b-04b3-50c9-9f1a-803fa67fce98,KDP260007,5678205e-191c-5829-80a7-8f43d185fbe2,RME,37.87,38,U,complete
15c9e979-0994-5a30-a16c-9632f1665825,e3a4c962-2e8c-5c8d-a4b8-43fffd8afe2c,a391c26b-04b3-50c9-9f1a-803fa67fce98,KDP260007,a6ddaec7-e728-582d-8971-d9b76e83e286,PEA,29.40,29,U,complete
15c9e979-0994-5a30-a16c-9632f1665825,e3a4c962-2e8c-5c8d-a4b8-43fffd8afe2c,a391c26b-04b3-50c9-9f1a-803fa67fce98,KDP260007,fec656f4-befe-5fae-8a08-46237f6bf647,ICT,37.60,38,U,complete
15c9e979-0994-5a30-a16c-9632f1665825,e3a4c962-2e8c-5c8d-a4b8-43fffd8afe2c,f256f11a-5c3c-5831-aeb6-65296da6c74c,KDP260008,7a136281-e1ee-5169-82fe-e6acde848da6,ENG,80.07,80,A,complete
15c9e979-0994-5a30-a16c-9632f1665825,e3a4c962-2e8c-5c8d-a4b8-43fffd8afe2c,f256f11a-5c3c-5831-aeb6-65296da6c74c,KDP260008,75036bc5-a828-580e-b2f7-7691bc06b540,SHO,91.53,92,A,complete
15c9e979-0994-5a30-a16c-9632f1665825,e3a4c962-2e8c-5c8d-a4b8-43fffd8afe2c,f256f11a-5c3c-5831-aeb6-65296da6c74c,KDP260008,c24f0173-5a2c-56ea-a5f9-b8b3177a21e6,MATH,71.67,72,B,complete
15c9e979-0994-5a30-a16c-9632f1665825,e3a4c962-2e8c-5c8d-a4b8-43fffd8afe2c,f256f11a-5c3c-5831-aeb6-65296da6c74c,KDP260008,ab6464fa-239b-5c73-af30-936494dc0f74,SCT,81.13,81,A,complete
15c9e979-0994-5a30-a16c-9632f1665825,e3a4c962-2e8c-5c8d-a4b8-43fffd8afe2c,f256f11a-5c3c-5831-aeb6-65296da6c74c,KDP260008,6eb66697-1bc1-568b-b98c-116eac072caf,SST,72.33,72,B,complete
15c9e979-0994-5a30-a16c-9632f1665825,e3a4c962-2e8c-5c8d-a4b8-43fffd8afe2c,f256f11a-5c3c-5831-aeb6-65296da6c74c,KDP260008,5678205e-191c-5829-80a7-8f43d185fbe2,RME,92.73,93,A,complete
15c9e979-0994-5a30-a16c-9632f1665825,e3a4c962-2e8c-5c8d-a4b8-43fffd8afe2c,f256f11a-5c3c-5831-aeb6-65296da6c74c,KDP260008,a6ddaec7-e728-582d-8971-d9b76e83e286,PEA,76.93,77,B,complete
15c9e979-0994-5a30-a16c-9632f1665825,e3a4c962-2e8c-5c8d-a4b8-43fffd8afe2c,f256f11a-5c3c-5831-aeb6-65296da6c74c,KDP260008,fec656f4-befe-5fae-8a08-46237f6bf647,ICT,79.47,79,B,complete
15c9e979-0994-5a30-a16c-9632f1665825,e3a4c962-2e8c-5c8d-a4b8-43fffd8afe2c,7e85c9cb-6d82-5446-975b-03413d4d6799,KDP260009,7a136281-e1ee-5169-82fe-e6acde848da6,ENG,55.93,56,D,complete
15c9e979-0994-5a30-a16c-9632f1665825,e3a4c962-2e8c-5c8d-a4b8-43fffd8afe2c,7e85c9cb-6d82-5446-975b-03413d4d6799,KDP260009,75036bc5-a828-580e-b2f7-7691bc06b540,SHO,61.73,62,C,complete
15c9e979-0994-5a30-a16c-9632f1665825,e3a4c962-2e8c-5c8d-a4b8-43fffd8afe2c,7e85c9cb-6d82-5446-975b-03413d4d6799,KDP260009,c24f0173-5a2c-56ea-a5f9-b8b3177a21e6,MATH,63.80,64,C,complete
15c9e979-0994-5a30-a16c-9632f1665825,e3a4c962-2e8c-5c8d-a4b8-43fffd8afe2c,7e85c9cb-6d82-5446-975b-03413d4d6799,KDP260009,ab6464fa-239b-5c73-af30-936494dc0f74,SCT,67.60,68,C,complete
15c9e979-0994-5a30-a16c-9632f1665825,e3a4c962-2e8c-5c8d-a4b8-43fffd8afe2c,7e85c9cb-6d82-5446-975b-03413d4d6799,KDP260009,6eb66697-1bc1-568b-b98c-116eac072caf,SST,63.00,63,C,complete
15c9e979-0994-5a30-a16c-9632f1665825,e3a4c962-2e8c-5c8d-a4b8-43fffd8afe2c,7e85c9cb-6d82-5446-975b-03413d4d6799,KDP260009,5678205e-191c-5829-80a7-8f43d185fbe2,RME,45.80,46,E,complete
15c9e979-0994-5a30-a16c-9632f1665825,e3a4c962-2e8c-5c8d-a4b8-43fffd8afe2c,7e85c9cb-6d82-5446-975b-03413d4d6799,KDP260009,a6ddaec7-e728-582d-8971-d9b76e83e286,PEA,56.93,57,D,complete
15c9e979-0994-5a30-a16c-9632f1665825,e3a4c962-2e8c-5c8d-a4b8-43fffd8afe2c,7e85c9cb-6d82-5446-975b-03413d4d6799,KDP260009,fec656f4-befe-5fae-8a08-46237f6bf647,ICT,58.73,59,D,complete
15c9e979-0994-5a30-a16c-9632f1665825,e3a4c962-2e8c-5c8d-a4b8-43fffd8afe2c,c6f197b8-e3e4-5f8d-a71e-af7b137b88a2,KDP260010,7a136281-e1ee-5169-82fe-e6acde848da6,ENG,61.33,61,C,complete
15c9e979-0994-5a30-a16c-9632f1665825,e3a4c962-2e8c-5c8d-a4b8-43fffd8afe2c,c6f197b8-e3e4-5f8d-a71e-af7b137b88a2,KDP260010,75036bc5-a828-580e-b2f7-7691bc06b540,SHO,57.87,58,D,complete
15c9e979-0994-5a30-a16c-9632f1665825,e3a4c962-2e8c-5c8d-a4b8-43fffd8afe2c,c6f197b8-e3e4-5f8d-a71e-af7b137b88a2,KDP260010,c24f0173-5a2c-56ea-a5f9-b8b3177a21e6,MATH,55.07,55,D,complete
15c9e979-0994-5a30-a16c-9632f1665825,e3a4c962-2e8c-5c8d-a4b8-43fffd8afe2c,c6f197b8-e3e4-5f8d-a71e-af7b137b88a2,KDP260010,ab6464fa-239b-5c73-af30-936494dc0f74,SCT,66.47,66,C,complete
15c9e979-0994-5a30-a16c-9632f1665825,e3a4c962-2e8c-5c8d-a4b8-43fffd8afe2c,c6f197b8-e3e4-5f8d-a71e-af7b137b88a2,KDP260010,6eb66697-1bc1-568b-b98c-116eac072caf,SST,60.73,61,C,complete
15c9e979-0994-5a30-a16c-9632f1665825,e3a4c962-2e8c-5c8d-a4b8-43fffd8afe2c,c6f197b8-e3e4-5f8d-a71e-af7b137b88a2,KDP260010,5678205e-191c-5829-80a7-8f43d185fbe2,RME,62.33,62,C,complete
15c9e979-0994-5a30-a16c-9632f1665825,e3a4c962-2e8c-5c8d-a4b8-43fffd8afe2c,c6f197b8-e3e4-5f8d-a71e-af7b137b88a2,KDP260010,a6ddaec7-e728-582d-8971-d9b76e83e286,PEA,51.20,51,D,complete
15c9e979-0994-5a30-a16c-9632f1665825,e3a4c962-2e8c-5c8d-a4b8-43fffd8afe2c,c6f197b8-e3e4-5f8d-a71e-af7b137b88a2,KDP260010,fec656f4-befe-5fae-8a08-46237f6bf647,ICT,66.93,67,C,complete
15c9e979-0994-5a30-a16c-9632f1665825,7e073fb9-e2fd-5754-8278-c612e66af27a,36b4d88e-d13c-56ce-8167-2bcfd9b7fdeb,KDP260011,fa39a5ce-8d74-50ab-b051-c55c54293f53,ENG,54.00,54,D,complete
15c9e979-0994-5a30-a16c-9632f1665825,7e073fb9-e2fd-5754-8278-c612e66af27a,36b4d88e-d13c-56ce-8167-2bcfd9b7fdeb,KDP260011,8787fb2c-3aab-595f-bae2-94c171200a2a,SHO,61.93,62,C,complete
15c9e979-0994-5a30-a16c-9632f1665825,7e073fb9-e2fd-5754-8278-c612e66af27a,36b4d88e-d13c-56ce-8167-2bcfd9b7fdeb,KDP260011,90a139c0-d617-5f8d-85fb-3200edf40e5b,MATH,48.53,49,E,complete
15c9e979-0994-5a30-a16c-9632f1665825,7e073fb9-e2fd-5754-8278-c612e66af27a,36b4d88e-d13c-56ce-8167-2bcfd9b7fdeb,KDP260011,a262b708-3da5-51e0-bbdb-8c22497ad608,SCT,58.53,59,D,complete
15c9e979-0994-5a30-a16c-9632f1665825,7e073fb9-e2fd-5754-8278-c612e66af27a,36b4d88e-d13c-56ce-8167-2bcfd9b7fdeb,KDP260011,566601fc-351e-5eae-aa2b-f7d3f8d1873e,SST,77.20,77,B,complete
15c9e979-0994-5a30-a16c-9632f1665825,7e073fb9-e2fd-5754-8278-c612e66af27a,36b4d88e-d13c-56ce-8167-2bcfd9b7fdeb,KDP260011,f39a477a-be4c-50f4-b259-cdf650a2af6d,RME,66.47,66,C,complete
15c9e979-0994-5a30-a16c-9632f1665825,7e073fb9-e2fd-5754-8278-c612e66af27a,36b4d88e-d13c-56ce-8167-2bcfd9b7fdeb,KDP260011,558e743d-5448-5d14-80fd-478ff53a3176,PEA,54.40,54,D,complete
15c9e979-0994-5a30-a16c-9632f1665825,7e073fb9-e2fd-5754-8278-c612e66af27a,36b4d88e-d13c-56ce-8167-2bcfd9b7fdeb,KDP260011,5795804f-1e50-5da4-bb51-1dcddfa1b3a3,ICT,64.40,64,C,complete
15c9e979-0994-5a30-a16c-9632f1665825,7e073fb9-e2fd-5754-8278-c612e66af27a,9d9c681e-943e-5556-a1f8-4285cf626553,KDP260012,fa39a5ce-8d74-50ab-b051-c55c54293f53,ENG,42.73,43,E,complete
15c9e979-0994-5a30-a16c-9632f1665825,7e073fb9-e2fd-5754-8278-c612e66af27a,9d9c681e-943e-5556-a1f8-4285cf626553,KDP260012,8787fb2c-3aab-595f-bae2-94c171200a2a,SHO,42.93,43,E,complete
15c9e979-0994-5a30-a16c-9632f1665825,7e073fb9-e2fd-5754-8278-c612e66af27a,9d9c681e-943e-5556-a1f8-4285cf626553,KDP260012,90a139c0-d617-5f8d-85fb-3200edf40e5b,MATH,,,,incomplete
15c9e979-0994-5a30-a16c-9632f1665825,7e073fb9-e2fd-5754-8278-c612e66af27a,9d9c681e-943e-5556-a1f8-4285cf626553,KDP260012,a262b708-3da5-51e0-bbdb-8c22497ad608,SCT,54.13,54,D,complete
15c9e979-0994-5a30-a16c-9632f1665825,7e073fb9-e2fd-5754-8278-c612e66af27a,9d9c681e-943e-5556-a1f8-4285cf626553,KDP260012,566601fc-351e-5eae-aa2b-f7d3f8d1873e,SST,46.67,47,E,complete
15c9e979-0994-5a30-a16c-9632f1665825,7e073fb9-e2fd-5754-8278-c612e66af27a,9d9c681e-943e-5556-a1f8-4285cf626553,KDP260012,f39a477a-be4c-50f4-b259-cdf650a2af6d,RME,55.73,56,D,complete
15c9e979-0994-5a30-a16c-9632f1665825,7e073fb9-e2fd-5754-8278-c612e66af27a,9d9c681e-943e-5556-a1f8-4285cf626553,KDP260012,558e743d-5448-5d14-80fd-478ff53a3176,PEA,39.27,39,U,complete
15c9e979-0994-5a30-a16c-9632f1665825,7e073fb9-e2fd-5754-8278-c612e66af27a,9d9c681e-943e-5556-a1f8-4285cf626553,KDP260012,5795804f-1e50-5da4-bb51-1dcddfa1b3a3,ICT,40.80,41,E,complete
15c9e979-0994-5a30-a16c-9632f1665825,7e073fb9-e2fd-5754-8278-c612e66af27a,c763c069-467d-50db-afbd-6af8e6ee81f2,KDP260013,fa39a5ce-8d74-50ab-b051-c55c54293f53,ENG,48.73,49,E,complete
15c9e979-0994-5a30-a16c-9632f1665825,7e073fb9-e2fd-5754-8278-c612e66af27a,c763c069-467d-50db-afbd-6af8e6ee81f2,KDP260013,8787fb2c-3aab-595f-bae2-94c171200a2a,SHO,,,,incomplete
15c9e979-0994-5a30-a16c-9632f1665825,7e073fb9-e2fd-5754-8278-c612e66af27a,c763c069-467d-50db-afbd-6af8e6ee81f2,KDP260013,90a139c0-d617-5f8d-85fb-3200edf40e5b,MATH,53.73,54,D,complete
15c9e979-0994-5a30-a16c-9632f1665825,7e073fb9-e2fd-5754-8278-c612e66af27a,c763c069-467d-50db-afbd-6af8e6ee81f2,KDP260013,a262b708-3da5-51e0-bbdb-8c22497ad608,SCT,53.20,53,D,complete
15c9e979-0994-5a30-a16c-9632f1665825,7e073fb9-e2fd-5754-8278-c612e66af27a,c763c069-467d-50db-afbd-6af8e6ee81f2,KDP260013,566601fc-351e-5eae-aa2b-f7d3f8d1873e,SST,53.60,54,D,complete
15c9e979-0994-5a30-a16c-9632f1665825,7e073fb9-e2fd-5754-8278-c612e66af27a,c763c069-467d-50db-afbd-6af8e6ee81f2,KDP260013,f39a477a-be4c-50f4-b259-cdf650a2af6d,RME,56.53,57,D,complete
15c9e979-0994-5a30-a16c-9632f1665825,7e073fb9-e2fd-5754-8278-c612e66af27a,c763c069-467d-50db-afbd-6af8e6ee81f2,KDP260013,558e743d-5448-5d14-80fd-478ff53a3176,PEA,67.47,67,C,complete
15c9e979-0994-5a30-a16c-9632f1665825,7e073fb9-e2fd-5754-8278-c612e66af27a,c763c069-467d-50db-afbd-6af8e6ee81f2,KDP260013,5795804f-1e50-5da4-bb51-1dcddfa1b3a3,ICT,61.93,62,C,complete
15c9e979-0994-5a30-a16c-9632f1665825,7e073fb9-e2fd-5754-8278-c612e66af27a,3278e9eb-6c70-56a6-a5e0-439c4a8d04f5,KDP260014,fa39a5ce-8d74-50ab-b051-c55c54293f53,ENG,,,,incomplete
15c9e979-0994-5a30-a16c-9632f1665825,7e073fb9-e2fd-5754-8278-c612e66af27a,3278e9eb-6c70-56a6-a5e0-439c4a8d04f5,KDP260014,8787fb2c-3aab-595f-bae2-94c171200a2a,SHO,72.53,73,B,complete
15c9e979-0994-5a30-a16c-9632f1665825,7e073fb9-e2fd-5754-8278-c612e66af27a,3278e9eb-6c70-56a6-a5e0-439c4a8d04f5,KDP260014,90a139c0-d617-5f8d-85fb-3200edf40e5b,MATH,90.07,90,A,complete
15c9e979-0994-5a30-a16c-9632f1665825,7e073fb9-e2fd-5754-8278-c612e66af27a,3278e9eb-6c70-56a6-a5e0-439c4a8d04f5,KDP260014,a262b708-3da5-51e0-bbdb-8c22497ad608,SCT,67.13,67,C,complete
15c9e979-0994-5a30-a16c-9632f1665825,7e073fb9-e2fd-5754-8278-c612e66af27a,3278e9eb-6c70-56a6-a5e0-439c4a8d04f5,KDP260014,566601fc-351e-5eae-aa2b-f7d3f8d1873e,SST,70.60,71,B,complete
15c9e979-0994-5a30-a16c-9632f1665825,7e073fb9-e2fd-5754-8278-c612e66af27a,3278e9eb-6c70-56a6-a5e0-439c4a8d04f5,KDP260014,f39a477a-be4c-50f4-b259-cdf650a2af6d,RME,75.13,75,B,complete
15c9e979-0994-5a30-a16c-9632f1665825,7e073fb9-e2fd-5754-8278-c612e66af27a,3278e9eb-6c70-56a6-a5e0-439c4a8d04f5,KDP260014,558e743d-5448-5d14-80fd-478ff53a3176,PEA,62.87,63,C,complete
15c9e979-0994-5a30-a16c-9632f1665825,7e073fb9-e2fd-5754-8278-c612e66af27a,3278e9eb-6c70-56a6-a5e0-439c4a8d04f5,KDP260014,5795804f-1e50-5da4-bb51-1dcddfa1b3a3,ICT,81.07,81,A,complete
15c9e979-0994-5a30-a16c-9632f1665825,7e073fb9-e2fd-5754-8278-c612e66af27a,2e2dbb36-0c9c-5295-8376-28b4dff31e8e,KDP260015,fa39a5ce-8d74-50ab-b051-c55c54293f53,ENG,47.87,48,E,complete
15c9e979-0994-5a30-a16c-9632f1665825,7e073fb9-e2fd-5754-8278-c612e66af27a,2e2dbb36-0c9c-5295-8376-28b4dff31e8e,KDP260015,8787fb2c-3aab-595f-bae2-94c171200a2a,SHO,68.27,68,C,complete
15c9e979-0994-5a30-a16c-9632f1665825,7e073fb9-e2fd-5754-8278-c612e66af27a,2e2dbb36-0c9c-5295-8376-28b4dff31e8e,KDP260015,90a139c0-d617-5f8d-85fb-3200edf40e5b,MATH,73.60,74,B,complete
15c9e979-0994-5a30-a16c-9632f1665825,7e073fb9-e2fd-5754-8278-c612e66af27a,2e2dbb36-0c9c-5295-8376-28b4dff31e8e,KDP260015,a262b708-3da5-51e0-bbdb-8c22497ad608,SCT,57.60,58,D,complete
15c9e979-0994-5a30-a16c-9632f1665825,7e073fb9-e2fd-5754-8278-c612e66af27a,2e2dbb36-0c9c-5295-8376-28b4dff31e8e,KDP260015,566601fc-351e-5eae-aa2b-f7d3f8d1873e,SST,59.87,60,C,complete
15c9e979-0994-5a30-a16c-9632f1665825,7e073fb9-e2fd-5754-8278-c612e66af27a,2e2dbb36-0c9c-5295-8376-28b4dff31e8e,KDP260015,f39a477a-be4c-50f4-b259-cdf650a2af6d,RME,65.33,65,C,complete
15c9e979-0994-5a30-a16c-9632f1665825,7e073fb9-e2fd-5754-8278-c612e66af27a,2e2dbb36-0c9c-5295-8376-28b4dff31e8e,KDP260015,558e743d-5448-5d14-80fd-478ff53a3176,PEA,64.73,65,C,complete
15c9e979-0994-5a30-a16c-9632f1665825,7e073fb9-e2fd-5754-8278-c612e66af27a,2e2dbb36-0c9c-5295-8376-28b4dff31e8e,KDP260015,5795804f-1e50-5da4-bb51-1dcddfa1b3a3,ICT,55.13,55,D,complete
15c9e979-0994-5a30-a16c-9632f1665825,7e073fb9-e2fd-5754-8278-c612e66af27a,c5ff99af-dddb-5e24-8141-91483e0394f5,KDP260016,fa39a5ce-8d74-50ab-b051-c55c54293f53,ENG,52.20,52,D,complete
15c9e979-0994-5a30-a16c-9632f1665825,7e073fb9-e2fd-5754-8278-c612e66af27a,c5ff99af-dddb-5e24-8141-91483e0394f5,KDP260016,8787fb2c-3aab-595f-bae2-94c171200a2a,SHO,46.93,47,E,complete
15c9e979-0994-5a30-a16c-9632f1665825,7e073fb9-e2fd-5754-8278-c612e66af27a,c5ff99af-dddb-5e24-8141-91483e0394f5,KDP260016,90a139c0-d617-5f8d-85fb-3200edf40e5b,MATH,58.13,58,D,complete
15c9e979-0994-5a30-a16c-9632f1665825,7e073fb9-e2fd-5754-8278-c612e66af27a,c5ff99af-dddb-5e24-8141-91483e0394f5,KDP260016,a262b708-3da5-51e0-bbdb-8c22497ad608,SCT,54.47,54,D,complete
15c9e979-0994-5a30-a16c-9632f1665825,7e073fb9-e2fd-5754-8278-c612e66af27a,c5ff99af-dddb-5e24-8141-91483e0394f5,KDP260016,566601fc-351e-5eae-aa2b-f7d3f8d1873e,SST,50.47,50,D,complete
15c9e979-0994-5a30-a16c-9632f1665825,7e073fb9-e2fd-5754-8278-c612e66af27a,c5ff99af-dddb-5e24-8141-91483e0394f5,KDP260016,f39a477a-be4c-50f4-b259-cdf650a2af6d,RME,58.47,58,D,complete
15c9e979-0994-5a30-a16c-9632f1665825,7e073fb9-e2fd-5754-8278-c612e66af27a,c5ff99af-dddb-5e24-8141-91483e0394f5,KDP260016,558e743d-5448-5d14-80fd-478ff53a3176,PEA,57.93,58,D,complete
15c9e979-0994-5a30-a16c-9632f1665825,7e073fb9-e2fd-5754-8278-c612e66af27a,c5ff99af-dddb-5e24-8141-91483e0394f5,KDP260016,5795804f-1e50-5da4-bb51-1dcddfa1b3a3,ICT,42.33,42,E,complete
15c9e979-0994-5a30-a16c-9632f1665825,7e073fb9-e2fd-5754-8278-c612e66af27a,7df76894-e273-5d9d-9ace-65e144085d4a,KDP260017,fa39a5ce-8d74-50ab-b051-c55c54293f53,ENG,65.87,66,C,complete
15c9e979-0994-5a30-a16c-9632f1665825,7e073fb9-e2fd-5754-8278-c612e66af27a,7df76894-e273-5d9d-9ace-65e144085d4a,KDP260017,8787fb2c-3aab-595f-bae2-94c171200a2a,SHO,54.13,54,D,complete
15c9e979-0994-5a30-a16c-9632f1665825,7e073fb9-e2fd-5754-8278-c612e66af27a,7df76894-e273-5d9d-9ace-65e144085d4a,KDP260017,90a139c0-d617-5f8d-85fb-3200edf40e5b,MATH,62.87,63,C,complete
15c9e979-0994-5a30-a16c-9632f1665825,7e073fb9-e2fd-5754-8278-c612e66af27a,7df76894-e273-5d9d-9ace-65e144085d4a,KDP260017,a262b708-3da5-51e0-bbdb-8c22497ad608,SCT,53.67,54,D,complete
15c9e979-0994-5a30-a16c-9632f1665825,7e073fb9-e2fd-5754-8278-c612e66af27a,7df76894-e273-5d9d-9ace-65e144085d4a,KDP260017,566601fc-351e-5eae-aa2b-f7d3f8d1873e,SST,58.27,58,D,complete
15c9e979-0994-5a30-a16c-9632f1665825,7e073fb9-e2fd-5754-8278-c612e66af27a,7df76894-e273-5d9d-9ace-65e144085d4a,KDP260017,f39a477a-be4c-50f4-b259-cdf650a2af6d,RME,78.93,79,B,complete
15c9e979-0994-5a30-a16c-9632f1665825,7e073fb9-e2fd-5754-8278-c612e66af27a,7df76894-e273-5d9d-9ace-65e144085d4a,KDP260017,558e743d-5448-5d14-80fd-478ff53a3176,PEA,60.00,60,C,complete
15c9e979-0994-5a30-a16c-9632f1665825,7e073fb9-e2fd-5754-8278-c612e66af27a,7df76894-e273-5d9d-9ace-65e144085d4a,KDP260017,5795804f-1e50-5da4-bb51-1dcddfa1b3a3,ICT,69.20,69,C,complete
15c9e979-0994-5a30-a16c-9632f1665825,7e073fb9-e2fd-5754-8278-c612e66af27a,11e2a464-6f07-5a4e-a03f-bb717288111a,KDP260018,fa39a5ce-8d74-50ab-b051-c55c54293f53,ENG,35.67,36,U,complete
15c9e979-0994-5a30-a16c-9632f1665825,7e073fb9-e2fd-5754-8278-c612e66af27a,11e2a464-6f07-5a4e-a03f-bb717288111a,KDP260018,8787fb2c-3aab-595f-bae2-94c171200a2a,SHO,38.47,38,U,complete
15c9e979-0994-5a30-a16c-9632f1665825,7e073fb9-e2fd-5754-8278-c612e66af27a,11e2a464-6f07-5a4e-a03f-bb717288111a,KDP260018,90a139c0-d617-5f8d-85fb-3200edf40e5b,MATH,44.00,44,E,complete
15c9e979-0994-5a30-a16c-9632f1665825,7e073fb9-e2fd-5754-8278-c612e66af27a,11e2a464-6f07-5a4e-a03f-bb717288111a,KDP260018,a262b708-3da5-51e0-bbdb-8c22497ad608,SCT,28.47,28,U,complete
15c9e979-0994-5a30-a16c-9632f1665825,7e073fb9-e2fd-5754-8278-c612e66af27a,11e2a464-6f07-5a4e-a03f-bb717288111a,KDP260018,566601fc-351e-5eae-aa2b-f7d3f8d1873e,SST,25.00,25,U,complete
15c9e979-0994-5a30-a16c-9632f1665825,7e073fb9-e2fd-5754-8278-c612e66af27a,11e2a464-6f07-5a4e-a03f-bb717288111a,KDP260018,f39a477a-be4c-50f4-b259-cdf650a2af6d,RME,35.33,35,U,complete
15c9e979-0994-5a30-a16c-9632f1665825,7e073fb9-e2fd-5754-8278-c612e66af27a,11e2a464-6f07-5a4e-a03f-bb717288111a,KDP260018,558e743d-5448-5d14-80fd-478ff53a3176,PEA,39.67,40,E,complete
15c9e979-0994-5a30-a16c-9632f1665825,7e073fb9-e2fd-5754-8278-c612e66af27a,11e2a464-6f07-5a4e-a03f-bb717288111a,KDP260018,5795804f-1e50-5da4-bb51-1dcddfa1b3a3,ICT,43.33,43,E,complete
15c9e979-0994-5a30-a16c-9632f1665825,7e073fb9-e2fd-5754-8278-c612e66af27a,70e65636-5347-5d9d-bfcb-bfd229d62a05,KDP260019,fa39a5ce-8d74-50ab-b051-c55c54293f53,ENG,55.00,55,D,complete
15c9e979-0994-5a30-a16c-9632f1665825,7e073fb9-e2fd-5754-8278-c612e66af27a,70e65636-5347-5d9d-bfcb-bfd229d62a05,KDP260019,8787fb2c-3aab-595f-bae2-94c171200a2a,SHO,52.93,53,D,complete
15c9e979-0994-5a30-a16c-9632f1665825,7e073fb9-e2fd-5754-8278-c612e66af27a,70e65636-5347-5d9d-bfcb-bfd229d62a05,KDP260019,90a139c0-d617-5f8d-85fb-3200edf40e5b,MATH,68.73,69,C,complete
15c9e979-0994-5a30-a16c-9632f1665825,7e073fb9-e2fd-5754-8278-c612e66af27a,70e65636-5347-5d9d-bfcb-bfd229d62a05,KDP260019,a262b708-3da5-51e0-bbdb-8c22497ad608,SCT,48.53,49,E,complete
15c9e979-0994-5a30-a16c-9632f1665825,7e073fb9-e2fd-5754-8278-c612e66af27a,70e65636-5347-5d9d-bfcb-bfd229d62a05,KDP260019,566601fc-351e-5eae-aa2b-f7d3f8d1873e,SST,47.13,47,E,complete
15c9e979-0994-5a30-a16c-9632f1665825,7e073fb9-e2fd-5754-8278-c612e66af27a,70e65636-5347-5d9d-bfcb-bfd229d62a05,KDP260019,f39a477a-be4c-50f4-b259-cdf650a2af6d,RME,60.67,61,C,complete
15c9e979-0994-5a30-a16c-9632f1665825,7e073fb9-e2fd-5754-8278-c612e66af27a,70e65636-5347-5d9d-bfcb-bfd229d62a05,KDP260019,558e743d-5448-5d14-80fd-478ff53a3176,PEA,63.40,63,C,complete
15c9e979-0994-5a30-a16c-9632f1665825,7e073fb9-e2fd-5754-8278-c612e66af27a,70e65636-5347-5d9d-bfcb-bfd229d62a05,KDP260019,5795804f-1e50-5da4-bb51-1dcddfa1b3a3,ICT,52.93,53,D,complete
15c9e979-0994-5a30-a16c-9632f1665825,7e073fb9-e2fd-5754-8278-c612e66af27a,4548863c-08be-52e9-9722-e77e9efd1a95,KDP260020,fa39a5ce-8d74-50ab-b051-c55c54293f53,ENG,56.47,56,D,complete
15c9e979-0994-5a30-a16c-9632f1665825,7e073fb9-e2fd-5754-8278-c612e66af27a,4548863c-08be-52e9-9722-e77e9efd1a95,KDP260020,8787fb2c-3aab-595f-bae2-94c171200a2a,SHO,56.60,57,D,complete
15c9e979-0994-5a30-a16c-9632f1665825,7e073fb9-e2fd-5754-8278-c612e66af27a,4548863c-08be-52e9-9722-e77e9efd1a95,KDP260020,90a139c0-d617-5f8d-85fb-3200edf40e5b,MATH,56.93,57,D,complete
15c9e979-0994-5a30-a16c-9632f1665825,7e073fb9-e2fd-5754-8278-c612e66af27a,4548863c-08be-52e9-9722-e77e9efd1a95,KDP260020,a262b708-3da5-51e0-bbdb-8c22497ad608,SCT,47.40,47,E,complete
15c9e979-0994-5a30-a16c-9632f1665825,7e073fb9-e2fd-5754-8278-c612e66af27a,4548863c-08be-52e9-9722-e77e9efd1a95,KDP260020,566601fc-351e-5eae-aa2b-f7d3f8d1873e,SST,42.80,43,E,complete
15c9e979-0994-5a30-a16c-9632f1665825,7e073fb9-e2fd-5754-8278-c612e66af27a,4548863c-08be-52e9-9722-e77e9efd1a95,KDP260020,f39a477a-be4c-50f4-b259-cdf650a2af6d,RME,66.07,66,C,complete
15c9e979-0994-5a30-a16c-9632f1665825,7e073fb9-e2fd-5754-8278-c612e66af27a,4548863c-08be-52e9-9722-e77e9efd1a95,KDP260020,558e743d-5448-5d14-80fd-478ff53a3176,PEA,69.00,69,C,complete
15c9e979-0994-5a30-a16c-9632f1665825,7e073fb9-e2fd-5754-8278-c612e66af27a,4548863c-08be-52e9-9722-e77e9efd1a95,KDP260020,5795804f-1e50-5da4-bb51-1dcddfa1b3a3,ICT,71.20,71,B,complete
15c9e979-0994-5a30-a16c-9632f1665825,ad40c6fa-e485-5fcb-9286-7d364baa3a6b,4039fe24-0627-5ba4-a42f-6a9953a9795f,KDP260021,99038a6a-9e85-5c68-829f-98814dad8b77,ENG,38.87,39,U,complete
15c9e979-0994-5a30-a16c-9632f1665825,ad40c6fa-e485-5fcb-9286-7d364baa3a6b,4039fe24-0627-5ba4-a42f-6a9953a9795f,KDP260021,101b0203-b079-5ee3-95e7-25da006a3491,SHO,46.73,47,E,complete
15c9e979-0994-5a30-a16c-9632f1665825,ad40c6fa-e485-5fcb-9286-7d364baa3a6b,4039fe24-0627-5ba4-a42f-6a9953a9795f,KDP260021,1d420eab-2eec-5e74-91cb-ad930f72a00f,MATH,49.33,49,E,complete
15c9e979-0994-5a30-a16c-9632f1665825,ad40c6fa-e485-5fcb-9286-7d364baa3a6b,4039fe24-0627-5ba4-a42f-6a9953a9795f,KDP260021,c386056b-325c-5d42-8020-fefeb12d171f,SCT,66.00,66,C,complete
15c9e979-0994-5a30-a16c-9632f1665825,ad40c6fa-e485-5fcb-9286-7d364baa3a6b,4039fe24-0627-5ba4-a42f-6a9953a9795f,KDP260021,2921ed77-fb18-5175-acb6-fa1ed8c43fd3,SST,52.33,52,D,complete
15c9e979-0994-5a30-a16c-9632f1665825,ad40c6fa-e485-5fcb-9286-7d364baa3a6b,4039fe24-0627-5ba4-a42f-6a9953a9795f,KDP260021,b2c36b14-f823-5052-8a49-d8c5f0af5b35,RME,64.33,64,C,complete
15c9e979-0994-5a30-a16c-9632f1665825,ad40c6fa-e485-5fcb-9286-7d364baa3a6b,4039fe24-0627-5ba4-a42f-6a9953a9795f,KDP260021,9699d79f-db80-5ee0-ad13-858a163057f1,PEA,54.13,54,D,complete
15c9e979-0994-5a30-a16c-9632f1665825,ad40c6fa-e485-5fcb-9286-7d364baa3a6b,4039fe24-0627-5ba4-a42f-6a9953a9795f,KDP260021,86ec4194-a816-5cb4-9869-a10b54d1c75d,ICT,46.27,46,E,complete
15c9e979-0994-5a30-a16c-9632f1665825,ad40c6fa-e485-5fcb-9286-7d364baa3a6b,456c9418-8ef7-5122-b7d5-3a0578e77948,KDP260022,99038a6a-9e85-5c68-829f-98814dad8b77,ENG,68.53,69,C,complete
15c9e979-0994-5a30-a16c-9632f1665825,ad40c6fa-e485-5fcb-9286-7d364baa3a6b,456c9418-8ef7-5122-b7d5-3a0578e77948,KDP260022,101b0203-b079-5ee3-95e7-25da006a3491,SHO,70.13,70,B,complete
15c9e979-0994-5a30-a16c-9632f1665825,ad40c6fa-e485-5fcb-9286-7d364baa3a6b,456c9418-8ef7-5122-b7d5-3a0578e77948,KDP260022,1d420eab-2eec-5e74-91cb-ad930f72a00f,MATH,59.00,59,D,complete
15c9e979-0994-5a30-a16c-9632f1665825,ad40c6fa-e485-5fcb-9286-7d364baa3a6b,456c9418-8ef7-5122-b7d5-3a0578e77948,KDP260022,c386056b-325c-5d42-8020-fefeb12d171f,SCT,56.07,56,D,complete
15c9e979-0994-5a30-a16c-9632f1665825,ad40c6fa-e485-5fcb-9286-7d364baa3a6b,456c9418-8ef7-5122-b7d5-3a0578e77948,KDP260022,2921ed77-fb18-5175-acb6-fa1ed8c43fd3,SST,64.73,65,C,complete
15c9e979-0994-5a30-a16c-9632f1665825,ad40c6fa-e485-5fcb-9286-7d364baa3a6b,456c9418-8ef7-5122-b7d5-3a0578e77948,KDP260022,b2c36b14-f823-5052-8a49-d8c5f0af5b35,RME,49.07,49,E,complete
15c9e979-0994-5a30-a16c-9632f1665825,ad40c6fa-e485-5fcb-9286-7d364baa3a6b,456c9418-8ef7-5122-b7d5-3a0578e77948,KDP260022,9699d79f-db80-5ee0-ad13-858a163057f1,PEA,65.07,65,C,complete
15c9e979-0994-5a30-a16c-9632f1665825,ad40c6fa-e485-5fcb-9286-7d364baa3a6b,456c9418-8ef7-5122-b7d5-3a0578e77948,KDP260022,86ec4194-a816-5cb4-9869-a10b54d1c75d,ICT,71.07,71,B,complete
15c9e979-0994-5a30-a16c-9632f1665825,ad40c6fa-e485-5fcb-9286-7d364baa3a6b,51555871-ebcd-50a0-bc8d-78efff56c195,KDP260023,99038a6a-9e85-5c68-829f-98814dad8b77,ENG,56.40,56,D,complete
15c9e979-0994-5a30-a16c-9632f1665825,ad40c6fa-e485-5fcb-9286-7d364baa3a6b,51555871-ebcd-50a0-bc8d-78efff56c195,KDP260023,101b0203-b079-5ee3-95e7-25da006a3491,SHO,61.60,62,C,complete
15c9e979-0994-5a30-a16c-9632f1665825,ad40c6fa-e485-5fcb-9286-7d364baa3a6b,51555871-ebcd-50a0-bc8d-78efff56c195,KDP260023,1d420eab-2eec-5e74-91cb-ad930f72a00f,MATH,66.93,67,C,complete
15c9e979-0994-5a30-a16c-9632f1665825,ad40c6fa-e485-5fcb-9286-7d364baa3a6b,51555871-ebcd-50a0-bc8d-78efff56c195,KDP260023,c386056b-325c-5d42-8020-fefeb12d171f,SCT,63.53,64,C,complete
15c9e979-0994-5a30-a16c-9632f1665825,ad40c6fa-e485-5fcb-9286-7d364baa3a6b,51555871-ebcd-50a0-bc8d-78efff56c195,KDP260023,2921ed77-fb18-5175-acb6-fa1ed8c43fd3,SST,73.60,74,B,complete
15c9e979-0994-5a30-a16c-9632f1665825,ad40c6fa-e485-5fcb-9286-7d364baa3a6b,51555871-ebcd-50a0-bc8d-78efff56c195,KDP260023,b2c36b14-f823-5052-8a49-d8c5f0af5b35,RME,72.53,73,B,complete
15c9e979-0994-5a30-a16c-9632f1665825,ad40c6fa-e485-5fcb-9286-7d364baa3a6b,51555871-ebcd-50a0-bc8d-78efff56c195,KDP260023,9699d79f-db80-5ee0-ad13-858a163057f1,PEA,66.73,67,C,complete
15c9e979-0994-5a30-a16c-9632f1665825,ad40c6fa-e485-5fcb-9286-7d364baa3a6b,51555871-ebcd-50a0-bc8d-78efff56c195,KDP260023,86ec4194-a816-5cb4-9869-a10b54d1c75d,ICT,70.73,71,B,complete
15c9e979-0994-5a30-a16c-9632f1665825,ad40c6fa-e485-5fcb-9286-7d364baa3a6b,aac782a0-2cca-5aa4-8336-9783140f5163,KDP260024,99038a6a-9e85-5c68-829f-98814dad8b77,ENG,55.33,55,D,complete
15c9e979-0994-5a30-a16c-9632f1665825,ad40c6fa-e485-5fcb-9286-7d364baa3a6b,aac782a0-2cca-5aa4-8336-9783140f5163,KDP260024,101b0203-b079-5ee3-95e7-25da006a3491,SHO,57.00,57,D,complete
15c9e979-0994-5a30-a16c-9632f1665825,ad40c6fa-e485-5fcb-9286-7d364baa3a6b,aac782a0-2cca-5aa4-8336-9783140f5163,KDP260024,1d420eab-2eec-5e74-91cb-ad930f72a00f,MATH,49.47,49,E,complete
15c9e979-0994-5a30-a16c-9632f1665825,ad40c6fa-e485-5fcb-9286-7d364baa3a6b,aac782a0-2cca-5aa4-8336-9783140f5163,KDP260024,c386056b-325c-5d42-8020-fefeb12d171f,SCT,55.47,55,D,complete
15c9e979-0994-5a30-a16c-9632f1665825,ad40c6fa-e485-5fcb-9286-7d364baa3a6b,aac782a0-2cca-5aa4-8336-9783140f5163,KDP260024,2921ed77-fb18-5175-acb6-fa1ed8c43fd3,SST,67.73,68,C,complete
15c9e979-0994-5a30-a16c-9632f1665825,ad40c6fa-e485-5fcb-9286-7d364baa3a6b,aac782a0-2cca-5aa4-8336-9783140f5163,KDP260024,b2c36b14-f823-5052-8a49-d8c5f0af5b35,RME,57.87,58,D,complete
15c9e979-0994-5a30-a16c-9632f1665825,ad40c6fa-e485-5fcb-9286-7d364baa3a6b,aac782a0-2cca-5aa4-8336-9783140f5163,KDP260024,9699d79f-db80-5ee0-ad13-858a163057f1,PEA,57.53,58,D,complete
15c9e979-0994-5a30-a16c-9632f1665825,ad40c6fa-e485-5fcb-9286-7d364baa3a6b,aac782a0-2cca-5aa4-8336-9783140f5163,KDP260024,86ec4194-a816-5cb4-9869-a10b54d1c75d,ICT,50.67,51,D,complete
15c9e979-0994-5a30-a16c-9632f1665825,ad40c6fa-e485-5fcb-9286-7d364baa3a6b,33d875fd-1aaa-565b-8be3-7f887fe292da,KDP260025,99038a6a-9e85-5c68-829f-98814dad8b77,ENG,35.60,36,U,complete
15c9e979-0994-5a30-a16c-9632f1665825,ad40c6fa-e485-5fcb-9286-7d364baa3a6b,33d875fd-1aaa-565b-8be3-7f887fe292da,KDP260025,101b0203-b079-5ee3-95e7-25da006a3491,SHO,16.13,16,U,complete
15c9e979-0994-5a30-a16c-9632f1665825,ad40c6fa-e485-5fcb-9286-7d364baa3a6b,33d875fd-1aaa-565b-8be3-7f887fe292da,KDP260025,1d420eab-2eec-5e74-91cb-ad930f72a00f,MATH,31.87,32,U,complete
15c9e979-0994-5a30-a16c-9632f1665825,ad40c6fa-e485-5fcb-9286-7d364baa3a6b,33d875fd-1aaa-565b-8be3-7f887fe292da,KDP260025,c386056b-325c-5d42-8020-fefeb12d171f,SCT,22.53,23,U,complete
15c9e979-0994-5a30-a16c-9632f1665825,ad40c6fa-e485-5fcb-9286-7d364baa3a6b,33d875fd-1aaa-565b-8be3-7f887fe292da,KDP260025,2921ed77-fb18-5175-acb6-fa1ed8c43fd3,SST,30.00,30,U,complete
15c9e979-0994-5a30-a16c-9632f1665825,ad40c6fa-e485-5fcb-9286-7d364baa3a6b,33d875fd-1aaa-565b-8be3-7f887fe292da,KDP260025,b2c36b14-f823-5052-8a49-d8c5f0af5b35,RME,28.60,29,U,complete
15c9e979-0994-5a30-a16c-9632f1665825,ad40c6fa-e485-5fcb-9286-7d364baa3a6b,33d875fd-1aaa-565b-8be3-7f887fe292da,KDP260025,9699d79f-db80-5ee0-ad13-858a163057f1,PEA,22.33,22,U,complete
15c9e979-0994-5a30-a16c-9632f1665825,ad40c6fa-e485-5fcb-9286-7d364baa3a6b,33d875fd-1aaa-565b-8be3-7f887fe292da,KDP260025,86ec4194-a816-5cb4-9869-a10b54d1c75d,ICT,28.67,29,U,complete
15c9e979-0994-5a30-a16c-9632f1665825,ad40c6fa-e485-5fcb-9286-7d364baa3a6b,28df7936-e738-5065-ae0d-8b2607b2a935,KDP260026,99038a6a-9e85-5c68-829f-98814dad8b77,ENG,72.93,73,B,complete
15c9e979-0994-5a30-a16c-9632f1665825,ad40c6fa-e485-5fcb-9286-7d364baa3a6b,28df7936-e738-5065-ae0d-8b2607b2a935,KDP260026,101b0203-b079-5ee3-95e7-25da006a3491,SHO,82.47,82,A,complete
15c9e979-0994-5a30-a16c-9632f1665825,ad40c6fa-e485-5fcb-9286-7d364baa3a6b,28df7936-e738-5065-ae0d-8b2607b2a935,KDP260026,1d420eab-2eec-5e74-91cb-ad930f72a00f,MATH,76.40,76,B,complete
15c9e979-0994-5a30-a16c-9632f1665825,ad40c6fa-e485-5fcb-9286-7d364baa3a6b,28df7936-e738-5065-ae0d-8b2607b2a935,KDP260026,c386056b-325c-5d42-8020-fefeb12d171f,SCT,87.67,88,A,complete
15c9e979-0994-5a30-a16c-9632f1665825,ad40c6fa-e485-5fcb-9286-7d364baa3a6b,28df7936-e738-5065-ae0d-8b2607b2a935,KDP260026,2921ed77-fb18-5175-acb6-fa1ed8c43fd3,SST,85.00,85,A,complete
15c9e979-0994-5a30-a16c-9632f1665825,ad40c6fa-e485-5fcb-9286-7d364baa3a6b,28df7936-e738-5065-ae0d-8b2607b2a935,KDP260026,b2c36b14-f823-5052-8a49-d8c5f0af5b35,RME,67.33,67,C,complete
15c9e979-0994-5a30-a16c-9632f1665825,ad40c6fa-e485-5fcb-9286-7d364baa3a6b,28df7936-e738-5065-ae0d-8b2607b2a935,KDP260026,9699d79f-db80-5ee0-ad13-858a163057f1,PEA,78.93,79,B,complete
15c9e979-0994-5a30-a16c-9632f1665825,ad40c6fa-e485-5fcb-9286-7d364baa3a6b,28df7936-e738-5065-ae0d-8b2607b2a935,KDP260026,86ec4194-a816-5cb4-9869-a10b54d1c75d,ICT,81.00,81,A,complete
15c9e979-0994-5a30-a16c-9632f1665825,ad40c6fa-e485-5fcb-9286-7d364baa3a6b,37400182-0950-59ab-9b16-a86cef2a6731,KDP260027,99038a6a-9e85-5c68-829f-98814dad8b77,ENG,79.87,80,A,complete
15c9e979-0994-5a30-a16c-9632f1665825,ad40c6fa-e485-5fcb-9286-7d364baa3a6b,37400182-0950-59ab-9b16-a86cef2a6731,KDP260027,101b0203-b079-5ee3-95e7-25da006a3491,SHO,56.47,56,D,complete
15c9e979-0994-5a30-a16c-9632f1665825,ad40c6fa-e485-5fcb-9286-7d364baa3a6b,37400182-0950-59ab-9b16-a86cef2a6731,KDP260027,1d420eab-2eec-5e74-91cb-ad930f72a00f,MATH,69.93,70,B,complete
15c9e979-0994-5a30-a16c-9632f1665825,ad40c6fa-e485-5fcb-9286-7d364baa3a6b,37400182-0950-59ab-9b16-a86cef2a6731,KDP260027,c386056b-325c-5d42-8020-fefeb12d171f,SCT,64.20,64,C,complete
15c9e979-0994-5a30-a16c-9632f1665825,ad40c6fa-e485-5fcb-9286-7d364baa3a6b,37400182-0950-59ab-9b16-a86cef2a6731,KDP260027,2921ed77-fb18-5175-acb6-fa1ed8c43fd3,SST,70.47,70,B,complete
15c9e979-0994-5a30-a16c-9632f1665825,ad40c6fa-e485-5fcb-9286-7d364baa3a6b,37400182-0950-59ab-9b16-a86cef2a6731,KDP260027,b2c36b14-f823-5052-8a49-d8c5f0af5b35,RME,83.27,83,A,complete
15c9e979-0994-5a30-a16c-9632f1665825,ad40c6fa-e485-5fcb-9286-7d364baa3a6b,37400182-0950-59ab-9b16-a86cef2a6731,KDP260027,9699d79f-db80-5ee0-ad13-858a163057f1,PEA,67.47,67,C,complete
15c9e979-0994-5a30-a16c-9632f1665825,ad40c6fa-e485-5fcb-9286-7d364baa3a6b,37400182-0950-59ab-9b16-a86cef2a6731,KDP260027,86ec4194-a816-5cb4-9869-a10b54d1c75d,ICT,73.00,73,B,complete
15c9e979-0994-5a30-a16c-9632f1665825,ad40c6fa-e485-5fcb-9286-7d364baa3a6b,6f72004b-8250-5e3a-9466-d8552a1dab2e,KDP260028,99038a6a-9e85-5c68-829f-98814dad8b77,ENG,62.47,62,C,complete
15c9e979-0994-5a30-a16c-9632f1665825,ad40c6fa-e485-5fcb-9286-7d364baa3a6b,6f72004b-8250-5e3a-9466-d8552a1dab2e,KDP260028,101b0203-b079-5ee3-95e7-25da006a3491,SHO,52.07,52,D,complete
15c9e979-0994-5a30-a16c-9632f1665825,ad40c6fa-e485-5fcb-9286-7d364baa3a6b,6f72004b-8250-5e3a-9466-d8552a1dab2e,KDP260028,1d420eab-2eec-5e74-91cb-ad930f72a00f,MATH,58.27,58,D,complete
15c9e979-0994-5a30-a16c-9632f1665825,ad40c6fa-e485-5fcb-9286-7d364baa3a6b,6f72004b-8250-5e3a-9466-d8552a1dab2e,KDP260028,c386056b-325c-5d42-8020-fefeb12d171f,SCT,51.73,52,D,complete
15c9e979-0994-5a30-a16c-9632f1665825,ad40c6fa-e485-5fcb-9286-7d364baa3a6b,6f72004b-8250-5e3a-9466-d8552a1dab2e,KDP260028,2921ed77-fb18-5175-acb6-fa1ed8c43fd3,SST,67.00,67,C,complete
15c9e979-0994-5a30-a16c-9632f1665825,ad40c6fa-e485-5fcb-9286-7d364baa3a6b,6f72004b-8250-5e3a-9466-d8552a1dab2e,KDP260028,b2c36b14-f823-5052-8a49-d8c5f0af5b35,RME,55.53,56,D,complete
15c9e979-0994-5a30-a16c-9632f1665825,ad40c6fa-e485-5fcb-9286-7d364baa3a6b,6f72004b-8250-5e3a-9466-d8552a1dab2e,KDP260028,9699d79f-db80-5ee0-ad13-858a163057f1,PEA,58.73,59,D,complete
15c9e979-0994-5a30-a16c-9632f1665825,ad40c6fa-e485-5fcb-9286-7d364baa3a6b,6f72004b-8250-5e3a-9466-d8552a1dab2e,KDP260028,86ec4194-a816-5cb4-9869-a10b54d1c75d,ICT,53.60,54,D,complete
15c9e979-0994-5a30-a16c-9632f1665825,ad40c6fa-e485-5fcb-9286-7d364baa3a6b,0dfe39a1-a303-5151-a1cc-3dcb4d78052b,KDP260029,99038a6a-9e85-5c68-829f-98814dad8b77,ENG,53.33,53,D,complete
15c9e979-0994-5a30-a16c-9632f1665825,ad40c6fa-e485-5fcb-9286-7d364baa3a6b,0dfe39a1-a303-5151-a1cc-3dcb4d78052b,KDP260029,101b0203-b079-5ee3-95e7-25da006a3491,SHO,40.53,41,E,complete
15c9e979-0994-5a30-a16c-9632f1665825,ad40c6fa-e485-5fcb-9286-7d364baa3a6b,0dfe39a1-a303-5151-a1cc-3dcb4d78052b,KDP260029,1d420eab-2eec-5e74-91cb-ad930f72a00f,MATH,39.33,39,U,complete
15c9e979-0994-5a30-a16c-9632f1665825,ad40c6fa-e485-5fcb-9286-7d364baa3a6b,0dfe39a1-a303-5151-a1cc-3dcb4d78052b,KDP260029,c386056b-325c-5d42-8020-fefeb12d171f,SCT,49.00,49,E,complete
15c9e979-0994-5a30-a16c-9632f1665825,ad40c6fa-e485-5fcb-9286-7d364baa3a6b,0dfe39a1-a303-5151-a1cc-3dcb4d78052b,KDP260029,2921ed77-fb18-5175-acb6-fa1ed8c43fd3,SST,51.60,52,D,complete
15c9e979-0994-5a30-a16c-9632f1665825,ad40c6fa-e485-5fcb-9286-7d364baa3a6b,0dfe39a1-a303-5151-a1cc-3dcb4d78052b,KDP260029,b2c36b14-f823-5052-8a49-d8c5f0af5b35,RME,36.67,37,U,complete
15c9e979-0994-5a30-a16c-9632f1665825,ad40c6fa-e485-5fcb-9286-7d364baa3a6b,0dfe39a1-a303-5151-a1cc-3dcb4d78052b,KDP260029,9699d79f-db80-5ee0-ad13-858a163057f1,PEA,41.67,42,E,complete
15c9e979-0994-5a30-a16c-9632f1665825,ad40c6fa-e485-5fcb-9286-7d364baa3a6b,0dfe39a1-a303-5151-a1cc-3dcb4d78052b,KDP260029,86ec4194-a816-5cb4-9869-a10b54d1c75d,ICT,59.33,59,D,complete
15c9e979-0994-5a30-a16c-9632f1665825,ad40c6fa-e485-5fcb-9286-7d364baa3a6b,9f4d81af-740a-5a3e-895c-cfa5007043cd,KDP260030,99038a6a-9e85-5c68-829f-98814dad8b77,ENG,78.20,78,B,complete
15c9e979-0994-5a30-a16c-9632f1665825,ad40c6fa-e485-5fcb-9286-7d364baa3a6b,9f4d81af-740a-5a3e-895c-cfa5007043cd,KDP260030,101b0203-b079-5ee3-95e7-25da006a3491,SHO,57.73,58,D,complete
15c9e979-0994-5a30-a16c-9632f1665825,ad40c6fa-e485-5fcb-9286-7d364baa3a6b,9f4d81af-740a-5a3e-895c-cfa5007043cd,KDP260030,1d420eab-2eec-5e74-91cb-ad930f72a00f,MATH,70.07,70,B,complete
15c9e979-0994-5a30-a16c-9632f1665825,ad40c6fa-e485-5fcb-9286-7d364baa3a6b,9f4d81af-740a-5a3e-895c-cfa5007043cd,KDP260030,c386056b-325c-5d42-8020-fefeb12d171f,SCT,55.87,56,D,complete
15c9e979-0994-5a30-a16c-9632f1665825,ad40c6fa-e485-5fcb-9286-7d364baa3a6b,9f4d81af-740a-5a3e-895c-cfa5007043cd,KDP260030,2921ed77-fb18-5175-acb6-fa1ed8c43fd3,SST,59.07,59,D,complete
15c9e979-0994-5a30-a16c-9632f1665825,ad40c6fa-e485-5fcb-9286-7d364baa3a6b,9f4d81af-740a-5a3e-895c-cfa5007043cd,KDP260030,b2c36b14-f823-5052-8a49-d8c5f0af5b35,RME,70.93,71,B,complete
15c9e979-0994-5a30-a16c-9632f1665825,ad40c6fa-e485-5fcb-9286-7d364baa3a6b,9f4d81af-740a-5a3e-895c-cfa5007043cd,KDP260030,9699d79f-db80-5ee0-ad13-858a163057f1,PEA,82.13,82,A,complete
15c9e979-0994-5a30-a16c-9632f1665825,ad40c6fa-e485-5fcb-9286-7d364baa3a6b,9f4d81af-740a-5a3e-895c-cfa5007043cd,KDP260030,86ec4194-a816-5cb4-9869-a10b54d1c75d,ICT,65.07,65,C,complete
