id,school_id,scale_id,grade,min_mark,max_mark,remark,sort_order
5c3afa5d-3987-5064-bc3f-9423d9712be9,9341cf1e-f77b-5e4a-abbe-6a72f8c4a2fa,f0c579ea-7586-5043-b29a-5ab4b9789cb2,A,70,100,,1
ce275826-00fd-5fb5-bd31-34bfe6612176,9341cf1e-f77b-5e4a-abbe-6a72f8c4a2fa,f0c579ea-7586-5043-b29a-5ab4b9789cb2,B,60,69,,2
857a2ea6-c2fc-5370-8729-213fe361cd35,9341cf1e-f77b-5e4a-abbe-6a72f8c4a2fa,f0c579ea-7586-5043-b29a-5ab4b9789cb2,C,50,59,,3
9bf642f4-9c5c-5e84-bb49-5bef61652724,9341cf1e-f77b-5e4a-abbe-6a72f8c4a2fa,f0c579ea-7586-5043-b29a-5ab4b9789cb2,D,45,49,,4
90608b62-8cbf-51a2-88d8-e06db8295087,9341cf1e-f77b-5e4a-abbe-6a72f8c4a2fa,f0c579ea-7586-5043-b29a-5ab4b9789cb2,E,40,44,,5
8f75ff47-ecd3-5a45-a99e-6d77061d4715,9341cf1e-f77b-5e4a-abbe-6a72f8c4a2fa,f0c579ea-7586-5043-b29a-5ab4b9789cb2,U,0,39,,6
10968101-c8b7-5a30-b404-d4e12e956553,f2856ae5-c561-5f69-8db8-0495481bb2b0,7eccd8f8-7940-5687-882d-cec5f3d05091,A,80,100,Excellent,1
c11d6f02-47e3-50b6-ba33-8bf83e4d6f59,f2856ae5-c561-5f69-8db8-0495481bb2b0,7eccd8f8-7940-5687-882d-cec5f3d05091,B,70,79,Very good,2
3b260638-a5f7-54be-8525-2476d9002230,f2856ae5-c561-5f69-8db8-0495481bb2b0,7eccd8f8-7940-5687-882d-cec5f3d05091,C,60,69,Good,3
34e1c99d-4a79-547b-af78-200642b399e2,f2856ae5-c561-5f69-8db8-0495481bb2b0,7eccd8f8-7940-5687-882d-cec5f3d05091,D,50,59,Satisfactory,4
17e8d09c-4c4a-5ded-b63a-681405dd9207,f2856ae5-c561-5f69-8db8-0495481bb2b0,7eccd8f8-7940-5687-882d-cec5f3d05091,E,40,49,Needs improvement,5
e7296b19-cedb-500a-bae4-606b021b1594,f2856ae5-c561-5f69-8db8-0495481bb2b0,7eccd8f8-7940-5687-882d-cec5f3d05091,U,0,39,Not yet achieved,6
