id,school_id,full_name,phone,email,user_id
c3be067e-223a-592d-af84-63890b559f03,9341cf1e-f77b-5e4a-abbe-6a72f8c4a2fa,Tawanda Kanyemba,0770100001,,152f836f-b5ce-59e6-9caf-6312cb97cd25
dbc27daa-97d1-573d-a3b0-b3b0a5e5dee7,9341cf1e-f77b-5e4a-abbe-6a72f8c4a2fa,Ruvimbo Chivasa,0770100002,,
7a100daf-0f52-519e-aa97-e7eaab54dffe,9341cf1e-f77b-5e4a-abbe-6a72f8c4a2fa,Shamiso Gwara,0770100003,,
f0ca1368-4c17-5078-aebb-794b609f5616,9341cf1e-f77b-5e4a-abbe-6a72f8c4a2fa,Rutendo Manyika,0770100004,,
fe3ea7fa-a8fd-51ba-80d2-ab5757159f3e,9341cf1e-f77b-5e4a-abbe-6a72f8c4a2fa,Tadiwa Mutsvangwa,0770100005,,
59c90ccb-3077-51ea-80c6-74d5f2936296,9341cf1e-f77b-5e4a-abbe-6a72f8c4a2fa,Ropafadzo Masuku,0770100006,,1af0d8fe-5129-5e02-baa7-e1e2a4c22fa9
7e634cf9-6008-518f-9b55-46e73e879e68,9341cf1e-f77b-5e4a-abbe-6a72f8c4a2fa,Rutendo Rusike,0770100007,rutendo.rusike@example.test,
c88b2a3f-3238-5271-99d2-c664e89bab26,9341cf1e-f77b-5e4a-abbe-6a72f8c4a2fa,Nokutenda Chitiyo,0770100008,,
b59b302e-f5fd-551d-8a88-e01f986dc28e,9341cf1e-f77b-5e4a-abbe-6a72f8c4a2fa,Sharon Zhou,0770100009,sharon.zhou@example.test,
17d76b93-a756-5fdf-8c81-85253698419f,9341cf1e-f77b-5e4a-abbe-6a72f8c4a2fa,Ropafadzo Mhlanga,0770100010,ropafadzo.mhlanga@example.test,
aaf5d3de-3080-5daa-9cea-9076149b1534,9341cf1e-f77b-5e4a-abbe-6a72f8c4a2fa,Tanaka Mpofu,0770100011,,
e2f9f94a-642a-530c-af87-aa95cc2d0f61,9341cf1e-f77b-5e4a-abbe-6a72f8c4a2fa,Wallace Mavhunga,0770100012,wallace.mavhunga@example.test,
933d47fc-ece8-5dcb-868b-22b82a5e37b4,9341cf1e-f77b-5e4a-abbe-6a72f8c4a2fa,Sharon Nyathi,0770100013,,
bd1d6f7f-01a6-5be9-af27-0e1b4c8bc742,9341cf1e-f77b-5e4a-abbe-6a72f8c4a2fa,Wallace Mahachi,0770100014,,
e64a8ecd-1f12-51fd-ac2b-cdfe7310dba7,9341cf1e-f77b-5e4a-abbe-6a72f8c4a2fa,Mufaro Bvute,0770100015,,
ecd543d9-5e2a-5b4d-9a20-178c4bd5800f,9341cf1e-f77b-5e4a-abbe-6a72f8c4a2fa,Bertha Khumalo,0770100016,,
91f70fde-4737-562f-a742-846704845ac2,9341cf1e-f77b-5e4a-abbe-6a72f8c4a2fa,Tinashe Mashiri,0770100017,,
318d29e5-8c32-5b0c-9fe8-7fb71671ec95,9341cf1e-f77b-5e4a-abbe-6a72f8c4a2fa,Tsitsi Nhamo,0770100018,,
a7f036dd-1acd-5941-9e0d-7bcd9591dd0e,9341cf1e-f77b-5e4a-abbe-6a72f8c4a2fa,Prince Mushonga,0770100019,,
068c2603-e0c1-5cfa-8353-e8a0a022a1d5,9341cf1e-f77b-5e4a-abbe-6a72f8c4a2fa,Natasha Maposa,0770100020,,
beaa7a37-08e0-5471-98d7-374a1b8d0c4c,9341cf1e-f77b-5e4a-abbe-6a72f8c4a2fa,Kudakwashe Hove,0770100021,,
92fff807-151c-5002-98b6-cb16b359f1c4,9341cf1e-f77b-5e4a-abbe-6a72f8c4a2fa,Mufaro Zulu,0770100022,mufaro.zulu@example.test,
ab68d635-2cd1-5d0c-b120-4a72354022f4,9341cf1e-f77b-5e4a-abbe-6a72f8c4a2fa,Lindiwe Sithole,0770100023,,
f9f70cd5-f79c-53b5-9e30-b3cc693ea253,9341cf1e-f77b-5e4a-abbe-6a72f8c4a2fa,Nokutenda Mutema,0770100024,,
cb50cba8-208c-52ee-a97e-c075448f6d4f,9341cf1e-f77b-5e4a-abbe-6a72f8c4a2fa,Lindiwe Musarurwa,0770100025,,
0cff5f4c-59ec-50cd-b043-0d79c794927e,f2856ae5-c561-5f69-8db8-0495481bb2b0,Tinashe Tagwireyi,0770200001,,d8214582-dda2-53cf-a29d-9d5692765ad3
ccd2b235-1eda-595c-a3f9-546ed035a0a9,f2856ae5-c561-5f69-8db8-0495481bb2b0,Sharon Mukono,0770200002,,
66ad69bf-4b75-52d6-8118-8df8da659047,f2856ae5-c561-5f69-8db8-0495481bb2b0,Brandon Machingura,0770200003,,
38a09c45-a2be-5d26-8750-f05f3a75a1dd,f2856ae5-c561-5f69-8db8-0495481bb2b0,Rufaro Nyamande,0770200004,,
575b984b-eff8-55d7-a298-5245c793a489,f2856ae5-c561-5f69-8db8-0495481bb2b0,Vimbai Banda,0770200005,,
d6dcca84-16c6-5ab3-a8f0-c1dfe738169b,f2856ae5-c561-5f69-8db8-0495481bb2b0,Tariro Chipunza,0770200006,tariro.chipunza@example.test,799b3076-a365-5359-a017-91ff7af9a28d
6c8d524b-4c13-5e28-881c-2c071804a9cd,f2856ae5-c561-5f69-8db8-0495481bb2b0,Bertha Mandaza,0770200007,,
66832c8c-ac23-5cd0-8b3a-85fe33191099,f2856ae5-c561-5f69-8db8-0495481bb2b0,Anesu Mashingaidze,0770200008,anesu.mashingaidze@example.test,
d79fd12c-b0bc-5921-807f-e93b1ae9e1c8,f2856ae5-c561-5f69-8db8-0495481bb2b0,Leeroy Marufu,0770200009,,
24d733be-8874-500d-87d0-e34f6021b8d2,f2856ae5-c561-5f69-8db8-0495481bb2b0,Melody Makoni,0770200010,,
7fd9ea11-8890-5a96-9b12-887dfa747317,f2856ae5-c561-5f69-8db8-0495481bb2b0,Wallace Chinembiri,0770200011,,
268a88e0-f5cc-5893-b4c8-95487f0a414e,f2856ae5-c561-5f69-8db8-0495481bb2b0,Elton Madziva,0770200012,,
f4eba392-ea19-5461-8060-4d48a321d9bb,f2856ae5-c561-5f69-8db8-0495481bb2b0,Wallace Matsika,0770200013,,
5804d878-ef07-592f-9a20-06d348227733,f2856ae5-c561-5f69-8db8-0495481bb2b0,Munashe Zvobgo,0770200014,,
e6605eb7-d352-53b6-8b95-e3ccd520b412,f2856ae5-c561-5f69-8db8-0495481bb2b0,Tanaka Murwira,0770200015,,
428d33ff-15d7-5d2b-a7d8-7cb422d50b73,f2856ae5-c561-5f69-8db8-0495481bb2b0,Tariro Mangwende,0770200016,,
c6658dc8-6a29-5f2b-93a3-53012761c65f,f2856ae5-c561-5f69-8db8-0495481bb2b0,Denzel Chari,0770200017,,
061faaca-590b-503b-9f14-afd0a43c15c2,f2856ae5-c561-5f69-8db8-0495481bb2b0,Prince Mabika,0770200018,,
9423f61f-69cb-5dec-9cf9-81964773e29b,f2856ae5-c561-5f69-8db8-0495481bb2b0,Sharon Mazarura,0770200019,,
eaf22e12-132f-5407-b498-3733a2afecc1,f2856ae5-c561-5f69-8db8-0495481bb2b0,Leeroy Mawire,0770200020,leeroy.mawire@example.test,
fddd41c7-5407-513a-a058-5ffad95b29e1,f2856ae5-c561-5f69-8db8-0495481bb2b0,Tadiwa Muzenda,0770200021,,
e90d1209-8231-50e3-b429-94641e49cc33,f2856ae5-c561-5f69-8db8-0495481bb2b0,Natasha Chigumba,0770200022,,
fc26e7d8-bd7e-5bb2-9e48-5fad08315cfd,f2856ae5-c561-5f69-8db8-0495481bb2b0,Elton Mtetwa,0770200023,,
cc0d4dcb-3a8a-5c22-96fe-743b6c152bad,f2856ae5-c561-5f69-8db8-0495481bb2b0,Tafara Gombakomba,0770200024,,
b2121aed-0517-543d-abd9-97ccd994227a,f2856ae5-c561-5f69-8db8-0495481bb2b0,Precious Chidzikwe,0770200025,,
