id,school_id,guardian_id,learner_id,relationship,is_primary
e151e8d6-3a14-5be8-b24a-7383c5713b3f,9341cf1e-f77b-5e4a-abbe-6a72f8c4a2fa,c3be067e-223a-592d-af84-63890b559f03,97478224-2ce8-5b0f-88b4-b80d6635a840,father,true
0b858286-0963-512c-a090-d9252289d8c9,9341cf1e-f77b-5e4a-abbe-6a72f8c4a2fa,dbc27daa-97d1-573d-a3b0-b3b0a5e5dee7,2ebca35f-d7ff-55d4-9b85-323059655f50,guardian,true
c060d525-7549-557e-b9c5-cd7893ebce50,9341cf1e-f77b-5e4a-abbe-6a72f8c4a2fa,7a100daf-0f52-519e-aa97-e7eaab54dffe,eab5002a-1fb1-53ec-925f-bfd5f43fe335,mother,true
447f45aa-5708-5955-b27e-9798dd360e32,9341cf1e-f77b-5e4a-abbe-6a72f8c4a2fa,f0ca1368-4c17-5078-aebb-794b609f5616,7ea23e89-ac20-5e39-94e1-e863c6a9ba27,mother,true
1349fdf8-3733-50ec-bb39-1458af77f069,9341cf1e-f77b-5e4a-abbe-6a72f8c4a2fa,fe3ea7fa-a8fd-51ba-80d2-ab5757159f3e,dbebc2b2-6764-58fd-80dc-b6588fbad464,mother,true
2ff6e5e8-f818-5eb9-80ed-a408e4fe7972,9341cf1e-f77b-5e4a-abbe-6a72f8c4a2fa,59c90ccb-3077-51ea-80c6-74d5f2936296,ca6dd76b-33da-556b-9615-f93b85f1efe1,guardian,true
004b0b31-b48d-562c-b5b8-3f20cf4ef64b,9341cf1e-f77b-5e4a-abbe-6a72f8c4a2fa,7e634cf9-6008-518f-9b55-46e73e879e68,77e75cdf-7643-52d0-aebe-c795efc05464,guardian,true
1f4eb184-2b09-5d4a-bc8c-ab083fc16aa2,9341cf1e-f77b-5e4a-abbe-6a72f8c4a2fa,c88b2a3f-3238-5271-99d2-c664e89bab26,5df8830c-6f1b-5c79-a4ac-f4222d874e8d,guardian,true
0183a60d-f4c1-5738-8d4c-aecacb24ff04,9341cf1e-f77b-5e4a-abbe-6a72f8c4a2fa,b59b302e-f5fd-551d-8a88-e01f986dc28e,5de87ceb-d8f5-5701-aaae-4c3b67b4b7bd,guardian,true
f0227791-6c11-50f5-862e-4bcf149a5499,9341cf1e-f77b-5e4a-abbe-6a72f8c4a2fa,17d76b93-a756-5fdf-8c81-85253698419f,d1bb0099-5f95-5c87-937b-cbd5de5c5a54,mother,true
1bd2df92-8351-5e7c-b2ac-d16b65c7db29,9341cf1e-f77b-5e4a-abbe-6a72f8c4a2fa,aaf5d3de-3080-5daa-9cea-9076149b1534,e1027467-17ba-5894-9efc-dfedf58801ba,guardian,true
ab59566d-ea37-503d-8747-bc78b0f6be14,9341cf1e-f77b-5e4a-abbe-6a72f8c4a2fa,e2f9f94a-642a-530c-af87-aa95cc2d0f61,14cfd6cd-2dc6-555b-86dd-703559c66c3f,father,true
d72167ea-7a56-5437-a7c0-07c13ee35b36,9341cf1e-f77b-5e4a-abbe-6a72f8c4a2fa,933d47fc-ece8-5dcb-868b-22b82a5e37b4,39112046-6f6d-5006-957d-40f8b65d2715,mother,true
72d5b0ae-0eab-5bd3-a264-165394dea18d,9341cf1e-f77b-5e4a-abbe-6a72f8c4a2fa,bd1d6f7f-01a6-5be9-af27-0e1b4c8bc742,db0c6dea-4a6c-5e72-87e1-2739346e0cf7,father,true
a1530c64-c563-5a56-a137-7b478e682b60,9341cf1e-f77b-5e4a-abbe-6a72f8c4a2fa,e64a8ecd-1f12-51fd-ac2b-cdfe7310dba7,be9f5256-4443-59ef-8a8f-d0d1ff1d32f7,father,true
3729a9e8-abe7-562f-87a7-9c8b6f0ff432,9341cf1e-f77b-5e4a-abbe-6a72f8c4a2fa,ecd543d9-5e2a-5b4d-9a20-178c4bd5800f,ff780bbc-88d2-59f5-91f1-c4402001f8ea,mother,true
a109e10b-e883-52ec-97b9-13709fcbfdd3,9341cf1e-f77b-5e4a-abbe-6a72f8c4a2fa,91f70fde-4737-562f-a742-846704845ac2,63418809-71aa-552c-80e7-489de8375e8d,father,true
1714f503-b5eb-5dbb-8fe6-87f815d1c226,9341cf1e-f77b-5e4a-abbe-6a72f8c4a2fa,318d29e5-8c32-5b0c-9fe8-7fb71671ec95,0372bcdc-37da-5211-b85c-9306c59189ce,mother,true
46f3871e-b5b1-5644-9fee-73123d58ec05,9341cf1e-f77b-5e4a-abbe-6a72f8c4a2fa,a7f036dd-1acd-5941-9e0d-7bcd9591dd0e,d69fc09a-bddb-5cd5-93b9-1777c2f9995b,father,true
d8453a7e-7307-5986-b17b-383964c21680,9341cf1e-f77b-5e4a-abbe-6a72f8c4a2fa,068c2603-e0c1-5cfa-8353-e8a0a022a1d5,bd298c72-8451-5849-a031-8d526e579bf5,guardian,true
b38a343b-20ec-5954-a784-0b7a4d2f1be8,9341cf1e-f77b-5e4a-abbe-6a72f8c4a2fa,c3be067e-223a-592d-af84-63890b559f03,6c9f8691-42d6-582a-975f-000917364916,father,true
e74a8b59-8d0a-54dd-a31c-7e40b1834a9e,9341cf1e-f77b-5e4a-abbe-6a72f8c4a2fa,dbc27daa-97d1-573d-a3b0-b3b0a5e5dee7,839f9875-8808-5eac-bac9-ab399c9f2dc9,guardian,true
2c844d84-916d-5df2-a9ae-4920ba4b46b2,9341cf1e-f77b-5e4a-abbe-6a72f8c4a2fa,7a100daf-0f52-519e-aa97-e7eaab54dffe,2ae6800b-fa91-5166-ae64-ba72ea34bb2e,mother,true
fcdc12ed-923e-5e33-999a-5a1203410c80,9341cf1e-f77b-5e4a-abbe-6a72f8c4a2fa,f0ca1368-4c17-5078-aebb-794b609f5616,929d562b-e3db-57c6-86b7-a2e012f2289b,mother,true
8bee23a1-724c-543b-b0f5-fc57b14ef065,9341cf1e-f77b-5e4a-abbe-6a72f8c4a2fa,fe3ea7fa-a8fd-51ba-80d2-ab5757159f3e,a9487b57-63fe-5559-9f5d-0f39cb61c6f9,mother,true
7aa6c87a-67bc-5f5a-ad80-bb91fc3e1865,9341cf1e-f77b-5e4a-abbe-6a72f8c4a2fa,beaa7a37-08e0-5471-98d7-374a1b8d0c4c,42e4b69b-f7f6-58e1-9df6-00c152bab406,father,true
63a1db41-ad9b-5aeb-a38c-e9595be3221b,9341cf1e-f77b-5e4a-abbe-6a72f8c4a2fa,92fff807-151c-5002-98b6-cb16b359f1c4,12113125-f8c6-5700-9088-b604b0d37671,guardian,true
ca1acb3b-21e5-5c23-8ad7-a095632462d4,9341cf1e-f77b-5e4a-abbe-6a72f8c4a2fa,ab68d635-2cd1-5d0c-b120-4a72354022f4,7abd3986-1964-564c-9c1d-cf9abe9fd9b4,guardian,true
0472c2ac-a2c3-5345-876c-ec0486691f49,9341cf1e-f77b-5e4a-abbe-6a72f8c4a2fa,f9f70cd5-f79c-53b5-9e30-b3cc693ea253,bffd5335-2432-51f2-a40b-c27cf884c9b3,guardian,true
c66b9f07-9383-5485-940c-5c1b4fb45200,9341cf1e-f77b-5e4a-abbe-6a72f8c4a2fa,cb50cba8-208c-52ee-a97e-c075448f6d4f,50852bc0-2cea-52f7-9602-418b2045ee00,guardian,true
c5a2721d-988f-51b9-9ab4-dd4b46e09979,f2856ae5-c561-5f69-8db8-0495481bb2b0,0cff5f4c-59ec-50cd-b043-0d79c794927e,4e34de24-cc0c-548b-8fc7-446a48da3344,father,true
5668b23e-b186-53d7-9152-0a42b7792146,f2856ae5-c561-5f69-8db8-0495481bb2b0,ccd2b235-1eda-595c-a3f9-546ed035a0a9,c1ec2ac3-6c79-5f1b-9ad7-a14c409de11a,guardian,true
3d8c3704-17d7-5f04-a5ca-8361b10d991d,f2856ae5-c561-5f69-8db8-0495481bb2b0,66ad69bf-4b75-52d6-8118-8df8da659047,e59e2116-e21f-525c-a37e-4cdbcdda7abc,guardian,true
99b0049b-674d-58df-a7cb-8f5bb9dfbcf2,f2856ae5-c561-5f69-8db8-0495481bb2b0,38a09c45-a2be-5d26-8750-f05f3a75a1dd,227e3346-2838-5769-80cb-eb94fbdd12ac,mother,true
40b24a1e-3bbc-52d6-ab7f-117700abdd1f,f2856ae5-c561-5f69-8db8-0495481bb2b0,575b984b-eff8-55d7-a298-5245c793a489,9ac510af-7012-515e-bdc7-425b183256e3,mother,true
0217553b-93d4-5a46-8ea9-4cd9ccae9147,f2856ae5-c561-5f69-8db8-0495481bb2b0,d6dcca84-16c6-5ab3-a8f0-c1dfe738169b,e0a9a5aa-ab80-5b4a-9c30-39e99399f6ad,mother,true
26922153-749e-5c26-bb1b-38dea056fac2,f2856ae5-c561-5f69-8db8-0495481bb2b0,6c8d524b-4c13-5e28-881c-2c071804a9cd,3e47a610-00e1-51b7-aa62-81e03da6467b,mother,true
18643b74-0ecb-5674-8fb3-8d7f989fad93,f2856ae5-c561-5f69-8db8-0495481bb2b0,66832c8c-ac23-5cd0-8b3a-85fe33191099,59ada0e5-7642-5e21-a2ce-5463e66ae1d7,guardian,true
155ae89b-15da-5150-beb3-faf481817e04,f2856ae5-c561-5f69-8db8-0495481bb2b0,d79fd12c-b0bc-5921-807f-e93b1ae9e1c8,e8caf317-9fae-5584-abbe-2afd4450ae8e,guardian,true
89921a16-fddd-5c72-aa08-60b03d957844,f2856ae5-c561-5f69-8db8-0495481bb2b0,24d733be-8874-500d-87d0-e34f6021b8d2,be501e18-dd45-59c0-a7d5-fbff3616b4c2,mother,true
4fb4a466-6f50-58a6-bb76-6717108f4263,f2856ae5-c561-5f69-8db8-0495481bb2b0,7fd9ea11-8890-5a96-9b12-887dfa747317,2a4bd4d9-05aa-538c-8671-4b7228e4ba0a,father,true
d6a5c01d-0ba8-579c-a1de-3a077d261511,f2856ae5-c561-5f69-8db8-0495481bb2b0,268a88e0-f5cc-5893-b4c8-95487f0a414e,9379bbfc-266d-523d-a575-269f219740c9,father,true
79053d01-b711-51e3-a1ea-c5da43a317c3,f2856ae5-c561-5f69-8db8-0495481bb2b0,f4eba392-ea19-5461-8060-4d48a321d9bb,70f4e5c9-005c-553c-b898-0447a357a824,father,true
018dc2a7-f11a-53f9-ba0b-6ee48cc6a96a,f2856ae5-c561-5f69-8db8-0495481bb2b0,5804d878-ef07-592f-9a20-06d348227733,8977fc46-9e89-5813-9ad3-e4bd3d07db92,father,true
21c14723-a70e-5bfc-9561-39aaaba850e3,f2856ae5-c561-5f69-8db8-0495481bb2b0,e6605eb7-d352-53b6-8b95-e3ccd520b412,946b4a2b-350d-59be-88be-64ab1077ad5c,father,true
4d0a3d7e-5394-5dc4-a526-6db148eeff95,f2856ae5-c561-5f69-8db8-0495481bb2b0,428d33ff-15d7-5d2b-a7d8-7cb422d50b73,d07cbcaa-3ba6-5f6c-af2a-8d49ad58466c,mother,true
e2118121-6f30-5f53-b4a6-dcdf880f224b,f2856ae5-c561-5f69-8db8-0495481bb2b0,c6658dc8-6a29-5f2b-93a3-53012761c65f,9b544fe7-df80-549c-8a96-cb63f1db7f46,guardian,true
ef88383a-f52f-5823-a758-137d77a96f9c,f2856ae5-c561-5f69-8db8-0495481bb2b0,061faaca-590b-503b-9f14-afd0a43c15c2,0bc28785-3ef1-5afd-a248-19f74cedfa03,guardian,true
1d6b7862-b970-57d7-a657-f38d4bfd71ec,f2856ae5-c561-5f69-8db8-0495481bb2b0,9423f61f-69cb-5dec-9cf9-81964773e29b,be141aac-7f0b-5a92-8af9-ff22621cb81c,mother,true
a777b287-8816-530e-92fd-f73f45c63ed0,f2856ae5-c561-5f69-8db8-0495481bb2b0,eaf22e12-132f-5407-b498-3733a2afecc1,224c6355-2d06-59b0-936f-24e0e5919528,guardian,true
3ccbfc29-ff77-57c2-a184-24b01599726c,f2856ae5-c561-5f69-8db8-0495481bb2b0,0cff5f4c-59ec-50cd-b043-0d79c794927e,60d3759d-a5cd-5d71-8405-ee9f2a304554,father,true
fad16672-2c77-5092-a96e-222b7e1f8100,f2856ae5-c561-5f69-8db8-0495481bb2b0,ccd2b235-1eda-595c-a3f9-546ed035a0a9,7807fc7e-4132-5a27-9fc4-9f73a0791c76,guardian,true
d919dd55-55ef-5e41-b645-756d8a7c7c27,f2856ae5-c561-5f69-8db8-0495481bb2b0,66ad69bf-4b75-52d6-8118-8df8da659047,d4d98332-9d0d-5c19-8d00-7de08ef91e7c,guardian,true
ddd6c071-609e-5750-b707-a821b2f8e1e6,f2856ae5-c561-5f69-8db8-0495481bb2b0,38a09c45-a2be-5d26-8750-f05f3a75a1dd,8e16cf36-af1a-5448-9de3-9394bc48a0e8,mother,true
4c3d97b6-c2a7-5e85-b8c9-7b152ed59e1d,f2856ae5-c561-5f69-8db8-0495481bb2b0,575b984b-eff8-55d7-a298-5245c793a489,ff6683ed-157b-5c66-9795-c4b04d2c7c41,mother,true
f6d2df35-9c26-5e77-8b5c-814de603b54f,f2856ae5-c561-5f69-8db8-0495481bb2b0,fddd41c7-5407-513a-a058-5ffad95b29e1,a83a9e86-5270-54cd-9550-b2c5fb4f1640,guardian,true
4b1b530e-8c9d-53a4-9d8d-9cbde31636d3,f2856ae5-c561-5f69-8db8-0495481bb2b0,e90d1209-8231-50e3-b429-94641e49cc33,b5154b9b-acdd-5023-9c2d-3f08409fd279,mother,true
d3733837-f33c-52b4-b941-abb29ffd10af,f2856ae5-c561-5f69-8db8-0495481bb2b0,fc26e7d8-bd7e-5bb2-9e48-5fad08315cfd,32b80539-03e2-5d3a-a471-63385b643fff,father,true
96d085c3-4e6b-5d65-b099-ff8bdd3122ab,f2856ae5-c561-5f69-8db8-0495481bb2b0,cc0d4dcb-3a8a-5c22-96fe-743b6c152bad,b269e9fe-7349-5886-9445-b38303487f65,father,true
3c76df8f-de08-5a26-9022-aa915c8a61a5,f2856ae5-c561-5f69-8db8-0495481bb2b0,b2121aed-0517-543d-abd9-97ccd994227a,cea7d68c-afe3-5c5c-86a2-a66dee9e8aa8,mother,true
