id,school_id,learner_number,first_name,last_name,date_of_birth,sex,status,user_id,admission_date,created_at
97478224-2ce8-5b0f-88b4-b80d6635a840,9341cf1e-f77b-5e4a-abbe-6a72f8c4a2fa,MSH260001,Tawanda,Kanyemba,2012-02-13,M,active,4a2ade53-4985-5778-89fc-24e011544cc1,2026-01-13,2026-01-06T08:00:00Z
2ebca35f-d7ff-55d4-9b85-323059655f50,9341cf1e-f77b-5e4a-abbe-6a72f8c4a2fa,MSH260002,Tinashe,Chivasa,2012-09-26,M,active,,2026-01-13,2026-01-06T08:00:00Z
eab5002a-1fb1-53ec-925f-bfd5f43fe335,9341cf1e-f77b-5e4a-abbe-6a72f8c4a2fa,MSH260003,Elton,Gwara,2012-07-19,M,active,,2026-01-13,2026-01-06T08:00:00Z
7ea23e89-ac20-5e39-94e1-e863c6a9ba27,9341cf1e-f77b-5e4a-abbe-6a72f8c4a2fa,MSH260004,Mufaro,Manyika,2011-10-08,M,active,,2026-01-13,2026-01-06T08:00:00Z
dbebc2b2-6764-58fd-80dc-b6588fbad464,9341cf1e-f77b-5e4a-abbe-6a72f8c4a2fa,MSH260005,Rutendo,Mutsvangwa,2011-12-20,F,active,,2026-01-13,2026-01-06T08:00:00Z
ca6dd76b-33da-556b-9615-f93b85f1efe1,9341cf1e-f77b-5e4a-abbe-6a72f8c4a2fa,MSH260006,Simbarashe,Masuku,2011-08-08,M,active,,2026-01-13,2026-01-06T08:00:00Z
77e75cdf-7643-52d0-aebe-c795efc05464,9341cf1e-f77b-5e4a-abbe-6a72f8c4a2fa,MSH260007,Tadiwa,Rusike,2012-12-18,F,active,,2026-01-13,2026-01-06T08:00:00Z
5df8830c-6f1b-5c79-a4ac-f4222d874e8d,9341cf1e-f77b-5e4a-abbe-6a72f8c4a2fa,MSH260008,Nigel,Chitiyo,2012-11-10,M,active,,2026-01-13,2026-01-06T08:00:00Z
5de87ceb-d8f5-5701-aaae-4c3b67b4b7bd,9341cf1e-f77b-5e4a-abbe-6a72f8c4a2fa,MSH260009,Elton,Zhou,2012-04-10,M,active,,2026-01-13,2026-01-06T08:00:00Z
d1bb0099-5f95-5c87-937b-cbd5de5c5a54,9341cf1e-f77b-5e4a-abbe-6a72f8c4a2fa,MSH260010,Tafara,Mhlanga,2011-03-21,M,active,,2026-01-13,2026-01-06T08:00:00Z
e1027467-17ba-5894-9efc-dfedf58801ba,9341cf1e-f77b-5e4a-abbe-6a72f8c4a2fa,MSH260011,Mufaro,Mpofu,2012-06-07,M,active,,2026-01-13,2026-01-06T08:00:00Z
14cfd6cd-2dc6-555b-86dd-703559c66c3f,9341cf1e-f77b-5e4a-abbe-6a72f8c4a2fa,MSH260012,Simbarashe,Mavhunga,2012-09-25,M,active,,2026-01-13,2026-01-06T08:00:00Z
39112046-6f6d-5006-957d-40f8b65d2715,9341cf1e-f77b-5e4a-abbe-6a72f8c4a2fa,MSH260013,Denzel,Nyathi,2011-05-11,M,active,,2026-01-13,2026-01-06T08:00:00Z
db0c6dea-4a6c-5e72-87e1-2739346e0cf7,9341cf1e-f77b-5e4a-abbe-6a72f8c4a2fa,MSH260014,Tinashe,Mahachi,2012-12-23,M,active,,2026-01-13,2026-01-06T08:00:00Z
be9f5256-4443-59ef-8a8f-d0d1ff1d32f7,9341cf1e-f77b-5e4a-abbe-6a72f8c4a2fa,MSH260015,Tawanda,Bvute,2011-07-27,M,active,,2026-01-13,2026-01-06T08:00:00Z
ff780bbc-88d2-59f5-91f1-c4402001f8ea,9341cf1e-f77b-5e4a-abbe-6a72f8c4a2fa,MSH260016,Farai,Khumalo,2012-08-12,M,active,,2026-01-13,2026-01-06T08:00:00Z
63418809-71aa-552c-80e7-489de8375e8d,9341cf1e-f77b-5e4a-abbe-6a72f8c4a2fa,MSH260017,Shamiso,Mashiri,2012-03-15,F,active,,2026-01-13,2026-01-06T08:00:00Z
0372bcdc-37da-5211-b85c-9306c59189ce,9341cf1e-f77b-5e4a-abbe-6a72f8c4a2fa,MSH260018,Chiedza,Nhamo,2011-08-19,F,active,,2026-01-13,2026-01-06T08:00:00Z
d69fc09a-bddb-5cd5-93b9-1777c2f9995b,9341cf1e-f77b-5e4a-abbe-6a72f8c4a2fa,MSH260019,Shamiso,Mushonga,2011-02-20,F,active,,2026-01-13,2026-01-06T08:00:00Z
bd298c72-8451-5849-a031-8d526e579bf5,9341cf1e-f77b-5e4a-abbe-6a72f8c4a2fa,MSH260020,Lindiwe,Maposa,2012-11-25,F,active,,2026-01-13,2026-01-06T08:00:00Z
6c9f8691-42d6-582a-975f-000917364916,9341cf1e-f77b-5e4a-abbe-6a72f8c4a2fa,MSH260021,Munashe,Kanyemba,2010-06-22,M,active,,2026-01-13,2026-01-06T08:00:00Z
839f9875-8808-5eac-bac9-ab399c9f2dc9,9341cf1e-f77b-5e4a-abbe-6a72f8c4a2fa,MSH260022,Munashe,Chivasa,2010-08-19,M,active,,2026-01-13,2026-01-06T08:00:00Z
2ae6800b-fa91-5166-ae64-ba72ea34bb2e,9341cf1e-f77b-5e4a-abbe-6a72f8c4a2fa,MSH260023,Bertha,Gwara,2011-02-14,F,active,,2026-01-13,2026-01-06T08:00:00Z
929d562b-e3db-57c6-86b7-a2e012f2289b,9341cf1e-f77b-5e4a-abbe-6a72f8c4a2fa,MSH260024,Ruvimbo,Manyika,2011-09-14,F,active,,2026-01-13,2026-01-06T08:00:00Z
a9487b57-63fe-5559-9f5d-0f39cb61c6f9,9341cf1e-f77b-5e4a-abbe-6a72f8c4a2fa,MSH260025,Munashe,Mutsvangwa,2010-07-01,M,active,,2026-01-13,2026-01-06T08:00:00Z
42e4b69b-f7f6-58e1-9df6-00c152bab406,9341cf1e-f77b-5e4a-abbe-6a72f8c4a2fa,MSH260026,Ropafadzo,Hove,2010-01-27,F,active,,2026-01-13,2026-01-06T08:00:00Z
12113125-f8c6-5700-9088-b604b0d37671,9341cf1e-f77b-5e4a-abbe-6a72f8c4a2fa,MSH260027,Leeroy,Zulu,2010-01-17,M,active,,2026-01-13,2026-01-06T08:00:00Z
7abd3986-1964-564c-9c1d-cf9abe9fd9b4,9341cf1e-f77b-5e4a-abbe-6a72f8c4a2fa,MSH260028,Prince,Sithole,2011-08-11,M,active,,2026-01-13,2026-01-06T08:00:00Z
bffd5335-2432-51f2-a40b-c27cf884c9b3,9341cf1e-f77b-5e4a-abbe-6a72f8c4a2fa,MSH260029,Sandra,Mutema,2011-10-20,F,active,,2026-01-13,2026-01-06T08:00:00Z
50852bc0-2cea-52f7-9602-418b2045ee00,9341cf1e-f77b-5e4a-abbe-6a72f8c4a2fa,MSH260030,Ruvimbo,Musarurwa,2010-07-20,F,active,,2026-01-13,2026-01-06T08:00:00Z
4e34de24-cc0c-548b-8fc7-446a48da3344,f2856ae5-c561-5f69-8db8-0495481bb2b0,KDP260001,Tsitsi,Tagwireyi,2015-12-24,F,active,98b0882d-e483-5e6a-a63a-2740351c7645,2026-01-13,2026-01-06T08:00:00Z
c1ec2ac3-6c79-5f1b-9ad7-a14c409de11a,f2856ae5-c561-5f69-8db8-0495481bb2b0,KDP260002,Munashe,Mukono,2015-01-24,M,active,,2026-01-13,2026-01-06T08:00:00Z
e59e2116-e21f-525c-a37e-4cdbcdda7abc,f2856ae5-c561-5f69-8db8-0495481bb2b0,KDP260003,Munashe,Machingura,2016-03-17,M,active,,2026-01-13,2026-01-06T08:00:00Z
227e3346-2838-5769-80cb-eb94fbdd12ac,f2856ae5-c561-5f69-8db8-0495481bb2b0,KDP260004,Tadiwa,Nyamande,2015-11-26,F,active,,2026-01-13,2026-01-06T08:00:00Z
9ac510af-7012-515e-bdc7-425b183256e3,f2856ae5-c561-5f69-8db8-0495481bb2b0,KDP260005,Takudzwa,Banda,2016-01-21,M,active,,2026-01-13,2026-01-06T08:00:00Z
e0a9a5aa-ab80-5b4a-9c30-39e99399f6ad,f2856ae5-c561-5f69-8db8-0495481bb2b0,KDP260006,Lindiwe,Chipunza,2016-01-10,F,active,,2026-01-13,2026-01-06T08:00:00Z
3e47a610-00e1-51b7-aa62-81e03da6467b,f2856ae5-c561-5f69-8db8-0495481bb2b0,KDP260007,Precious,Mandaza,2015-08-18,F,active,,2026-01-13,2026-01-06T08:00:00Z
59ada0e5-7642-5e21-a2ce-5463e66ae1d7,f2856ae5-c561-5f69-8db8-0495481bb2b0,KDP260008,Vimbai,Mashingaidze,2015-04-24,F,active,,2026-01-13,2026-01-06T08:00:00Z
e8caf317-9fae-5584-abbe-2afd4450ae8e,f2856ae5-c561-5f69-8db8-0495481bb2b0,KDP260009,Precious,Marufu,2015-07-19,F,active,,2026-01-13,2026-01-06T08:00:00Z
be501e18-dd45-59c0-a7d5-fbff3616b4c2,f2856ae5-c561-5f69-8db8-0495481bb2b0,KDP260010,Denzel,Makoni,2015-11-16,M,active,,2026-01-13,2026-01-06T08:00:00Z
2a4bd4d9-05aa-538c-8671-4b7228e4ba0a,f2856ae5-c561-5f69-8db8-0495481bb2b0,KDP260011,Tadiwa,Chinembiri,2016-12-02,F,active,,2026-01-13,2026-01-06T08:00:00Z
9379bbfc-266d-523d-a575-269f219740c9,f2856ae5-c561-5f69-8db8-0495481bb2b0,KDP260012,Vimbai,Madziva,2016-11-04,F,active,,2026-01-13,2026-01-06T08:00:00Z
70f4e5c9-005c-553c-b898-0447a357a824,f2856ae5-c561-5f69-8db8-0495481bb2b0,KDP260013,Vimbai,Matsika,2015-09-12,F,active,,2026-01-13,2026-01-06T08:00:00Z
8977fc46-9e89-5813-9ad3-e4bd3d07db92,f2856ae5-c561-5f69-8db8-0495481bb2b0,KDP260014,Takudzwa,Zvobgo,2016-01-01,M,active,,2026-01-13,2026-01-06T08:00:00Z
946b4a2b-350d-59be-88be-64ab1077ad5c,f2856ae5-c561-5f69-8db8-0495481bb2b0,KDP260015,Ruvimbo,Murwira,2015-09-13,F,active,,2026-01-13,2026-01-06T08:00:00Z
d07cbcaa-3ba6-5f6c-af2a-8d49ad58466c,f2856ae5-c561-5f69-8db8-0495481bb2b0,KDP260016,Prince,Mangwende,2015-05-08,M,active,,2026-01-13,2026-01-06T08:00:00Z
9b544fe7-df80-549c-8a96-cb63f1db7f46,f2856ae5-c561-5f69-8db8-0495481bb2b0,KDP260017,Sandra,Chari,2016-07-28,F,active,,2026-01-13,2026-01-06T08:00:00Z
0bc28785-3ef1-5afd-a248-19f74cedfa03,f2856ae5-c561-5f69-8db8-0495481bb2b0,KDP260018,Prince,Mabika,2015-02-07,M,active,,2026-01-13,2026-01-06T08:00:00Z
be141aac-7f0b-5a92-8af9-ff22621cb81c,f2856ae5-c561-5f69-8db8-0495481bb2b0,KDP260019,Tinashe,Mazarura,2015-12-23,M,active,,2026-01-13,2026-01-06T08:00:00Z
224c6355-2d06-59b0-936f-24e0e5919528,f2856ae5-c561-5f69-8db8-0495481bb2b0,KDP260020,Nokutenda,Mawire,2015-12-16,F,active,,2026-01-13,2026-01-06T08:00:00Z
60d3759d-a5cd-5d71-8405-ee9f2a304554,f2856ae5-c561-5f69-8db8-0495481bb2b0,KDP260021,Sandra,Tagwireyi,2014-11-04,F,active,,2026-01-13,2026-01-06T08:00:00Z
7807fc7e-4132-5a27-9fc4-9f73a0791c76,f2856ae5-c561-5f69-8db8-0495481bb2b0,KDP260022,Sharon,Mukono,2014-04-21,F,active,,2026-01-13,2026-01-06T08:00:00Z
d4d98332-9d0d-5c19-8d00-7de08ef91e7c,f2856ae5-c561-5f69-8db8-0495481bb2b0,KDP260023,Farai,Machingura,2015-06-18,M,active,,2026-01-13,2026-01-06T08:00:00Z
8e16cf36-af1a-5448-9de3-9394bc48a0e8,f2856ae5-c561-5f69-8db8-0495481bb2b0,KDP260024,Takudzwa,Nyamande,2015-09-01,M,active,,2026-01-13,2026-01-06T08:00:00Z
ff6683ed-157b-5c66-9795-c4b04d2c7c41,f2856ae5-c561-5f69-8db8-0495481bb2b0,KDP260025,Precious,Banda,2015-04-04,F,active,,2026-01-13,2026-01-06T08:00:00Z
a83a9e86-5270-54cd-9550-b2c5fb4f1640,f2856ae5-c561-5f69-8db8-0495481bb2b0,KDP260026,Farai,Muzenda,2014-04-21,M,active,,2026-01-13,2026-01-06T08:00:00Z
b5154b9b-acdd-5023-9c2d-3f08409fd279,f2856ae5-c561-5f69-8db8-0495481bb2b0,KDP260027,Ruvimbo,Chigumba,2014-06-01,F,active,,2026-01-13,2026-01-06T08:00:00Z
32b80539-03e2-5d3a-a471-63385b643fff,f2856ae5-c561-5f69-8db8-0495481bb2b0,KDP260028,Vimbai,Mtetwa,2015-03-01,F,active,,2026-01-13,2026-01-06T08:00:00Z
b269e9fe-7349-5886-9445-b38303487f65,f2856ae5-c561-5f69-8db8-0495481bb2b0,KDP260029,Tinashe,Gombakomba,2014-05-18,M,active,,2026-01-13,2026-01-06T08:00:00Z
cea7d68c-afe3-5c5c-86a2-a66dee9e8aa8,f2856ae5-c561-5f69-8db8-0495481bb2b0,KDP260030,Sharon,Chidzikwe,2014-09-07,F,active,,2026-01-13,2026-01-06T08:00:00Z
