id,school_id,user_id,role,status,created_at
604f4269-f5bd-59e4-bb95-988ede49bb72,9341cf1e-f77b-5e4a-abbe-6a72f8c4a2fa,b3ac79e9-cba5-5ec6-b88f-e31fa513b51c,school_admin,active,2026-01-06T08:00:00Z
5eb7c02e-87f9-5547-8a67-30af9ac032a4,9341cf1e-f77b-5e4a-abbe-6a72f8c4a2fa,1cb3e40f-43a9-5096-862c-48bf20b9b306,head,active,2026-01-06T08:00:00Z
dc12ae82-cd00-5432-993b-3a1193783845,9341cf1e-f77b-5e4a-abbe-6a72f8c4a2fa,d0f5a97f-ad85-5433-8e7a-67a79da066d3,hod,active,2026-01-06T08:00:00Z
2a7e2b04-ce96-55bf-9a2c-a0a544f34245,9341cf1e-f77b-5e4a-abbe-6a72f8c4a2fa,0a9cf731-8101-5c94-8f1a-993db8f3bb9e,teacher,active,2026-01-06T08:00:00Z
06ce40ca-cde4-59b8-9be3-f2e7445bac5e,9341cf1e-f77b-5e4a-abbe-6a72f8c4a2fa,ea1ece68-bc07-53fd-ab08-d1c2b4a4002c,teacher,active,2026-01-06T08:00:00Z
209f159c-0133-556f-8b70-9be78739cd2f,9341cf1e-f77b-5e4a-abbe-6a72f8c4a2fa,6ad65213-e90f-5f74-ae79-ce3505408a84,teacher,active,2026-01-06T08:00:00Z
cf3ae006-71e2-5b29-bfd9-cf9bac1a86c1,9341cf1e-f77b-5e4a-abbe-6a72f8c4a2fa,cccdf135-6895-5e96-b2f4-e0c94b2971a0,hod,active,2026-01-06T08:00:00Z
fa4ee435-fd5a-5e87-935c-6d48647d7729,9341cf1e-f77b-5e4a-abbe-6a72f8c4a2fa,9a7606a0-33db-5faa-9d93-a634e51b2733,teacher,active,2026-01-06T08:00:00Z
5c6a65a3-f232-57c8-b1be-6dceedaafd21,9341cf1e-f77b-5e4a-abbe-6a72f8c4a2fa,adbc96ac-0567-5b6b-9ca1-b7b285463f9c,teacher,active,2026-01-06T08:00:00Z
be3431f9-5d4e-5d85-9fc1-43ef56c75bcb,9341cf1e-f77b-5e4a-abbe-6a72f8c4a2fa,41b489ac-92f6-5fc0-8bce-c587a1d85417,teacher,active,2026-01-06T08:00:00Z
4602b58d-1b4b-5cee-8114-647362b04be7,9341cf1e-f77b-5e4a-abbe-6a72f8c4a2fa,4a2ade53-4985-5778-89fc-24e011544cc1,learner,active,2026-01-06T08:00:00Z
374d118d-a510-554d-83f0-bdcc959ec3f7,9341cf1e-f77b-5e4a-abbe-6a72f8c4a2fa,152f836f-b5ce-59e6-9caf-6312cb97cd25,parent,active,2026-01-06T08:00:00Z
6233653f-2286-5e90-b75d-994df8107455,9341cf1e-f77b-5e4a-abbe-6a72f8c4a2fa,1af0d8fe-5129-5e02-baa7-e1e2a4c22fa9,parent,active,2026-01-06T08:00:00Z
7e49e51f-4390-52ef-b9d4-410aedb40c23,f2856ae5-c561-5f69-8db8-0495481bb2b0,decc154d-d1c1-531a-8a67-b77a2a50b88f,school_admin,active,2026-01-06T08:00:00Z
3d36098b-9d54-5e2a-b815-26bae6dbfa71,f2856ae5-c561-5f69-8db8-0495481bb2b0,14620dad-0473-5e7b-8ef8-905588d239ff,head,active,2026-01-06T08:00:00Z
cde4586e-6264-5dc0-baf5-6705cd38d610,f2856ae5-c561-5f69-8db8-0495481bb2b0,dfb065b7-3d6a-5b09-a264-a62ac71acb6b,teacher,active,2026-01-06T08:00:00Z
00ee3139-cd49-53a6-bb5b-7053c78a7659,f2856ae5-c561-5f69-8db8-0495481bb2b0,2fcc7551-8195-5661-abb4-00763cf1253e,teacher,active,2026-01-06T08:00:00Z
589b275f-064e-5d3c-9eb1-24dd51aa5333,f2856ae5-c561-5f69-8db8-0495481bb2b0,cdc27f92-2037-5191-bdf4-6c262b1949de,teacher,active,2026-01-06T08:00:00Z
39eb0247-867e-5bcb-b024-cec6ae54d6f2,f2856ae5-c561-5f69-8db8-0495481bb2b0,72fa82de-09c5-522c-bbba-f0a09021a696,teacher,active,2026-01-06T08:00:00Z
a412bce5-43fa-5679-af39-5ce2a4583877,f2856ae5-c561-5f69-8db8-0495481bb2b0,98b0882d-e483-5e6a-a63a-2740351c7645,learner,active,2026-01-06T08:00:00Z
7583f9be-6117-57f7-a55c-278d782def05,f2856ae5-c561-5f69-8db8-0495481bb2b0,d8214582-dda2-53cf-a29d-9d5692765ad3,parent,active,2026-01-06T08:00:00Z
03f5dbd5-d049-5a13-8a56-6c7af88d7b77,f2856ae5-c561-5f69-8db8-0495481bb2b0,799b3076-a365-5359-a017-91ff7af9a28d,parent,active,2026-01-06T08:00:00Z
