id,full_name,email,phone,created_at
0ccc51e0-39e5-5ee1-b9bf-be2d9228a4a4,Platform Admin,platform@demo.spportal.test,,2026-01-05T08:00:00Z
b3ac79e9-cba5-5ec6-b88f-e31fa513b51c,Grace Tembo,gtembo@msasa.demo.spportal.test,,2026-01-06T08:00:00Z
1cb3e40f-43a9-5096-862c-48bf20b9b306,Patrick Zimunya,pzimu@msasa.demo.spportal.test,,2026-01-06T08:00:00Z
d0f5a97f-ad85-5433-8e7a-67a79da066d3,Tendai Moyo,tmoyo@msasa.demo.spportal.test,,2026-01-06T08:00:00Z
0a9cf731-8101-5c94-8f1a-993db8f3bb9e,Rudo Chikwanha,rchik@msasa.demo.spportal.test,,2026-01-06T08:00:00Z
ea1ece68-bc07-53fd-ab08-d1c2b4a4002c,Farai Ncube,fncube@msasa.demo.spportal.test,,2026-01-06T08:00:00Z
6ad65213-e90f-5f74-ae79-ce3505408a84,Blessing Dube,bdube@msasa.demo.spportal.test,,2026-01-06T08:00:00Z
cccdf135-6895-5e96-b2f4-e0c94b2971a0,Nyasha Sibanda,nsib@msasa.demo.spportal.test,,2026-01-06T08:00:00Z
9a7606a0-33db-5faa-9d93-a634e51b2733,Tapiwa Mutasa,tmut@msasa.demo.spportal.test,,2026-01-06T08:00:00Z
adbc96ac-0567-5b6b-9ca1-b7b285463f9c,Chipo Mlambo,cmlam@msasa.demo.spportal.test,,2026-01-06T08:00:00Z
41b489ac-92f6-5fc0-8bce-c587a1d85417,Simba Ndlovu,sndlo@msasa.demo.spportal.test,,2026-01-06T08:00:00Z
4a2ade53-4985-5778-89fc-24e011544cc1,Tawanda Kanyemba,msh260001@msasa.demo.spportal.test,,2026-01-06T08:00:00Z
152f836f-b5ce-59e6-9caf-6312cb97cd25,Guardian of Kanyemba family,parent0@msasa.demo.spportal.test,,2026-01-06T08:00:00Z
1af0d8fe-5129-5e02-baa7-e1e2a4c22fa9,Guardian of Masuku family,parent5@msasa.demo.spportal.test,,2026-01-06T08:00:00Z
decc154d-d1c1-531a-8a67-b77a2a50b88f,Shamiso Gumbo,sgumbo@kudzai.demo.spportal.test,,2026-01-06T08:00:00Z
14620dad-0473-5e7b-8ef8-905588d239ff,Ronald Chirwa,rchirw@kudzai.demo.spportal.test,,2026-01-06T08:00:00Z
dfb065b7-3d6a-5b09-a264-a62ac71acb6b,Loveness Mapfumo,lmapf@kudzai.demo.spportal.test,,2026-01-06T08:00:00Z
2fcc7551-8195-5661-abb4-00763cf1253e,Ephraim Tshuma,etshu@kudzai.demo.spportal.test,,2026-01-06T08:00:00Z
cdc27f92-2037-5191-bdf4-6c262b1949de,Charity Ruzvidzo,cruzv@kudzai.demo.spportal.test,,2026-01-06T08:00:00Z
72fa82de-09c5-522c-bbba-f0a09021a696,Joseph Marimo,jmari@kudzai.demo.spportal.test,,2026-01-06T08:00:00Z
98b0882d-e483-5e6a-a63a-2740351c7645,Tsitsi Tagwireyi,kdp260001@kudzai.demo.spportal.test,,2026-01-06T08:00:00Z
d8214582-dda2-53cf-a29d-9d5692765ad3,Guardian of Tagwireyi family,parent0@kudzai.demo.spportal.test,,2026-01-06T08:00:00Z
799b3076-a365-5359-a017-91ff7af9a28d,Guardian of Chipunza family,parent5@kudzai.demo.spportal.test,,2026-01-06T08:00:00Z
